chunk_id,doc_id,manifest_title,raw_filename,char_length,substring_match_type,heading_path_root_match,title_mismatch_flag,integrity_status
doc001#c001,doc001,中华人民共和国食品安全法,中华人民共和国食品安全法.txt,280,VERBATIM_EXACT,True,False,VERIFIED_PASS
doc001#c002,doc001,中华人民共和国食品安全法,中华人民共和国食品安全法.txt,6,VERBATIM_EXACT,True,False,VERIFIED_PASS
doc001#c003,doc001,中华人民共和国食品安全法,中华人民共和国食品安全法.txt,32,VERBATIM_EXACT,True,False,VERIFIED_PASS
doc001#c004,doc001,中华人民共和国食品安全法,中华人民共和国食品安全法.txt,319,VERBATIM_EXACT,True,False,VERIFIED_PASS
doc001#c005,doc001,中华人民共和国食品安全法,中华人民共和国食品安全法.txt,47,VERBATIM_EXACT,True,False,VERIFIED_PASS
doc001#c006,doc001,中华人民共和国食品安全法,中华人民共和国食品安全法.txt,93,VERBATIM_EXACT,True,False,VERIFIED_PASS
doc001#c007,doc001,中华人民共和国食品安全法,中华人民共和国食品安全法.txt,177,VERBATIM_EXACT,True,False,VERIFIED_PASS
doc001#c008,doc001,中华人民共和国食品安全法,中华人民共和国食品安全法.txt,220,VERBATIM_EXACT,True,False,VERIFIED_PASS
doc001#c009,doc001,中华人民共和国食品安全法,中华人民共和国食品安全法.txt,114,VERBATIM_EXACT,True,False,VERIFIED_PASS
doc001#c010,doc001,中华人民共和国食品安全法,中华人民共和国食品安全法.txt,143,VERBATIM_EXACT,True,False,VERIFIED_PASS
doc001#c011,doc001,中华人民共和国食品安全法,中华人民共和国食品安全法.txt,136,VERBATIM_EXACT,True,False,VERIFIED_PASS
doc001#c012,doc001,中华人民共和国食品安全法,中华人民共和国食品安全法.txt,185,VERBATIM_EXACT,True,False,VERIFIED_PASS
doc001#c013,doc001,中华人民共和国食品安全法,中华人民共和国食品安全法.txt,129,VERBATIM_EXACT,True,False,VERIFIED_PASS
doc001#c014,doc001,中华人民共和国食品安全法,中华人民共和国食品安全法.txt,61,VERBATIM_EXACT,True,False,VERIFIED_PASS
doc001#c015,doc001,中华人民共和国食品安全法,中华人民共和国食品安全法.txt,43,VERBATIM_EXACT,True,False,VERIFIED_PASS
doc001#c016,doc001,中华人民共和国食品安全法,中华人民共和国食品安全法.txt,15,VERBATIM_EXACT,True,False,VERIFIED_PASS
doc001#c017,doc001,中华人民共和国食品安全法,中华人民共和国食品安全法.txt,334,VERBATIM_EXACT,True,False,VERIFIED_PASS
doc001#c018,doc001,中华人民共和国食品安全法,中华人民共和国食品安全法.txt,159,VERBATIM_EXACT,True,False,VERIFIED_PASS
doc001#c019,doc001,中华人民共和国食品安全法,中华人民共和国食品安全法.txt,114,VERBATIM_EXACT,True,False,VERIFIED_PASS
doc001#c020,doc001,中华人民共和国食品安全法,中华人民共和国食品安全法.txt,279,VERBATIM_EXACT,True,False,VERIFIED_PASS
doc001#c021,doc001,中华人民共和国食品安全法,中华人民共和国食品安全法.txt,213,VERBATIM_EXACT,True,False,VERIFIED_PASS
doc001#c022,doc001,中华人民共和国食品安全法,中华人民共和国食品安全法.txt,152,VERBATIM_EXACT,True,False,VERIFIED_PASS
doc001#c023,doc001,中华人民共和国食品安全法,中华人民共和国食品安全法.txt,92,VERBATIM_EXACT,True,False,VERIFIED_PASS
doc001#c024,doc001,中华人民共和国食品安全法,中华人民共和国食品安全法.txt,210,VERBATIM_EXACT,True,False,VERIFIED_PASS
doc001#c025,doc001,中华人民共和国食品安全法,中华人民共和国食品安全法.txt,128,VERBATIM_EXACT,True,False,VERIFIED_PASS
doc001#c026,doc001,中华人民共和国食品安全法,中华人民共和国食品安全法.txt,142,VERBATIM_EXACT,True,False,VERIFIED_PASS
doc001#c027,doc001,中华人民共和国食品安全法,中华人民共和国食品安全法.txt,10,VERBATIM_EXACT,True,False,VERIFIED_PASS
doc001#c028,doc001,中华人民共和国食品安全法,中华人民共和国食品安全法.txt,42,VERBATIM_EXACT,True,False,VERIFIED_PASS
doc001#c029,doc001,中华人民共和国食品安全法,中华人民共和国食品安全法.txt,44,VERBATIM_EXACT,True,False,VERIFIED_PASS
doc001#c030,doc001,中华人民共和国食品安全法,中华人民共和国食品安全法.txt,252,VERBATIM_EXACT,True,False,VERIFIED_PASS
doc001#c031,doc001,中华人民共和国食品安全法,中华人民共和国食品安全法.txt,164,VERBATIM_EXACT,True,False,VERIFIED_PASS
doc001#c032,doc001,中华人民共和国食品安全法,中华人民共和国食品安全法.txt,250,VERBATIM_EXACT,True,False,VERIFIED_PASS
doc001#c033,doc001,中华人民共和国食品安全法,中华人民共和国食品安全法.txt,96,VERBATIM_EXACT,True,False,VERIFIED_PASS
doc001#c034,doc001,中华人民共和国食品安全法,中华人民共和国食品安全法.txt,70,VERBATIM_EXACT,True,False,VERIFIED_PASS
doc001#c035,doc001,中华人民共和国食品安全法,中华人民共和国食品安全法.txt,114,VERBATIM_EXACT,True,False,VERIFIED_PASS
doc001#c036,doc001,中华人民共和国食品安全法,中华人民共和国食品安全法.txt,201,VERBATIM_EXACT,True,False,VERIFIED_PASS
doc001#c037,doc001,中华人民共和国食品安全法,中华人民共和国食品安全法.txt,10,VERBATIM_EXACT,True,False,VERIFIED_PASS
doc001#c038,doc001,中华人民共和国食品安全法,中华人民共和国食品安全法.txt,8,VERBATIM_EXACT,True,False,VERIFIED_PASS
doc001#c039,doc001,中华人民共和国食品安全法,中华人民共和国食品安全法.txt,666,VERBATIM_EXACT,True,False,VERIFIED_PASS
doc001#c040,doc001,中华人民共和国食品安全法,中华人民共和国食品安全法.txt,539,VERBATIM_EXACT,True,False,VERIFIED_PASS
doc001#c041,doc001,中华人民共和国食品安全法,中华人民共和国食品安全法.txt,202,VERBATIM_EXACT,True,False,VERIFIED_PASS
doc001#c042,doc001,中华人民共和国食品安全法,中华人民共和国食品安全法.txt,247,VERBATIM_EXACT,True,False,VERIFIED_PASS
doc001#c043,doc001,中华人民共和国食品安全法,中华人民共和国食品安全法.txt,140,VERBATIM_EXACT,True,False,VERIFIED_PASS
doc001#c044,doc001,中华人民共和国食品安全法,中华人民共和国食品安全法.txt,93,VERBATIM_EXACT,True,False,VERIFIED_PASS
doc001#c045,doc001,中华人民共和国食品安全法,中华人民共和国食品安全法.txt,134,VERBATIM_EXACT,True,False,VERIFIED_PASS
doc001#c046,doc001,中华人民共和国食品安全法,中华人民共和国食品安全法.txt,109,VERBATIM_EXACT,True,False,VERIFIED_PASS
doc001#c047,doc001,中华人民共和国食品安全法,中华人民共和国食品安全法.txt,118,VERBATIM_EXACT,True,False,VERIFIED_PASS
doc001#c048,doc001,中华人民共和国食品安全法,中华人民共和国食品安全法.txt,142,VERBATIM_EXACT,True,False,VERIFIED_PASS
doc001#c049,doc001,中华人民共和国食品安全法,中华人民共和国食品安全法.txt,62,VERBATIM_EXACT,True,False,VERIFIED_PASS
doc001#c050,doc001,中华人民共和国食品安全法,中华人民共和国食品安全法.txt,12,VERBATIM_EXACT,True,False,VERIFIED_PASS
doc001#c051,doc001,中华人民共和国食品安全法,中华人民共和国食品安全法.txt,216,VERBATIM_EXACT,True,False,VERIFIED_PASS
doc001#c052,doc001,中华人民共和国食品安全法,中华人民共和国食品安全法.txt,120,VERBATIM_EXACT,True,False,VERIFIED_PASS
doc001#c053,doc001,中华人民共和国食品安全法,中华人民共和国食品安全法.txt,134,VERBATIM_EXACT,True,False,VERIFIED_PASS
doc001#c054,doc001,中华人民共和国食品安全法,中华人民共和国食品安全法.txt,137,VERBATIM_EXACT,True,False,VERIFIED_PASS
doc001#c055,doc001,中华人民共和国食品安全法,中华人民共和国食品安全法.txt,175,VERBATIM_EXACT,True,False,VERIFIED_PASS
doc001#c056,doc001,中华人民共和国食品安全法,中华人民共和国食品安全法.txt,224,VERBATIM_EXACT,True,False,VERIFIED_PASS
doc001#c057,doc001,中华人民共和国食品安全法,中华人民共和国食品安全法.txt,273,VERBATIM_EXACT,True,False,VERIFIED_PASS
doc001#c058,doc001,中华人民共和国食品安全法,中华人民共和国食品安全法.txt,140,VERBATIM_EXACT,True,False,VERIFIED_PASS
doc001#c059,doc001,中华人民共和国食品安全法,中华人民共和国食品安全法.txt,75,VERBATIM_EXACT,True,False,VERIFIED_PASS
doc001#c060,doc001,中华人民共和国食品安全法,中华人民共和国食品安全法.txt,342,VERBATIM_EXACT,True,False,VERIFIED_PASS
doc001#c061,doc001,中华人民共和国食品安全法,中华人民共和国食品安全法.txt,112,VERBATIM_EXACT,True,False,VERIFIED_PASS
doc001#c062,doc001,中华人民共和国食品安全法,中华人民共和国食品安全法.txt,132,VERBATIM_EXACT,True,False,VERIFIED_PASS
doc001#c063,doc001,中华人民共和国食品安全法,中华人民共和国食品安全法.txt,147,VERBATIM_EXACT,True,False,VERIFIED_PASS
doc001#c064,doc001,中华人民共和国食品安全法,中华人民共和国食品安全法.txt,205,VERBATIM_EXACT,True,False,VERIFIED_PASS
doc001#c065,doc001,中华人民共和国食品安全法,中华人民共和国食品安全法.txt,181,VERBATIM_EXACT,True,False,VERIFIED_PASS
doc001#c066,doc001,中华人民共和国食品安全法,中华人民共和国食品安全法.txt,150,VERBATIM_EXACT,True,False,VERIFIED_PASS
doc001#c067,doc001,中华人民共和国食品安全法,中华人民共和国食品安全法.txt,135,VERBATIM_EXACT,True,False,VERIFIED_PASS
doc001#c068,doc001,中华人民共和国食品安全法,中华人民共和国食品安全法.txt,121,VERBATIM_EXACT,True,False,VERIFIED_PASS
doc001#c069,doc001,中华人民共和国食品安全法,中华人民共和国食品安全法.txt,163,VERBATIM_EXACT,True,False,VERIFIED_PASS
doc001#c070,doc001,中华人民共和国食品安全法,中华人民共和国食品安全法.txt,494,VERBATIM_EXACT,True,False,VERIFIED_PASS
doc001#c071,doc001,中华人民共和国食品安全法,中华人民共和国食品安全法.txt,111,VERBATIM_EXACT,True,False,VERIFIED_PASS
doc001#c072,doc001,中华人民共和国食品安全法,中华人民共和国食品安全法.txt,96,VERBATIM_EXACT,True,False,VERIFIED_PASS
doc001#c073,doc001,中华人民共和国食品安全法,中华人民共和国食品安全法.txt,72,VERBATIM_EXACT,True,False,VERIFIED_PASS
doc001#c074,doc001,中华人民共和国食品安全法,中华人民共和国食品安全法.txt,13,VERBATIM_EXACT,True,False,VERIFIED_PASS
doc001#c075,doc001,中华人民共和国食品安全法,中华人民共和国食品安全法.txt,241,VERBATIM_EXACT,True,False,VERIFIED_PASS
doc001#c076,doc001,中华人民共和国食品安全法,中华人民共和国食品安全法.txt,76,VERBATIM_EXACT,True,False,VERIFIED_PASS
doc001#c077,doc001,中华人民共和国食品安全法,中华人民共和国食品安全法.txt,26,VERBATIM_EXACT,True,False,VERIFIED_PASS
doc001#c078,doc001,中华人民共和国食品安全法,中华人民共和国食品安全法.txt,102,VERBATIM_EXACT,True,False,VERIFIED_PASS
doc001#c079,doc001,中华人民共和国食品安全法,中华人民共和国食品安全法.txt,145,VERBATIM_EXACT,True,False,VERIFIED_PASS
doc001#c080,doc001,中华人民共和国食品安全法,中华人民共和国食品安全法.txt,45,VERBATIM_EXACT,True,False,VERIFIED_PASS
doc001#c081,doc001,中华人民共和国食品安全法,中华人民共和国食品安全法.txt,161,VERBATIM_EXACT,True,False,VERIFIED_PASS
doc001#c082,doc001,中华人民共和国食品安全法,中华人民共和国食品安全法.txt,8,VERBATIM_EXACT,True,False,VERIFIED_PASS
doc001#c083,doc001,中华人民共和国食品安全法,中华人民共和国食品安全法.txt,46,VERBATIM_EXACT,True,False,VERIFIED_PASS
doc001#c084,doc001,中华人民共和国食品安全法,中华人民共和国食品安全法.txt,179,VERBATIM_EXACT,True,False,VERIFIED_PASS
doc001#c085,doc001,中华人民共和国食品安全法,中华人民共和国食品安全法.txt,171,VERBATIM_EXACT,True,False,VERIFIED_PASS
doc001#c086,doc001,中华人民共和国食品安全法,中华人民共和国食品安全法.txt,242,VERBATIM_EXACT,True,False,VERIFIED_PASS
doc001#c087,doc001,中华人民共和国食品安全法,中华人民共和国食品安全法.txt,119,VERBATIM_EXACT,True,False,VERIFIED_PASS
doc001#c088,doc001,中华人民共和国食品安全法,中华人民共和国食品安全法.txt,157,VERBATIM_EXACT,True,False,VERIFIED_PASS
doc001#c089,doc001,中华人民共和国食品安全法,中华人民共和国食品安全法.txt,137,VERBATIM_EXACT,True,False,VERIFIED_PASS
doc001#c090,doc001,中华人民共和国食品安全法,中华人民共和国食品安全法.txt,309,VERBATIM_EXACT,True,False,VERIFIED_PASS
doc001#c091,doc001,中华人民共和国食品安全法,中华人民共和国食品安全法.txt,192,VERBATIM_EXACT,True,False,VERIFIED_PASS
doc001#c092,doc001,中华人民共和国食品安全法,中华人民共和国食品安全法.txt,135,VERBATIM_EXACT,True,False,VERIFIED_PASS
doc001#c093,doc001,中华人民共和国食品安全法,中华人民共和国食品安全法.txt,8,VERBATIM_EXACT,True,False,VERIFIED_PASS
doc001#c094,doc001,中华人民共和国食品安全法,中华人民共和国食品安全法.txt,149,VERBATIM_EXACT,True,False,VERIFIED_PASS
doc001#c095,doc001,中华人民共和国食品安全法,中华人民共和国食品安全法.txt,110,VERBATIM_EXACT,True,False,VERIFIED_PASS
doc001#c096,doc001,中华人民共和国食品安全法,中华人民共和国食品安全法.txt,81,VERBATIM_EXACT,True,False,VERIFIED_PASS
doc001#c097,doc001,中华人民共和国食品安全法,中华人民共和国食品安全法.txt,129,VERBATIM_EXACT,True,False,VERIFIED_PASS
doc001#c098,doc001,中华人民共和国食品安全法,中华人民共和国食品安全法.txt,288,VERBATIM_EXACT,True,False,VERIFIED_PASS
doc001#c099,doc001,中华人民共和国食品安全法,中华人民共和国食品安全法.txt,110,VERBATIM_EXACT,True,False,VERIFIED_PASS
doc001#c100,doc001,中华人民共和国食品安全法,中华人民共和国食品安全法.txt,28,VERBATIM_EXACT,True,False,VERIFIED_PASS
doc001#c101,doc001,中华人民共和国食品安全法,中华人民共和国食品安全法.txt,9,VERBATIM_EXACT,True,False,VERIFIED_PASS
doc001#c102,doc001,中华人民共和国食品安全法,中华人民共和国食品安全法.txt,32,VERBATIM_EXACT,True,False,VERIFIED_PASS
doc001#c103,doc001,中华人民共和国食品安全法,中华人民共和国食品安全法.txt,128,VERBATIM_EXACT,True,False,VERIFIED_PASS
doc001#c104,doc001,中华人民共和国食品安全法,中华人民共和国食品安全法.txt,245,VERBATIM_EXACT,True,False,VERIFIED_PASS
doc001#c105,doc001,中华人民共和国食品安全法,中华人民共和国食品安全法.txt,206,VERBATIM_EXACT,True,False,VERIFIED_PASS
doc001#c106,doc001,中华人民共和国食品安全法,中华人民共和国食品安全法.txt,249,VERBATIM_EXACT,True,False,VERIFIED_PASS
doc001#c107,doc001,中华人民共和国食品安全法,中华人民共和国食品安全法.txt,208,VERBATIM_EXACT,True,False,VERIFIED_PASS
doc001#c108,doc001,中华人民共和国食品安全法,中华人民共和国食品安全法.txt,158,VERBATIM_EXACT,True,False,VERIFIED_PASS
doc001#c109,doc001,中华人民共和国食品安全法,中华人民共和国食品安全法.txt,133,VERBATIM_EXACT,True,False,VERIFIED_PASS
doc001#c110,doc001,中华人民共和国食品安全法,中华人民共和国食品安全法.txt,81,VERBATIM_EXACT,True,False,VERIFIED_PASS
doc001#c111,doc001,中华人民共和国食品安全法,中华人民共和国食品安全法.txt,380,VERBATIM_EXACT,True,False,VERIFIED_PASS
doc001#c112,doc001,中华人民共和国食品安全法,中华人民共和国食品安全法.txt,1056,VERBATIM_EXACT,True,False,VERIFIED_PASS
doc001#c113,doc001,中华人民共和国食品安全法,中华人民共和国食品安全法.txt,500,VERBATIM_EXACT,True,False,VERIFIED_PASS
doc001#c114,doc001,中华人民共和国食品安全法,中华人民共和国食品安全法.txt,322,VERBATIM_EXACT,True,False,VERIFIED_PASS
doc001#c115,doc001,中华人民共和国食品安全法,中华人民共和国食品安全法.txt,229,VERBATIM_EXACT,True,False,VERIFIED_PASS
doc001#c116,doc001,中华人民共和国食品安全法,中华人民共和国食品安全法.txt,119,VERBATIM_EXACT,True,False,VERIFIED_PASS
doc001#c117,doc001,中华人民共和国食品安全法,中华人民共和国食品安全法.txt,142,VERBATIM_EXACT,True,False,VERIFIED_PASS
doc001#c118,doc001,中华人民共和国食品安全法,中华人民共和国食品安全法.txt,156,VERBATIM_EXACT,True,False,VERIFIED_PASS
doc001#c119,doc001,中华人民共和国食品安全法,中华人民共和国食品安全法.txt,142,VERBATIM_EXACT,True,False,VERIFIED_PASS
doc001#c120,doc001,中华人民共和国食品安全法,中华人民共和国食品安全法.txt,252,VERBATIM_EXACT,True,False,VERIFIED_PASS
doc001#c121,doc001,中华人民共和国食品安全法,中华人民共和国食品安全法.txt,257,VERBATIM_EXACT,True,False,VERIFIED_PASS
doc001#c122,doc001,中华人民共和国食品安全法,中华人民共和国食品安全法.txt,235,VERBATIM_EXACT,True,False,VERIFIED_PASS
doc001#c123,doc001,中华人民共和国食品安全法,中华人民共和国食品安全法.txt,285,VERBATIM_EXACT,True,False,VERIFIED_PASS
doc001#c124,doc001,中华人民共和国食品安全法,中华人民共和国食品安全法.txt,161,VERBATIM_EXACT,True,False,VERIFIED_PASS
doc001#c125,doc001,中华人民共和国食品安全法,中华人民共和国食品安全法.txt,113,VERBATIM_EXACT,True,False,VERIFIED_PASS
doc001#c126,doc001,中华人民共和国食品安全法,中华人民共和国食品安全法.txt,269,VERBATIM_EXACT,True,False,VERIFIED_PASS
doc001#c127,doc001,中华人民共和国食品安全法,中华人民共和国食品安全法.txt,8,VERBATIM_EXACT,True,False,VERIFIED_PASS
doc001#c128,doc001,中华人民共和国食品安全法,中华人民共和国食品安全法.txt,320,VERBATIM_EXACT,True,False,VERIFIED_PASS
doc001#c129,doc001,中华人民共和国食品安全法,中华人民共和国食品安全法.txt,628,VERBATIM_EXACT,True,False,VERIFIED_PASS
doc001#c130,doc001,中华人民共和国食品安全法,中华人民共和国食品安全法.txt,761,VERBATIM_EXACT,True,False,VERIFIED_PASS
doc001#c131,doc001,中华人民共和国食品安全法,中华人民共和国食品安全法.txt,416,VERBATIM_EXACT,True,False,VERIFIED_PASS
doc001#c132,doc001,中华人民共和国食品安全法,中华人民共和国食品安全法.txt,933,VERBATIM_EXACT,True,False,VERIFIED_PASS
doc001#c133,doc001,中华人民共和国食品安全法,中华人民共和国食品安全法.txt,56,VERBATIM_EXACT,True,False,VERIFIED_PASS
doc001#c134,doc001,中华人民共和国食品安全法,中华人民共和国食品安全法.txt,122,VERBATIM_EXACT,True,False,VERIFIED_PASS
doc001#c135,doc001,中华人民共和国食品安全法,中华人民共和国食品安全法.txt,324,VERBATIM_EXACT,True,False,VERIFIED_PASS
doc001#c136,doc001,中华人民共和国食品安全法,中华人民共和国食品安全法.txt,215,VERBATIM_EXACT,True,False,VERIFIED_PASS
doc001#c137,doc001,中华人民共和国食品安全法,中华人民共和国食品安全法.txt,368,VERBATIM_EXACT,True,False,VERIFIED_PASS
doc001#c138,doc001,中华人民共和国食品安全法,中华人民共和国食品安全法.txt,111,VERBATIM_EXACT,True,False,VERIFIED_PASS
doc001#c139,doc001,中华人民共和国食品安全法,中华人民共和国食品安全法.txt,194,VERBATIM_EXACT,True,False,VERIFIED_PASS
doc001#c140,doc001,中华人民共和国食品安全法,中华人民共和国食品安全法.txt,76,VERBATIM_EXACT,True,False,VERIFIED_PASS
doc001#c141,doc001,中华人民共和国食品安全法,中华人民共和国食品安全法.txt,214,VERBATIM_EXACT,True,False,VERIFIED_PASS
doc001#c142,doc001,中华人民共和国食品安全法,中华人民共和国食品安全法.txt,121,VERBATIM_EXACT,True,False,VERIFIED_PASS
doc001#c143,doc001,中华人民共和国食品安全法,中华人民共和国食品安全法.txt,111,VERBATIM_EXACT,True,False,VERIFIED_PASS
doc001#c144,doc001,中华人民共和国食品安全法,中华人民共和国食品安全法.txt,412,VERBATIM_EXACT,True,False,VERIFIED_PASS
doc001#c145,doc001,中华人民共和国食品安全法,中华人民共和国食品安全法.txt,201,VERBATIM_EXACT,True,False,VERIFIED_PASS
doc001#c146,doc001,中华人民共和国食品安全法,中华人民共和国食品安全法.txt,469,VERBATIM_EXACT,True,False,VERIFIED_PASS
doc001#c147,doc001,中华人民共和国食品安全法,中华人民共和国食品安全法.txt,166,VERBATIM_EXACT,True,False,VERIFIED_PASS
doc001#c148,doc001,中华人民共和国食品安全法,中华人民共和国食品安全法.txt,267,VERBATIM_EXACT,True,False,VERIFIED_PASS
doc001#c149,doc001,中华人民共和国食品安全法,中华人民共和国食品安全法.txt,211,VERBATIM_EXACT,True,False,VERIFIED_PASS
doc001#c150,doc001,中华人民共和国食品安全法,中华人民共和国食品安全法.txt,322,VERBATIM_EXACT,True,False,VERIFIED_PASS
doc001#c151,doc001,中华人民共和国食品安全法,中华人民共和国食品安全法.txt,234,VERBATIM_EXACT,True,False,VERIFIED_PASS
doc001#c152,doc001,中华人民共和国食品安全法,中华人民共和国食品安全法.txt,98,VERBATIM_EXACT,True,False,VERIFIED_PASS
doc001#c153,doc001,中华人民共和国食品安全法,中华人民共和国食品安全法.txt,79,VERBATIM_EXACT,True,False,VERIFIED_PASS
doc001#c154,doc001,中华人民共和国食品安全法,中华人民共和国食品安全法.txt,277,VERBATIM_EXACT,True,False,VERIFIED_PASS
doc001#c155,doc001,中华人民共和国食品安全法,中华人民共和国食品安全法.txt,30,VERBATIM_EXACT,True,False,VERIFIED_PASS
doc001#c156,doc001,中华人民共和国食品安全法,中华人民共和国食品安全法.txt,6,VERBATIM_EXACT,True,False,VERIFIED_PASS
doc001#c157,doc001,中华人民共和国食品安全法,中华人民共和国食品安全法.txt,545,VERBATIM_EXACT,True,False,VERIFIED_PASS
doc001#c158,doc001,中华人民共和国食品安全法,中华人民共和国食品安全法.txt,47,VERBATIM_EXACT,True,False,VERIFIED_PASS
doc001#c159,doc001,中华人民共和国食品安全法,中华人民共和国食品安全法.txt,206,VERBATIM_EXACT,True,False,VERIFIED_PASS
doc001#c160,doc001,中华人民共和国食品安全法,中华人民共和国食品安全法.txt,36,VERBATIM_EXACT,True,False,VERIFIED_PASS
doc001#c161,doc001,中华人民共和国食品安全法,中华人民共和国食品安全法.txt,25,VERBATIM_EXACT,True,False,VERIFIED_PASS
doc002#c001,doc002,中华人民共和国药品管理法,中华人民共和国药品管理法.txt,402,VERBATIM_EXACT,True,False,VERIFIED_PASS
doc002#c002,doc002,中华人民共和国药品管理法,中华人民共和国药品管理法.txt,9,VERBATIM_EXACT,True,False,VERIFIED_PASS
doc002#c003,doc002,中华人民共和国药品管理法,中华人民共和国药品管理法.txt,11,VERBATIM_EXACT,True,False,VERIFIED_PASS
doc002#c004,doc002,中华人民共和国药品管理法,中华人民共和国药品管理法.txt,6,VERBATIM_EXACT,True,False,VERIFIED_PASS
doc002#c005,doc002,中华人民共和国药品管理法,中华人民共和国药品管理法.txt,49,VERBATIM_EXACT,True,False,VERIFIED_PASS
doc002#c006,doc002,中华人民共和国药品管理法,中华人民共和国药品管理法.txt,117,VERBATIM_EXACT,True,False,VERIFIED_PASS
doc002#c007,doc002,中华人民共和国药品管理法,中华人民共和国药品管理法.txt,77,VERBATIM_EXACT,True,False,VERIFIED_PASS
doc002#c008,doc002,中华人民共和国药品管理法,中华人民共和国药品管理法.txt,62,VERBATIM_EXACT,True,False,VERIFIED_PASS
doc002#c009,doc002,中华人民共和国药品管理法,中华人民共和国药品管理法.txt,41,VERBATIM_EXACT,True,False,VERIFIED_PASS
doc002#c010,doc002,中华人民共和国药品管理法,中华人民共和国药品管理法.txt,73,VERBATIM_EXACT,True,False,VERIFIED_PASS
doc002#c011,doc002,中华人民共和国药品管理法,中华人民共和国药品管理法.txt,61,VERBATIM_EXACT,True,False,VERIFIED_PASS
doc002#c012,doc002,中华人民共和国药品管理法,中华人民共和国药品管理法.txt,230,VERBATIM_EXACT,True,False,VERIFIED_PASS
doc002#c013,doc002,中华人民共和国药品管理法,中华人民共和国药品管理法.txt,95,VERBATIM_EXACT,True,False,VERIFIED_PASS
doc002#c014,doc002,中华人民共和国药品管理法,中华人民共和国药品管理法.txt,80,VERBATIM_EXACT,True,False,VERIFIED_PASS
doc002#c015,doc002,中华人民共和国药品管理法,中华人民共和国药品管理法.txt,62,VERBATIM_EXACT,True,False,VERIFIED_PASS
doc002#c016,doc002,中华人民共和国药品管理法,中华人民共和国药品管理法.txt,113,VERBATIM_EXACT,True,False,VERIFIED_PASS
doc002#c017,doc002,中华人民共和国药品管理法,中华人民共和国药品管理法.txt,121,VERBATIM_EXACT,True,False,VERIFIED_PASS
doc002#c018,doc002,中华人民共和国药品管理法,中华人民共和国药品管理法.txt,61,VERBATIM_EXACT,True,False,VERIFIED_PASS
doc002#c019,doc002,中华人民共和国药品管理法,中华人民共和国药品管理法.txt,71,VERBATIM_EXACT,True,False,VERIFIED_PASS
doc002#c020,doc002,中华人民共和国药品管理法,中华人民共和国药品管理法.txt,11,VERBATIM_EXACT,True,False,VERIFIED_PASS
doc002#c021,doc002,中华人民共和国药品管理法,中华人民共和国药品管理法.txt,233,VERBATIM_EXACT,True,False,VERIFIED_PASS
doc002#c022,doc002,中华人民共和国药品管理法,中华人民共和国药品管理法.txt,114,VERBATIM_EXACT,True,False,VERIFIED_PASS
doc002#c023,doc002,中华人民共和国药品管理法,中华人民共和国药品管理法.txt,70,VERBATIM_EXACT,True,False,VERIFIED_PASS
doc002#c024,doc002,中华人民共和国药品管理法,中华人民共和国药品管理法.txt,249,VERBATIM_EXACT,True,False,VERIFIED_PASS
doc002#c025,doc002,中华人民共和国药品管理法,中华人民共和国药品管理法.txt,111,VERBATIM_EXACT,True,False,VERIFIED_PASS
doc002#c026,doc002,中华人民共和国药品管理法,中华人民共和国药品管理法.txt,89,VERBATIM_EXACT,True,False,VERIFIED_PASS
doc002#c027,doc002,中华人民共和国药品管理法,中华人民共和国药品管理法.txt,118,VERBATIM_EXACT,True,False,VERIFIED_PASS
doc002#c028,doc002,中华人民共和国药品管理法,中华人民共和国药品管理法.txt,96,VERBATIM_EXACT,True,False,VERIFIED_PASS
doc002#c029,doc002,中华人民共和国药品管理法,中华人民共和国药品管理法.txt,160,VERBATIM_EXACT,True,False,VERIFIED_PASS
doc002#c030,doc002,中华人民共和国药品管理法,中华人民共和国药品管理法.txt,220,VERBATIM_EXACT,True,False,VERIFIED_PASS
doc002#c031,doc002,中华人民共和国药品管理法,中华人民共和国药品管理法.txt,90,VERBATIM_EXACT,True,False,VERIFIED_PASS
doc002#c032,doc002,中华人民共和国药品管理法,中华人民共和国药品管理法.txt,121,VERBATIM_EXACT,True,False,VERIFIED_PASS
doc002#c033,doc002,中华人民共和国药品管理法,中华人民共和国药品管理法.txt,218,VERBATIM_EXACT,True,False,VERIFIED_PASS
doc002#c034,doc002,中华人民共和国药品管理法,中华人民共和国药品管理法.txt,53,VERBATIM_EXACT,True,False,VERIFIED_PASS
doc002#c035,doc002,中华人民共和国药品管理法,中华人民共和国药品管理法.txt,13,VERBATIM_EXACT,True,False,VERIFIED_PASS
doc002#c036,doc002,中华人民共和国药品管理法,中华人民共和国药品管理法.txt,173,VERBATIM_EXACT,True,False,VERIFIED_PASS
doc002#c037,doc002,中华人民共和国药品管理法,中华人民共和国药品管理法.txt,104,VERBATIM_EXACT,True,False,VERIFIED_PASS
doc002#c038,doc002,中华人民共和国药品管理法,中华人民共和国药品管理法.txt,260,VERBATIM_EXACT,True,False,VERIFIED_PASS
doc002#c039,doc002,中华人民共和国药品管理法,中华人民共和国药品管理法.txt,77,VERBATIM_EXACT,True,False,VERIFIED_PASS
doc002#c040,doc002,中华人民共和国药品管理法,中华人民共和国药品管理法.txt,174,VERBATIM_EXACT,True,False,VERIFIED_PASS
doc002#c041,doc002,中华人民共和国药品管理法,中华人民共和国药品管理法.txt,101,VERBATIM_EXACT,True,False,VERIFIED_PASS
doc002#c042,doc002,中华人民共和国药品管理法,中华人民共和国药品管理法.txt,67,VERBATIM_EXACT,True,False,VERIFIED_PASS
doc002#c043,doc002,中华人民共和国药品管理法,中华人民共和国药品管理法.txt,78,VERBATIM_EXACT,True,False,VERIFIED_PASS
doc002#c044,doc002,中华人民共和国药品管理法,中华人民共和国药品管理法.txt,70,VERBATIM_EXACT,True,False,VERIFIED_PASS
doc002#c045,doc002,中华人民共和国药品管理法,中华人民共和国药品管理法.txt,76,VERBATIM_EXACT,True,False,VERIFIED_PASS
doc002#c046,doc002,中华人民共和国药品管理法,中华人民共和国药品管理法.txt,97,VERBATIM_EXACT,True,False,VERIFIED_PASS
doc002#c047,doc002,中华人民共和国药品管理法,中华人民共和国药品管理法.txt,8,VERBATIM_EXACT,True,False,VERIFIED_PASS
doc002#c048,doc002,中华人民共和国药品管理法,中华人民共和国药品管理法.txt,102,VERBATIM_EXACT,True,False,VERIFIED_PASS
doc002#c049,doc002,中华人民共和国药品管理法,中华人民共和国药品管理法.txt,174,VERBATIM_EXACT,True,False,VERIFIED_PASS
doc002#c050,doc002,中华人民共和国药品管理法,中华人民共和国药品管理法.txt,98,VERBATIM_EXACT,True,False,VERIFIED_PASS
doc002#c051,doc002,中华人民共和国药品管理法,中华人民共和国药品管理法.txt,223,VERBATIM_EXACT,True,False,VERIFIED_PASS
doc002#c052,doc002,中华人民共和国药品管理法,中华人民共和国药品管理法.txt,97,VERBATIM_EXACT,True,False,VERIFIED_PASS
doc002#c053,doc002,中华人民共和国药品管理法,中华人民共和国药品管理法.txt,82,VERBATIM_EXACT,True,False,VERIFIED_PASS
doc002#c054,doc002,中华人民共和国药品管理法,中华人民共和国药品管理法.txt,96,VERBATIM_EXACT,True,False,VERIFIED_PASS
doc002#c055,doc002,中华人民共和国药品管理法,中华人民共和国药品管理法.txt,83,VERBATIM_EXACT,True,False,VERIFIED_PASS
doc002#c056,doc002,中华人民共和国药品管理法,中华人民共和国药品管理法.txt,216,VERBATIM_EXACT,True,False,VERIFIED_PASS
doc002#c057,doc002,中华人民共和国药品管理法,中华人民共和国药品管理法.txt,91,VERBATIM_EXACT,True,False,VERIFIED_PASS
doc002#c058,doc002,中华人民共和国药品管理法,中华人民共和国药品管理法.txt,8,VERBATIM_EXACT,True,False,VERIFIED_PASS
doc002#c059,doc002,中华人民共和国药品管理法,中华人民共和国药品管理法.txt,198,VERBATIM_EXACT,True,False,VERIFIED_PASS
doc002#c060,doc002,中华人民共和国药品管理法,中华人民共和国药品管理法.txt,160,VERBATIM_EXACT,True,False,VERIFIED_PASS
doc002#c061,doc002,中华人民共和国药品管理法,中华人民共和国药品管理法.txt,166,VERBATIM_EXACT,True,False,VERIFIED_PASS
doc002#c062,doc002,中华人民共和国药品管理法,中华人民共和国药品管理法.txt,60,VERBATIM_EXACT,True,False,VERIFIED_PASS
doc002#c063,doc002,中华人民共和国药品管理法,中华人民共和国药品管理法.txt,86,VERBATIM_EXACT,True,False,VERIFIED_PASS
doc002#c064,doc002,中华人民共和国药品管理法,中华人民共和国药品管理法.txt,64,VERBATIM_EXACT,True,False,VERIFIED_PASS
doc002#c065,doc002,中华人民共和国药品管理法,中华人民共和国药品管理法.txt,114,VERBATIM_EXACT,True,False,VERIFIED_PASS
doc002#c066,doc002,中华人民共和国药品管理法,中华人民共和国药品管理法.txt,184,VERBATIM_EXACT,True,False,VERIFIED_PASS
doc002#c067,doc002,中华人民共和国药品管理法,中华人民共和国药品管理法.txt,73,VERBATIM_EXACT,True,False,VERIFIED_PASS
doc002#c068,doc002,中华人民共和国药品管理法,中华人民共和国药品管理法.txt,32,VERBATIM_EXACT,True,False,VERIFIED_PASS
doc002#c069,doc002,中华人民共和国药品管理法,中华人民共和国药品管理法.txt,147,VERBATIM_EXACT,True,False,VERIFIED_PASS
doc002#c070,doc002,中华人民共和国药品管理法,中华人民共和国药品管理法.txt,245,VERBATIM_EXACT,True,False,VERIFIED_PASS
doc002#c071,doc002,中华人民共和国药品管理法,中华人民共和国药品管理法.txt,40,VERBATIM_EXACT,True,False,VERIFIED_PASS
doc002#c072,doc002,中华人民共和国药品管理法,中华人民共和国药品管理法.txt,184,VERBATIM_EXACT,True,False,VERIFIED_PASS
doc002#c073,doc002,中华人民共和国药品管理法,中华人民共和国药品管理法.txt,113,VERBATIM_EXACT,True,False,VERIFIED_PASS
doc002#c074,doc002,中华人民共和国药品管理法,中华人民共和国药品管理法.txt,59,VERBATIM_EXACT,True,False,VERIFIED_PASS
doc002#c075,doc002,中华人民共和国药品管理法,中华人民共和国药品管理法.txt,38,VERBATIM_EXACT,True,False,VERIFIED_PASS
doc002#c076,doc002,中华人民共和国药品管理法,中华人民共和国药品管理法.txt,124,VERBATIM_EXACT,True,False,VERIFIED_PASS
doc002#c077,doc002,中华人民共和国药品管理法,中华人民共和国药品管理法.txt,12,VERBATIM_EXACT,True,False,VERIFIED_PASS
doc002#c078,doc002,中华人民共和国药品管理法,中华人民共和国药品管理法.txt,85,VERBATIM_EXACT,True,False,VERIFIED_PASS
doc002#c079,doc002,中华人民共和国药品管理法,中华人民共和国药品管理法.txt,61,VERBATIM_EXACT,True,False,VERIFIED_PASS
doc002#c080,doc002,中华人民共和国药品管理法,中华人民共和国药品管理法.txt,81,VERBATIM_EXACT,True,False,VERIFIED_PASS
doc002#c081,doc002,中华人民共和国药品管理法,中华人民共和国药品管理法.txt,116,VERBATIM_EXACT,True,False,VERIFIED_PASS
doc002#c082,doc002,中华人民共和国药品管理法,中华人民共和国药品管理法.txt,102,VERBATIM_EXACT,True,False,VERIFIED_PASS
doc002#c083,doc002,中华人民共和国药品管理法,中华人民共和国药品管理法.txt,103,VERBATIM_EXACT,True,False,VERIFIED_PASS
doc002#c084,doc002,中华人民共和国药品管理法,中华人民共和国药品管理法.txt,91,VERBATIM_EXACT,True,False,VERIFIED_PASS
doc002#c085,doc002,中华人民共和国药品管理法,中华人民共和国药品管理法.txt,211,VERBATIM_EXACT,True,False,VERIFIED_PASS
doc002#c086,doc002,中华人民共和国药品管理法,中华人民共和国药品管理法.txt,11,VERBATIM_EXACT,True,False,VERIFIED_PASS
doc002#c087,doc002,中华人民共和国药品管理法,中华人民共和国药品管理法.txt,82,VERBATIM_EXACT,True,False,VERIFIED_PASS
doc002#c088,doc002,中华人民共和国药品管理法,中华人民共和国药品管理法.txt,111,VERBATIM_EXACT,True,False,VERIFIED_PASS
doc002#c089,doc002,中华人民共和国药品管理法,中华人民共和国药品管理法.txt,170,VERBATIM_EXACT,True,False,VERIFIED_PASS
doc002#c090,doc002,中华人民共和国药品管理法,中华人民共和国药品管理法.txt,70,VERBATIM_EXACT,True,False,VERIFIED_PASS
doc002#c091,doc002,中华人民共和国药品管理法,中华人民共和国药品管理法.txt,248,VERBATIM_EXACT,True,False,VERIFIED_PASS
doc002#c092,doc002,中华人民共和国药品管理法,中华人民共和国药品管理法.txt,216,VERBATIM_EXACT,True,False,VERIFIED_PASS
doc002#c093,doc002,中华人民共和国药品管理法,中华人民共和国药品管理法.txt,225,VERBATIM_EXACT,True,False,VERIFIED_PASS
doc002#c094,doc002,中华人民共和国药品管理法,中华人民共和国药品管理法.txt,11,VERBATIM_EXACT,True,False,VERIFIED_PASS
doc002#c095,doc002,中华人民共和国药品管理法,中华人民共和国药品管理法.txt,81,VERBATIM_EXACT,True,False,VERIFIED_PASS
doc002#c096,doc002,中华人民共和国药品管理法,中华人民共和国药品管理法.txt,174,VERBATIM_EXACT,True,False,VERIFIED_PASS
doc002#c097,doc002,中华人民共和国药品管理法,中华人民共和国药品管理法.txt,68,VERBATIM_EXACT,True,False,VERIFIED_PASS
doc002#c098,doc002,中华人民共和国药品管理法,中华人民共和国药品管理法.txt,72,VERBATIM_EXACT,True,False,VERIFIED_PASS
doc002#c099,doc002,中华人民共和国药品管理法,中华人民共和国药品管理法.txt,219,VERBATIM_EXACT,True,False,VERIFIED_PASS
doc002#c100,doc002,中华人民共和国药品管理法,中华人民共和国药品管理法.txt,55,VERBATIM_EXACT,True,False,VERIFIED_PASS
doc002#c101,doc002,中华人民共和国药品管理法,中华人民共和国药品管理法.txt,149,VERBATIM_EXACT,True,False,VERIFIED_PASS
doc002#c102,doc002,中华人民共和国药品管理法,中华人民共和国药品管理法.txt,82,VERBATIM_EXACT,True,False,VERIFIED_PASS
doc002#c103,doc002,中华人民共和国药品管理法,中华人民共和国药品管理法.txt,11,VERBATIM_EXACT,True,False,VERIFIED_PASS
doc002#c104,doc002,中华人民共和国药品管理法,中华人民共和国药品管理法.txt,82,VERBATIM_EXACT,True,False,VERIFIED_PASS
doc002#c105,doc002,中华人民共和国药品管理法,中华人民共和国药品管理法.txt,66,VERBATIM_EXACT,True,False,VERIFIED_PASS
doc002#c106,doc002,中华人民共和国药品管理法,中华人民共和国药品管理法.txt,54,VERBATIM_EXACT,True,False,VERIFIED_PASS
doc002#c107,doc002,中华人民共和国药品管理法,中华人民共和国药品管理法.txt,120,VERBATIM_EXACT,True,False,VERIFIED_PASS
doc002#c108,doc002,中华人民共和国药品管理法,中华人民共和国药品管理法.txt,58,VERBATIM_EXACT,True,False,VERIFIED_PASS
doc002#c109,doc002,中华人民共和国药品管理法,中华人民共和国药品管理法.txt,107,VERBATIM_EXACT,True,False,VERIFIED_PASS
doc002#c110,doc002,中华人民共和国药品管理法,中华人民共和国药品管理法.txt,8,VERBATIM_EXACT,True,False,VERIFIED_PASS
doc002#c111,doc002,中华人民共和国药品管理法,中华人民共和国药品管理法.txt,316,VERBATIM_EXACT,True,False,VERIFIED_PASS
doc002#c112,doc002,中华人民共和国药品管理法,中华人民共和国药品管理法.txt,271,VERBATIM_EXACT,True,False,VERIFIED_PASS
doc002#c113,doc002,中华人民共和国药品管理法,中华人民共和国药品管理法.txt,1072,VERBATIM_EXACT,True,False,VERIFIED_PASS
doc002#c114,doc002,中华人民共和国药品管理法,中华人民共和国药品管理法.txt,449,VERBATIM_EXACT,True,False,VERIFIED_PASS
doc002#c115,doc002,中华人民共和国药品管理法,中华人民共和国药品管理法.txt,77,VERBATIM_EXACT,True,False,VERIFIED_PASS
doc002#c116,doc002,中华人民共和国药品管理法,中华人民共和国药品管理法.txt,108,VERBATIM_EXACT,True,False,VERIFIED_PASS
doc002#c117,doc002,中华人民共和国药品管理法,中华人民共和国药品管理法.txt,63,VERBATIM_EXACT,True,False,VERIFIED_PASS
doc002#c118,doc002,中华人民共和国药品管理法,中华人民共和国药品管理法.txt,194,VERBATIM_EXACT,True,False,VERIFIED_PASS
doc002#c119,doc002,中华人民共和国药品管理法,中华人民共和国药品管理法.txt,9,VERBATIM_EXACT,True,False,VERIFIED_PASS
doc002#c120,doc002,中华人民共和国药品管理法,中华人民共和国药品管理法.txt,30,VERBATIM_EXACT,True,False,VERIFIED_PASS
doc002#c121,doc002,中华人民共和国药品管理法,中华人民共和国药品管理法.txt,134,VERBATIM_EXACT,True,False,VERIFIED_PASS
doc002#c122,doc002,中华人民共和国药品管理法,中华人民共和国药品管理法.txt,177,VERBATIM_EXACT,True,False,VERIFIED_PASS
doc002#c123,doc002,中华人民共和国药品管理法,中华人民共和国药品管理法.txt,233,VERBATIM_EXACT,True,False,VERIFIED_PASS
doc002#c124,doc002,中华人民共和国药品管理法,中华人民共和国药品管理法.txt,176,VERBATIM_EXACT,True,False,VERIFIED_PASS
doc002#c125,doc002,中华人民共和国药品管理法,中华人民共和国药品管理法.txt,97,VERBATIM_EXACT,True,False,VERIFIED_PASS
doc002#c126,doc002,中华人民共和国药品管理法,中华人民共和国药品管理法.txt,139,VERBATIM_EXACT,True,False,VERIFIED_PASS
doc002#c127,doc002,中华人民共和国药品管理法,中华人民共和国药品管理法.txt,40,VERBATIM_EXACT,True,False,VERIFIED_PASS
doc002#c128,doc002,中华人民共和国药品管理法,中华人民共和国药品管理法.txt,229,VERBATIM_EXACT,True,False,VERIFIED_PASS
doc002#c129,doc002,中华人民共和国药品管理法,中华人民共和国药品管理法.txt,201,VERBATIM_EXACT,True,False,VERIFIED_PASS
doc002#c130,doc002,中华人民共和国药品管理法,中华人民共和国药品管理法.txt,604,VERBATIM_EXACT,True,False,VERIFIED_PASS
doc002#c131,doc002,中华人民共和国药品管理法,中华人民共和国药品管理法.txt,250,VERBATIM_EXACT,True,False,VERIFIED_PASS
doc002#c132,doc002,中华人民共和国药品管理法,中华人民共和国药品管理法.txt,361,VERBATIM_EXACT,True,False,VERIFIED_PASS
doc002#c133,doc002,中华人民共和国药品管理法,中华人民共和国药品管理法.txt,264,VERBATIM_EXACT,True,False,VERIFIED_PASS
doc002#c134,doc002,中华人民共和国药品管理法,中华人民共和国药品管理法.txt,101,VERBATIM_EXACT,True,False,VERIFIED_PASS
doc002#c135,doc002,中华人民共和国药品管理法,中华人民共和国药品管理法.txt,202,VERBATIM_EXACT,True,False,VERIFIED_PASS
doc002#c136,doc002,中华人民共和国药品管理法,中华人民共和国药品管理法.txt,91,VERBATIM_EXACT,True,False,VERIFIED_PASS
doc002#c137,doc002,中华人民共和国药品管理法,中华人民共和国药品管理法.txt,118,VERBATIM_EXACT,True,False,VERIFIED_PASS
doc002#c138,doc002,中华人民共和国药品管理法,中华人民共和国药品管理法.txt,81,VERBATIM_EXACT,True,False,VERIFIED_PASS
doc002#c139,doc002,中华人民共和国药品管理法,中华人民共和国药品管理法.txt,121,VERBATIM_EXACT,True,False,VERIFIED_PASS
doc002#c140,doc002,中华人民共和国药品管理法,中华人民共和国药品管理法.txt,217,VERBATIM_EXACT,True,False,VERIFIED_PASS
doc002#c141,doc002,中华人民共和国药品管理法,中华人民共和国药品管理法.txt,213,VERBATIM_EXACT,True,False,VERIFIED_PASS
doc002#c142,doc002,中华人民共和国药品管理法,中华人民共和国药品管理法.txt,76,VERBATIM_EXACT,True,False,VERIFIED_PASS
doc002#c143,doc002,中华人民共和国药品管理法,中华人民共和国药品管理法.txt,233,VERBATIM_EXACT,True,False,VERIFIED_PASS
doc002#c144,doc002,中华人民共和国药品管理法,中华人民共和国药品管理法.txt,155,VERBATIM_EXACT,True,False,VERIFIED_PASS
doc002#c145,doc002,中华人民共和国药品管理法,中华人民共和国药品管理法.txt,85,VERBATIM_EXACT,True,False,VERIFIED_PASS
doc002#c146,doc002,中华人民共和国药品管理法,中华人民共和国药品管理法.txt,88,VERBATIM_EXACT,True,False,VERIFIED_PASS
doc002#c147,doc002,中华人民共和国药品管理法,中华人民共和国药品管理法.txt,334,VERBATIM_EXACT,True,False,VERIFIED_PASS
doc002#c148,doc002,中华人民共和国药品管理法,中华人民共和国药品管理法.txt,251,VERBATIM_EXACT,True,False,VERIFIED_PASS
doc002#c149,doc002,中华人民共和国药品管理法,中华人民共和国药品管理法.txt,57,VERBATIM_EXACT,True,False,VERIFIED_PASS
doc002#c150,doc002,中华人民共和国药品管理法,中华人民共和国药品管理法.txt,253,VERBATIM_EXACT,True,False,VERIFIED_PASS
doc002#c151,doc002,中华人民共和国药品管理法,中华人民共和国药品管理法.txt,147,VERBATIM_EXACT,True,False,VERIFIED_PASS
doc002#c152,doc002,中华人民共和国药品管理法,中华人民共和国药品管理法.txt,101,VERBATIM_EXACT,True,False,VERIFIED_PASS
doc002#c153,doc002,中华人民共和国药品管理法,中华人民共和国药品管理法.txt,152,VERBATIM_EXACT,True,False,VERIFIED_PASS
doc002#c154,doc002,中华人民共和国药品管理法,中华人民共和国药品管理法.txt,190,VERBATIM_EXACT,True,False,VERIFIED_PASS
doc002#c155,doc002,中华人民共和国药品管理法,中华人民共和国药品管理法.txt,218,VERBATIM_EXACT,True,False,VERIFIED_PASS
doc002#c156,doc002,中华人民共和国药品管理法,中华人民共和国药品管理法.txt,96,VERBATIM_EXACT,True,False,VERIFIED_PASS
doc002#c157,doc002,中华人民共和国药品管理法,中华人民共和国药品管理法.txt,53,VERBATIM_EXACT,True,False,VERIFIED_PASS
doc002#c158,doc002,中华人民共和国药品管理法,中华人民共和国药品管理法.txt,7,VERBATIM_EXACT,True,False,VERIFIED_PASS
doc002#c159,doc002,中华人民共和国药品管理法,中华人民共和国药品管理法.txt,38,VERBATIM_EXACT,True,False,VERIFIED_PASS
doc002#c160,doc002,中华人民共和国药品管理法,中华人民共和国药品管理法.txt,50,VERBATIM_EXACT,True,False,VERIFIED_PASS
doc002#c161,doc002,中华人民共和国药品管理法,中华人民共和国药品管理法.txt,55,VERBATIM_EXACT,True,False,VERIFIED_PASS
doc002#c162,doc002,中华人民共和国药品管理法,中华人民共和国药品管理法.txt,25,VERBATIM_EXACT,True,False,VERIFIED_PASS
doc003#c001,doc003,中华人民共和国疫苗管理法,中华人民共和国疫苗管理法.txt,202,VERBATIM_EXACT,True,False,VERIFIED_PASS
doc003#c002,doc003,中华人民共和国疫苗管理法,中华人民共和国疫苗管理法.txt,11,VERBATIM_EXACT,True,False,VERIFIED_PASS
doc003#c003,doc003,中华人民共和国疫苗管理法,中华人民共和国疫苗管理法.txt,6,VERBATIM_EXACT,True,False,VERIFIED_PASS
doc003#c004,doc003,中华人民共和国疫苗管理法,中华人民共和国疫苗管理法.txt,60,VERBATIM_EXACT,True,False,VERIFIED_PASS
doc003#c005,doc003,中华人民共和国疫苗管理法,中华人民共和国疫苗管理法.txt,155,VERBATIM_EXACT,True,False,VERIFIED_PASS
doc003#c006,doc003,中华人民共和国疫苗管理法,中华人民共和国疫苗管理法.txt,47,VERBATIM_EXACT,True,False,VERIFIED_PASS
doc003#c007,doc003,中华人民共和国疫苗管理法,中华人民共和国疫苗管理法.txt,139,VERBATIM_EXACT,True,False,VERIFIED_PASS
doc003#c008,doc003,中华人民共和国疫苗管理法,中华人民共和国疫苗管理法.txt,129,VERBATIM_EXACT,True,False,VERIFIED_PASS
doc003#c009,doc003,中华人民共和国疫苗管理法,中华人民共和国疫苗管理法.txt,129,VERBATIM_EXACT,True,False,VERIFIED_PASS
doc003#c010,doc003,中华人民共和国疫苗管理法,中华人民共和国疫苗管理法.txt,124,VERBATIM_EXACT,True,False,VERIFIED_PASS
doc003#c011,doc003,中华人民共和国疫苗管理法,中华人民共和国疫苗管理法.txt,253,VERBATIM_EXACT,True,False,VERIFIED_PASS
doc003#c012,doc003,中华人民共和国疫苗管理法,中华人民共和国疫苗管理法.txt,72,VERBATIM_EXACT,True,False,VERIFIED_PASS
doc003#c013,doc003,中华人民共和国疫苗管理法,中华人民共和国疫苗管理法.txt,235,VERBATIM_EXACT,True,False,VERIFIED_PASS
doc003#c014,doc003,中华人民共和国疫苗管理法,中华人民共和国疫苗管理法.txt,167,VERBATIM_EXACT,True,False,VERIFIED_PASS
doc003#c015,doc003,中华人民共和国疫苗管理法,中华人民共和国疫苗管理法.txt,169,VERBATIM_EXACT,True,False,VERIFIED_PASS
doc003#c016,doc003,中华人民共和国疫苗管理法,中华人民共和国疫苗管理法.txt,59,VERBATIM_EXACT,True,False,VERIFIED_PASS
doc003#c017,doc003,中华人民共和国疫苗管理法,中华人民共和国疫苗管理法.txt,11,VERBATIM_EXACT,True,False,VERIFIED_PASS
doc003#c018,doc003,中华人民共和国疫苗管理法,中华人民共和国疫苗管理法.txt,103,VERBATIM_EXACT,True,False,VERIFIED_PASS
doc003#c019,doc003,中华人民共和国疫苗管理法,中华人民共和国疫苗管理法.txt,55,VERBATIM_EXACT,True,False,VERIFIED_PASS
doc003#c020,doc003,中华人民共和国疫苗管理法,中华人民共和国疫苗管理法.txt,137,VERBATIM_EXACT,True,False,VERIFIED_PASS
doc003#c021,doc003,中华人民共和国疫苗管理法,中华人民共和国疫苗管理法.txt,87,VERBATIM_EXACT,True,False,VERIFIED_PASS
doc003#c022,doc003,中华人民共和国疫苗管理法,中华人民共和国疫苗管理法.txt,93,VERBATIM_EXACT,True,False,VERIFIED_PASS
doc003#c023,doc003,中华人民共和国疫苗管理法,中华人民共和国疫苗管理法.txt,112,VERBATIM_EXACT,True,False,VERIFIED_PASS
doc003#c024,doc003,中华人民共和国疫苗管理法,中华人民共和国疫苗管理法.txt,184,VERBATIM_EXACT,True,False,VERIFIED_PASS
doc003#c025,doc003,中华人民共和国疫苗管理法,中华人民共和国疫苗管理法.txt,89,VERBATIM_EXACT,True,False,VERIFIED_PASS
doc003#c026,doc003,中华人民共和国疫苗管理法,中华人民共和国疫苗管理法.txt,12,VERBATIM_EXACT,True,False,VERIFIED_PASS
doc003#c027,doc003,中华人民共和国疫苗管理法,中华人民共和国疫苗管理法.txt,259,VERBATIM_EXACT,True,False,VERIFIED_PASS
doc003#c028,doc003,中华人民共和国疫苗管理法,中华人民共和国疫苗管理法.txt,147,VERBATIM_EXACT,True,False,VERIFIED_PASS
doc003#c029,doc003,中华人民共和国疫苗管理法,中华人民共和国疫苗管理法.txt,95,VERBATIM_EXACT,True,False,VERIFIED_PASS
doc003#c030,doc003,中华人民共和国疫苗管理法,中华人民共和国疫苗管理法.txt,83,VERBATIM_EXACT,True,False,VERIFIED_PASS
doc003#c031,doc003,中华人民共和国疫苗管理法,中华人民共和国疫苗管理法.txt,227,VERBATIM_EXACT,True,False,VERIFIED_PASS
doc003#c032,doc003,中华人民共和国疫苗管理法,中华人民共和国疫苗管理法.txt,94,VERBATIM_EXACT,True,False,VERIFIED_PASS
doc003#c033,doc003,中华人民共和国疫苗管理法,中华人民共和国疫苗管理法.txt,51,VERBATIM_EXACT,True,False,VERIFIED_PASS
doc003#c034,doc003,中华人民共和国疫苗管理法,中华人民共和国疫苗管理法.txt,140,VERBATIM_EXACT,True,False,VERIFIED_PASS
doc003#c035,doc003,中华人民共和国疫苗管理法,中华人民共和国疫苗管理法.txt,199,VERBATIM_EXACT,True,False,VERIFIED_PASS
doc003#c036,doc003,中华人民共和国疫苗管理法,中华人民共和国疫苗管理法.txt,127,VERBATIM_EXACT,True,False,VERIFIED_PASS
doc003#c037,doc003,中华人民共和国疫苗管理法,中华人民共和国疫苗管理法.txt,8,VERBATIM_EXACT,True,False,VERIFIED_PASS
doc003#c038,doc003,中华人民共和国疫苗管理法,中华人民共和国疫苗管理法.txt,138,VERBATIM_EXACT,True,False,VERIFIED_PASS
doc003#c039,doc003,中华人民共和国疫苗管理法,中华人民共和国疫苗管理法.txt,55,VERBATIM_EXACT,True,False,VERIFIED_PASS
doc003#c040,doc003,中华人民共和国疫苗管理法,中华人民共和国疫苗管理法.txt,109,VERBATIM_EXACT,True,False,VERIFIED_PASS
doc003#c041,doc003,中华人民共和国疫苗管理法,中华人民共和国疫苗管理法.txt,106,VERBATIM_EXACT,True,False,VERIFIED_PASS
doc003#c042,doc003,中华人民共和国疫苗管理法,中华人民共和国疫苗管理法.txt,208,VERBATIM_EXACT,True,False,VERIFIED_PASS
doc003#c043,doc003,中华人民共和国疫苗管理法,中华人民共和国疫苗管理法.txt,150,VERBATIM_EXACT,True,False,VERIFIED_PASS
doc003#c044,doc003,中华人民共和国疫苗管理法,中华人民共和国疫苗管理法.txt,141,VERBATIM_EXACT,True,False,VERIFIED_PASS
doc003#c045,doc003,中华人民共和国疫苗管理法,中华人民共和国疫苗管理法.txt,275,VERBATIM_EXACT,True,False,VERIFIED_PASS
doc003#c046,doc003,中华人民共和国疫苗管理法,中华人民共和国疫苗管理法.txt,166,VERBATIM_EXACT,True,False,VERIFIED_PASS
doc003#c047,doc003,中华人民共和国疫苗管理法,中华人民共和国疫苗管理法.txt,8,VERBATIM_EXACT,True,False,VERIFIED_PASS
doc003#c048,doc003,中华人民共和国疫苗管理法,中华人民共和国疫苗管理法.txt,200,VERBATIM_EXACT,True,False,VERIFIED_PASS
doc003#c049,doc003,中华人民共和国疫苗管理法,中华人民共和国疫苗管理法.txt,151,VERBATIM_EXACT,True,False,VERIFIED_PASS
doc003#c050,doc003,中华人民共和国疫苗管理法,中华人民共和国疫苗管理法.txt,67,VERBATIM_EXACT,True,False,VERIFIED_PASS
doc003#c051,doc003,中华人民共和国疫苗管理法,中华人民共和国疫苗管理法.txt,316,VERBATIM_EXACT,True,False,VERIFIED_PASS
doc003#c052,doc003,中华人民共和国疫苗管理法,中华人民共和国疫苗管理法.txt,394,VERBATIM_EXACT,True,False,VERIFIED_PASS
doc003#c053,doc003,中华人民共和国疫苗管理法,中华人民共和国疫苗管理法.txt,135,VERBATIM_EXACT,True,False,VERIFIED_PASS
doc003#c054,doc003,中华人民共和国疫苗管理法,中华人民共和国疫苗管理法.txt,180,VERBATIM_EXACT,True,False,VERIFIED_PASS
doc003#c055,doc003,中华人民共和国疫苗管理法,中华人民共和国疫苗管理法.txt,181,VERBATIM_EXACT,True,False,VERIFIED_PASS
doc003#c056,doc003,中华人民共和国疫苗管理法,中华人民共和国疫苗管理法.txt,101,VERBATIM_EXACT,True,False,VERIFIED_PASS
doc003#c057,doc003,中华人民共和国疫苗管理法,中华人民共和国疫苗管理法.txt,238,VERBATIM_EXACT,True,False,VERIFIED_PASS
doc003#c058,doc003,中华人民共和国疫苗管理法,中华人民共和国疫苗管理法.txt,64,VERBATIM_EXACT,True,False,VERIFIED_PASS
doc003#c059,doc003,中华人民共和国疫苗管理法,中华人民共和国疫苗管理法.txt,13,VERBATIM_EXACT,True,False,VERIFIED_PASS
doc003#c060,doc003,中华人民共和国疫苗管理法,中华人民共和国疫苗管理法.txt,320,VERBATIM_EXACT,True,False,VERIFIED_PASS
doc003#c061,doc003,中华人民共和国疫苗管理法,中华人民共和国疫苗管理法.txt,61,VERBATIM_EXACT,True,False,VERIFIED_PASS
doc003#c062,doc003,中华人民共和国疫苗管理法,中华人民共和国疫苗管理法.txt,159,VERBATIM_EXACT,True,False,VERIFIED_PASS
doc003#c063,doc003,中华人民共和国疫苗管理法,中华人民共和国疫苗管理法.txt,204,VERBATIM_EXACT,True,False,VERIFIED_PASS
doc003#c064,doc003,中华人民共和国疫苗管理法,中华人民共和国疫苗管理法.txt,285,VERBATIM_EXACT,True,False,VERIFIED_PASS
doc003#c065,doc003,中华人民共和国疫苗管理法,中华人民共和国疫苗管理法.txt,11,VERBATIM_EXACT,True,False,VERIFIED_PASS
doc003#c066,doc003,中华人民共和国疫苗管理法,中华人民共和国疫苗管理法.txt,188,VERBATIM_EXACT,True,False,VERIFIED_PASS
doc003#c067,doc003,中华人民共和国疫苗管理法,中华人民共和国疫苗管理法.txt,158,VERBATIM_EXACT,True,False,VERIFIED_PASS
doc003#c068,doc003,中华人民共和国疫苗管理法,中华人民共和国疫苗管理法.txt,101,VERBATIM_EXACT,True,False,VERIFIED_PASS
doc003#c069,doc003,中华人民共和国疫苗管理法,中华人民共和国疫苗管理法.txt,78,VERBATIM_EXACT,True,False,VERIFIED_PASS
doc003#c070,doc003,中华人民共和国疫苗管理法,中华人民共和国疫苗管理法.txt,112,VERBATIM_EXACT,True,False,VERIFIED_PASS
doc003#c071,doc003,中华人民共和国疫苗管理法,中华人民共和国疫苗管理法.txt,140,VERBATIM_EXACT,True,False,VERIFIED_PASS
doc003#c072,doc003,中华人民共和国疫苗管理法,中华人民共和国疫苗管理法.txt,8,VERBATIM_EXACT,True,False,VERIFIED_PASS
doc003#c073,doc003,中华人民共和国疫苗管理法,中华人民共和国疫苗管理法.txt,206,VERBATIM_EXACT,True,False,VERIFIED_PASS
doc003#c074,doc003,中华人民共和国疫苗管理法,中华人民共和国疫苗管理法.txt,90,VERBATIM_EXACT,True,False,VERIFIED_PASS
doc003#c075,doc003,中华人民共和国疫苗管理法,中华人民共和国疫苗管理法.txt,257,VERBATIM_EXACT,True,False,VERIFIED_PASS
doc003#c076,doc003,中华人民共和国疫苗管理法,中华人民共和国疫苗管理法.txt,134,VERBATIM_EXACT,True,False,VERIFIED_PASS
doc003#c077,doc003,中华人民共和国疫苗管理法,中华人民共和国疫苗管理法.txt,76,VERBATIM_EXACT,True,False,VERIFIED_PASS
doc003#c078,doc003,中华人民共和国疫苗管理法,中华人民共和国疫苗管理法.txt,139,VERBATIM_EXACT,True,False,VERIFIED_PASS
doc003#c079,doc003,中华人民共和国疫苗管理法,中华人民共和国疫苗管理法.txt,101,VERBATIM_EXACT,True,False,VERIFIED_PASS
doc003#c080,doc003,中华人民共和国疫苗管理法,中华人民共和国疫苗管理法.txt,8,VERBATIM_EXACT,True,False,VERIFIED_PASS
doc003#c081,doc003,中华人民共和国疫苗管理法,中华人民共和国疫苗管理法.txt,258,VERBATIM_EXACT,True,False,VERIFIED_PASS
doc003#c082,doc003,中华人民共和国疫苗管理法,中华人民共和国疫苗管理法.txt,165,VERBATIM_EXACT,True,False,VERIFIED_PASS
doc003#c083,doc003,中华人民共和国疫苗管理法,中华人民共和国疫苗管理法.txt,217,VERBATIM_EXACT,True,False,VERIFIED_PASS
doc003#c084,doc003,中华人民共和国疫苗管理法,中华人民共和国疫苗管理法.txt,433,VERBATIM_EXACT,True,False,VERIFIED_PASS
doc003#c085,doc003,中华人民共和国疫苗管理法,中华人民共和国疫苗管理法.txt,106,VERBATIM_EXACT,True,False,VERIFIED_PASS
doc003#c086,doc003,中华人民共和国疫苗管理法,中华人民共和国疫苗管理法.txt,153,VERBATIM_EXACT,True,False,VERIFIED_PASS
doc003#c087,doc003,中华人民共和国疫苗管理法,中华人民共和国疫苗管理法.txt,313,VERBATIM_EXACT,True,False,VERIFIED_PASS
doc003#c088,doc003,中华人民共和国疫苗管理法,中华人民共和国疫苗管理法.txt,214,VERBATIM_EXACT,True,False,VERIFIED_PASS
doc003#c089,doc003,中华人民共和国疫苗管理法,中华人民共和国疫苗管理法.txt,399,VERBATIM_EXACT,True,False,VERIFIED_PASS
doc003#c090,doc003,中华人民共和国疫苗管理法,中华人民共和国疫苗管理法.txt,8,VERBATIM_EXACT,True,False,VERIFIED_PASS
doc003#c091,doc003,中华人民共和国疫苗管理法,中华人民共和国疫苗管理法.txt,30,VERBATIM_EXACT,True,False,VERIFIED_PASS
doc003#c092,doc003,中华人民共和国疫苗管理法,中华人民共和国疫苗管理法.txt,487,VERBATIM_EXACT,True,False,VERIFIED_PASS
doc003#c093,doc003,中华人民共和国疫苗管理法,中华人民共和国疫苗管理法.txt,461,VERBATIM_EXACT,True,False,VERIFIED_PASS
doc003#c094,doc003,中华人民共和国疫苗管理法,中华人民共和国疫苗管理法.txt,251,VERBATIM_EXACT,True,False,VERIFIED_PASS
doc003#c095,doc003,中华人民共和国疫苗管理法,中华人民共和国疫苗管理法.txt,309,VERBATIM_EXACT,True,False,VERIFIED_PASS
doc003#c096,doc003,中华人民共和国疫苗管理法,中华人民共和国疫苗管理法.txt,298,VERBATIM_EXACT,True,False,VERIFIED_PASS
doc003#c097,doc003,中华人民共和国疫苗管理法,中华人民共和国疫苗管理法.txt,541,VERBATIM_EXACT,True,False,VERIFIED_PASS
doc003#c098,doc003,中华人民共和国疫苗管理法,中华人民共和国疫苗管理法.txt,393,VERBATIM_EXACT,True,False,VERIFIED_PASS
doc003#c099,doc003,中华人民共和国疫苗管理法,中华人民共和国疫苗管理法.txt,285,VERBATIM_EXACT,True,False,VERIFIED_PASS
doc003#c100,doc003,中华人民共和国疫苗管理法,中华人民共和国疫苗管理法.txt,322,VERBATIM_EXACT,True,False,VERIFIED_PASS
doc003#c101,doc003,中华人民共和国疫苗管理法,中华人民共和国疫苗管理法.txt,261,VERBATIM_EXACT,True,False,VERIFIED_PASS
doc003#c102,doc003,中华人民共和国疫苗管理法,中华人民共和国疫苗管理法.txt,97,VERBATIM_EXACT,True,False,VERIFIED_PASS
doc003#c103,doc003,中华人民共和国疫苗管理法,中华人民共和国疫苗管理法.txt,297,VERBATIM_EXACT,True,False,VERIFIED_PASS
doc003#c104,doc003,中华人民共和国疫苗管理法,中华人民共和国疫苗管理法.txt,169,VERBATIM_EXACT,True,False,VERIFIED_PASS
doc003#c105,doc003,中华人民共和国疫苗管理法,中华人民共和国疫苗管理法.txt,141,VERBATIM_EXACT,True,False,VERIFIED_PASS
doc003#c106,doc003,中华人民共和国疫苗管理法,中华人民共和国疫苗管理法.txt,216,VERBATIM_EXACT,True,False,VERIFIED_PASS
doc003#c107,doc003,中华人民共和国疫苗管理法,中华人民共和国疫苗管理法.txt,290,VERBATIM_EXACT,True,False,VERIFIED_PASS
doc003#c108,doc003,中华人民共和国疫苗管理法,中华人民共和国疫苗管理法.txt,107,VERBATIM_EXACT,True,False,VERIFIED_PASS
doc003#c109,doc003,中华人民共和国疫苗管理法,中华人民共和国疫苗管理法.txt,7,VERBATIM_EXACT,True,False,VERIFIED_PASS
doc003#c110,doc003,中华人民共和国疫苗管理法,中华人民共和国疫苗管理法.txt,192,VERBATIM_EXACT,True,False,VERIFIED_PASS
doc003#c111,doc003,中华人民共和国疫苗管理法,中华人民共和国疫苗管理法.txt,59,VERBATIM_EXACT,True,False,VERIFIED_PASS
doc003#c112,doc003,中华人民共和国疫苗管理法,中华人民共和国疫苗管理法.txt,44,VERBATIM_EXACT,True,False,VERIFIED_PASS
doc003#c113,doc003,中华人民共和国疫苗管理法,中华人民共和国疫苗管理法.txt,22,VERBATIM_EXACT,True,False,VERIFIED_PASS
doc004#c001,doc004,中华人民共和国职业病防治法,中华人民共和国职业病防治法.txt,415,VERBATIM_EXACT,True,False,VERIFIED_PASS
doc004#c002,doc004,中华人民共和国职业病防治法,中华人民共和国职业病防治法.txt,6,VERBATIM_EXACT,True,False,VERIFIED_PASS
doc004#c003,doc004,中华人民共和国职业病防治法,中华人民共和国职业病防治法.txt,59,VERBATIM_EXACT,True,False,VERIFIED_PASS
doc004#c004,doc004,中华人民共和国职业病防治法,中华人民共和国职业病防治法.txt,139,VERBATIM_EXACT,True,False,VERIFIED_PASS
doc004#c005,doc004,中华人民共和国职业病防治法,中华人民共和国职业病防治法.txt,72,VERBATIM_EXACT,True,False,VERIFIED_PASS
doc004#c006,doc004,中华人民共和国职业病防治法,中华人民共和国职业病防治法.txt,143,VERBATIM_EXACT,True,False,VERIFIED_PASS
doc004#c007,doc004,中华人民共和国职业病防治法,中华人民共和国职业病防治法.txt,63,VERBATIM_EXACT,True,False,VERIFIED_PASS
doc004#c008,doc004,中华人民共和国职业病防治法,中华人民共和国职业病防治法.txt,31,VERBATIM_EXACT,True,False,VERIFIED_PASS
doc004#c009,doc004,中华人民共和国职业病防治法,中华人民共和国职业病防治法.txt,73,VERBATIM_EXACT,True,False,VERIFIED_PASS
doc004#c010,doc004,中华人民共和国职业病防治法,中华人民共和国职业病防治法.txt,162,VERBATIM_EXACT,True,False,VERIFIED_PASS
doc004#c011,doc004,中华人民共和国职业病防治法,中华人民共和国职业病防治法.txt,267,VERBATIM_EXACT,True,False,VERIFIED_PASS
doc004#c012,doc004,中华人民共和国职业病防治法,中华人民共和国职业病防治法.txt,203,VERBATIM_EXACT,True,False,VERIFIED_PASS
doc004#c013,doc004,中华人民共和国职业病防治法,中华人民共和国职业病防治法.txt,99,VERBATIM_EXACT,True,False,VERIFIED_PASS
doc004#c014,doc004,中华人民共和国职业病防治法,中华人民共和国职业病防治法.txt,150,VERBATIM_EXACT,True,False,VERIFIED_PASS
doc004#c015,doc004,中华人民共和国职业病防治法,中华人民共和国职业病防治法.txt,76,VERBATIM_EXACT,True,False,VERIFIED_PASS
doc004#c016,doc004,中华人民共和国职业病防治法,中华人民共和国职业病防治法.txt,8,VERBATIM_EXACT,True,False,VERIFIED_PASS
doc004#c017,doc004,中华人民共和国职业病防治法,中华人民共和国职业病防治法.txt,59,VERBATIM_EXACT,True,False,VERIFIED_PASS
doc004#c018,doc004,中华人民共和国职业病防治法,中华人民共和国职业病防治法.txt,231,VERBATIM_EXACT,True,False,VERIFIED_PASS
doc004#c019,doc004,中华人民共和国职业病防治法,中华人民共和国职业病防治法.txt,136,VERBATIM_EXACT,True,False,VERIFIED_PASS
doc004#c020,doc004,中华人民共和国职业病防治法,中华人民共和国职业病防治法.txt,298,VERBATIM_EXACT,True,False,VERIFIED_PASS
doc004#c021,doc004,中华人民共和国职业病防治法,中华人民共和国职业病防治法.txt,313,VERBATIM_EXACT,True,False,VERIFIED_PASS
doc004#c022,doc004,中华人民共和国职业病防治法,中华人民共和国职业病防治法.txt,44,VERBATIM_EXACT,True,False,VERIFIED_PASS
doc004#c023,doc004,中华人民共和国职业病防治法,中华人民共和国职业病防治法.txt,15,VERBATIM_EXACT,True,False,VERIFIED_PASS
doc004#c024,doc004,中华人民共和国职业病防治法,中华人民共和国职业病防治法.txt,199,VERBATIM_EXACT,True,False,VERIFIED_PASS
doc004#c025,doc004,中华人民共和国职业病防治法,中华人民共和国职业病防治法.txt,54,VERBATIM_EXACT,True,False,VERIFIED_PASS
doc004#c026,doc004,中华人民共和国职业病防治法,中华人民共和国职业病防治法.txt,91,VERBATIM_EXACT,True,False,VERIFIED_PASS
doc004#c027,doc004,中华人民共和国职业病防治法,中华人民共和国职业病防治法.txt,73,VERBATIM_EXACT,True,False,VERIFIED_PASS
doc004#c028,doc004,中华人民共和国职业病防治法,中华人民共和国职业病防治法.txt,158,VERBATIM_EXACT,True,False,VERIFIED_PASS
doc004#c029,doc004,中华人民共和国职业病防治法,中华人民共和国职业病防治法.txt,211,VERBATIM_EXACT,True,False,VERIFIED_PASS
doc004#c030,doc004,中华人民共和国职业病防治法,中华人民共和国职业病防治法.txt,358,VERBATIM_EXACT,True,False,VERIFIED_PASS
doc004#c031,doc004,中华人民共和国职业病防治法,中华人民共和国职业病防治法.txt,66,VERBATIM_EXACT,True,False,VERIFIED_PASS
doc004#c032,doc004,中华人民共和国职业病防治法,中华人民共和国职业病防治法.txt,113,VERBATIM_EXACT,True,False,VERIFIED_PASS
doc004#c033,doc004,中华人民共和国职业病防治法,中华人民共和国职业病防治法.txt,315,VERBATIM_EXACT,True,False,VERIFIED_PASS
doc004#c034,doc004,中华人民共和国职业病防治法,中华人民共和国职业病防治法.txt,51,VERBATIM_EXACT,True,False,VERIFIED_PASS
doc004#c035,doc004,中华人民共和国职业病防治法,中华人民共和国职业病防治法.txt,77,VERBATIM_EXACT,True,False,VERIFIED_PASS
doc004#c036,doc004,中华人民共和国职业病防治法,中华人民共和国职业病防治法.txt,86,VERBATIM_EXACT,True,False,VERIFIED_PASS
doc004#c037,doc004,中华人民共和国职业病防治法,中华人民共和国职业病防治法.txt,247,VERBATIM_EXACT,True,False,VERIFIED_PASS
doc004#c038,doc004,中华人民共和国职业病防治法,中华人民共和国职业病防治法.txt,294,VERBATIM_EXACT,True,False,VERIFIED_PASS
doc004#c039,doc004,中华人民共和国职业病防治法,中华人民共和国职业病防治法.txt,315,VERBATIM_EXACT,True,False,VERIFIED_PASS
doc004#c040,doc004,中华人民共和国职业病防治法,中华人民共和国职业病防治法.txt,151,VERBATIM_EXACT,True,False,VERIFIED_PASS
doc004#c041,doc004,中华人民共和国职业病防治法,中华人民共和国职业病防治法.txt,187,VERBATIM_EXACT,True,False,VERIFIED_PASS
doc004#c042,doc004,中华人民共和国职业病防治法,中华人民共和国职业病防治法.txt,63,VERBATIM_EXACT,True,False,VERIFIED_PASS
doc004#c043,doc004,中华人民共和国职业病防治法,中华人民共和国职业病防治法.txt,337,VERBATIM_EXACT,True,False,VERIFIED_PASS
doc004#c044,doc004,中华人民共和国职业病防治法,中华人民共和国职业病防治法.txt,272,VERBATIM_EXACT,True,False,VERIFIED_PASS
doc004#c045,doc004,中华人民共和国职业病防治法,中华人民共和国职业病防治法.txt,77,VERBATIM_EXACT,True,False,VERIFIED_PASS
doc004#c046,doc004,中华人民共和国职业病防治法,中华人民共和国职业病防治法.txt,63,VERBATIM_EXACT,True,False,VERIFIED_PASS
doc004#c047,doc004,中华人民共和国职业病防治法,中华人民共和国职业病防治法.txt,17,VERBATIM_EXACT,True,False,VERIFIED_PASS
doc004#c048,doc004,中华人民共和国职业病防治法,中华人民共和国职业病防治法.txt,210,VERBATIM_EXACT,True,False,VERIFIED_PASS
doc004#c049,doc004,中华人民共和国职业病防治法,中华人民共和国职业病防治法.txt,58,VERBATIM_EXACT,True,False,VERIFIED_PASS
doc004#c050,doc004,中华人民共和国职业病防治法,中华人民共和国职业病防治法.txt,75,VERBATIM_EXACT,True,False,VERIFIED_PASS
doc004#c051,doc004,中华人民共和国职业病防治法,中华人民共和国职业病防治法.txt,173,VERBATIM_EXACT,True,False,VERIFIED_PASS
doc004#c052,doc004,中华人民共和国职业病防治法,中华人民共和国职业病防治法.txt,204,VERBATIM_EXACT,True,False,VERIFIED_PASS
doc004#c053,doc004,中华人民共和国职业病防治法,中华人民共和国职业病防治法.txt,274,VERBATIM_EXACT,True,False,VERIFIED_PASS
doc004#c054,doc004,中华人民共和国职业病防治法,中华人民共和国职业病防治法.txt,322,VERBATIM_EXACT,True,False,VERIFIED_PASS
doc004#c055,doc004,中华人民共和国职业病防治法,中华人民共和国职业病防治法.txt,97,VERBATIM_EXACT,True,False,VERIFIED_PASS
doc004#c056,doc004,中华人民共和国职业病防治法,中华人民共和国职业病防治法.txt,52,VERBATIM_EXACT,True,False,VERIFIED_PASS
doc004#c057,doc004,中华人民共和国职业病防治法,中华人民共和国职业病防治法.txt,165,VERBATIM_EXACT,True,False,VERIFIED_PASS
doc004#c058,doc004,中华人民共和国职业病防治法,中华人民共和国职业病防治法.txt,209,VERBATIM_EXACT,True,False,VERIFIED_PASS
doc004#c059,doc004,中华人民共和国职业病防治法,中华人民共和国职业病防治法.txt,174,VERBATIM_EXACT,True,False,VERIFIED_PASS
doc004#c060,doc004,中华人民共和国职业病防治法,中华人民共和国职业病防治法.txt,133,VERBATIM_EXACT,True,False,VERIFIED_PASS
doc004#c061,doc004,中华人民共和国职业病防治法,中华人民共和国职业病防治法.txt,141,VERBATIM_EXACT,True,False,VERIFIED_PASS
doc004#c062,doc004,中华人民共和国职业病防治法,中华人民共和国职业病防治法.txt,57,VERBATIM_EXACT,True,False,VERIFIED_PASS
doc004#c063,doc004,中华人民共和国职业病防治法,中华人民共和国职业病防治法.txt,55,VERBATIM_EXACT,True,False,VERIFIED_PASS
doc004#c064,doc004,中华人民共和国职业病防治法,中华人民共和国职业病防治法.txt,52,VERBATIM_EXACT,True,False,VERIFIED_PASS
doc004#c065,doc004,中华人民共和国职业病防治法,中华人民共和国职业病防治法.txt,97,VERBATIM_EXACT,True,False,VERIFIED_PASS
doc004#c066,doc004,中华人民共和国职业病防治法,中华人民共和国职业病防治法.txt,113,VERBATIM_EXACT,True,False,VERIFIED_PASS
doc004#c067,doc004,中华人民共和国职业病防治法,中华人民共和国职业病防治法.txt,8,VERBATIM_EXACT,True,False,VERIFIED_PASS
doc004#c068,doc004,中华人民共和国职业病防治法,中华人民共和国职业病防治法.txt,73,VERBATIM_EXACT,True,False,VERIFIED_PASS
doc004#c069,doc004,中华人民共和国职业病防治法,中华人民共和国职业病防治法.txt,129,VERBATIM_EXACT,True,False,VERIFIED_PASS
doc004#c070,doc004,中华人民共和国职业病防治法,中华人民共和国职业病防治法.txt,176,VERBATIM_EXACT,True,False,VERIFIED_PASS
doc004#c071,doc004,中华人民共和国职业病防治法,中华人民共和国职业病防治法.txt,85,VERBATIM_EXACT,True,False,VERIFIED_PASS
doc004#c072,doc004,中华人民共和国职业病防治法,中华人民共和国职业病防治法.txt,51,VERBATIM_EXACT,True,False,VERIFIED_PASS
doc004#c073,doc004,中华人民共和国职业病防治法,中华人民共和国职业病防治法.txt,162,VERBATIM_EXACT,True,False,VERIFIED_PASS
doc004#c074,doc004,中华人民共和国职业病防治法,中华人民共和国职业病防治法.txt,127,VERBATIM_EXACT,True,False,VERIFIED_PASS
doc004#c075,doc004,中华人民共和国职业病防治法,中华人民共和国职业病防治法.txt,8,VERBATIM_EXACT,True,False,VERIFIED_PASS
doc004#c076,doc004,中华人民共和国职业病防治法,中华人民共和国职业病防治法.txt,415,VERBATIM_EXACT,True,False,VERIFIED_PASS
doc004#c077,doc004,中华人民共和国职业病防治法,中华人民共和国职业病防治法.txt,275,VERBATIM_EXACT,True,False,VERIFIED_PASS
doc004#c078,doc004,中华人民共和国职业病防治法,中华人民共和国职业病防治法.txt,252,VERBATIM_EXACT,True,False,VERIFIED_PASS
doc004#c079,doc004,中华人民共和国职业病防治法,中华人民共和国职业病防治法.txt,621,VERBATIM_EXACT,True,False,VERIFIED_PASS
doc004#c080,doc004,中华人民共和国职业病防治法,中华人民共和国职业病防治法.txt,94,VERBATIM_EXACT,True,False,VERIFIED_PASS
doc004#c081,doc004,中华人民共和国职业病防治法,中华人民共和国职业病防治法.txt,131,VERBATIM_EXACT,True,False,VERIFIED_PASS
doc004#c082,doc004,中华人民共和国职业病防治法,中华人民共和国职业病防治法.txt,430,VERBATIM_EXACT,True,False,VERIFIED_PASS
doc004#c083,doc004,中华人民共和国职业病防治法,中华人民共和国职业病防治法.txt,61,VERBATIM_EXACT,True,False,VERIFIED_PASS
doc004#c084,doc004,中华人民共和国职业病防治法,中华人民共和国职业病防治法.txt,99,VERBATIM_EXACT,True,False,VERIFIED_PASS
doc004#c085,doc004,中华人民共和国职业病防治法,中华人民共和国职业病防治法.txt,72,VERBATIM_EXACT,True,False,VERIFIED_PASS
doc004#c086,doc004,中华人民共和国职业病防治法,中华人民共和国职业病防治法.txt,167,VERBATIM_EXACT,True,False,VERIFIED_PASS
doc004#c087,doc004,中华人民共和国职业病防治法,中华人民共和国职业病防治法.txt,292,VERBATIM_EXACT,True,False,VERIFIED_PASS
doc004#c088,doc004,中华人民共和国职业病防治法,中华人民共和国职业病防治法.txt,130,VERBATIM_EXACT,True,False,VERIFIED_PASS
doc004#c089,doc004,中华人民共和国职业病防治法,中华人民共和国职业病防治法.txt,104,VERBATIM_EXACT,True,False,VERIFIED_PASS
doc004#c090,doc004,中华人民共和国职业病防治法,中华人民共和国职业病防治法.txt,208,VERBATIM_EXACT,True,False,VERIFIED_PASS
doc004#c091,doc004,中华人民共和国职业病防治法,中华人民共和国职业病防治法.txt,28,VERBATIM_EXACT,True,False,VERIFIED_PASS
doc004#c092,doc004,中华人民共和国职业病防治法,中华人民共和国职业病防治法.txt,6,VERBATIM_EXACT,True,False,VERIFIED_PASS
doc004#c093,doc004,中华人民共和国职业病防治法,中华人民共和国职业病防治法.txt,218,VERBATIM_EXACT,True,False,VERIFIED_PASS
doc004#c094,doc004,中华人民共和国职业病防治法,中华人民共和国职业病防治法.txt,109,VERBATIM_EXACT,True,False,VERIFIED_PASS
doc004#c095,doc004,中华人民共和国职业病防治法,中华人民共和国职业病防治法.txt,44,VERBATIM_EXACT,True,False,VERIFIED_PASS
doc004#c096,doc004,中华人民共和国职业病防治法,中华人民共和国职业病防治法.txt,22,VERBATIM_EXACT,True,False,VERIFIED_PASS
doc005#c001,doc005,中华人民共和国传染病防治法,中华人民共和国传染病防治法.txt,265,NORMALIZED_WHITESPACE,True,False,VERIFIED_PASS
doc005#c002,doc005,中华人民共和国传染病防治法,中华人民共和国传染病防治法.txt,6,VERBATIM_EXACT,True,False,VERIFIED_PASS
doc005#c003,doc005,中华人民共和国传染病防治法,中华人民共和国传染病防治法.txt,41,VERBATIM_EXACT,True,False,VERIFIED_PASS
doc005#c004,doc005,中华人民共和国传染病防治法,中华人民共和国传染病防治法.txt,42,VERBATIM_EXACT,True,False,VERIFIED_PASS
doc005#c005,doc005,中华人民共和国传染病防治法,中华人民共和国传染病防治法.txt,338,NORMALIZED_WHITESPACE,True,False,VERIFIED_PASS
doc005#c006,doc005,中华人民共和国传染病防治法,中华人民共和国传染病防治法.txt,255,NORMALIZED_WHITESPACE,True,False,VERIFIED_PASS
doc005#c007,doc005,中华人民共和国传染病防治法,中华人民共和国传染病防治法.txt,73,NORMALIZED_WHITESPACE,True,False,VERIFIED_PASS
doc005#c008,doc005,中华人民共和国传染病防治法,中华人民共和国传染病防治法.txt,149,NORMALIZED_WHITESPACE,True,False,VERIFIED_PASS
doc005#c009,doc005,中华人民共和国传染病防治法,中华人民共和国传染病防治法.txt,134,NORMALIZED_WHITESPACE,True,False,VERIFIED_PASS
doc005#c010,doc005,中华人民共和国传染病防治法,中华人民共和国传染病防治法.txt,76,NORMALIZED_WHITESPACE,True,False,VERIFIED_PASS
doc005#c011,doc005,中华人民共和国传染病防治法,中华人民共和国传染病防治法.txt,116,NORMALIZED_WHITESPACE,True,False,VERIFIED_PASS
doc005#c012,doc005,中华人民共和国传染病防治法,中华人民共和国传染病防治法.txt,184,NORMALIZED_WHITESPACE,True,False,VERIFIED_PASS
doc005#c013,doc005,中华人民共和国传染病防治法,中华人民共和国传染病防治法.txt,77,NORMALIZED_WHITESPACE,True,False,VERIFIED_PASS
doc005#c014,doc005,中华人民共和国传染病防治法,中华人民共和国传染病防治法.txt,198,NORMALIZED_WHITESPACE,True,False,VERIFIED_PASS
doc005#c015,doc005,中华人民共和国传染病防治法,中华人民共和国传染病防治法.txt,9,VERBATIM_EXACT,True,False,VERIFIED_PASS
doc005#c016,doc005,中华人民共和国传染病防治法,中华人民共和国传染病防治法.txt,219,NORMALIZED_WHITESPACE,True,False,VERIFIED_PASS
doc005#c017,doc005,中华人民共和国传染病防治法,中华人民共和国传染病防治法.txt,58,VERBATIM_EXACT,True,False,VERIFIED_PASS
doc005#c018,doc005,中华人民共和国传染病防治法,中华人民共和国传染病防治法.txt,186,NORMALIZED_WHITESPACE,True,False,VERIFIED_PASS
doc005#c019,doc005,中华人民共和国传染病防治法,中华人民共和国传染病防治法.txt,154,NORMALIZED_WHITESPACE,True,False,VERIFIED_PASS
doc005#c020,doc005,中华人民共和国传染病防治法,中华人民共和国传染病防治法.txt,170,NORMALIZED_WHITESPACE,True,False,VERIFIED_PASS
doc005#c021,doc005,中华人民共和国传染病防治法,中华人民共和国传染病防治法.txt,481,NORMALIZED_WHITESPACE,True,False,VERIFIED_PASS
doc005#c022,doc005,中华人民共和国传染病防治法,中华人民共和国传染病防治法.txt,76,NORMALIZED_WHITESPACE,True,False,VERIFIED_PASS
doc005#c023,doc005,中华人民共和国传染病防治法,中华人民共和国传染病防治法.txt,310,NORMALIZED_WHITESPACE,True,False,VERIFIED_PASS
doc005#c024,doc005,中华人民共和国传染病防治法,中华人民共和国传染病防治法.txt,203,NORMALIZED_WHITESPACE,True,False,VERIFIED_PASS
doc005#c025,doc005,中华人民共和国传染病防治法,中华人民共和国传染病防治法.txt,115,VERBATIM_EXACT,True,False,VERIFIED_PASS
doc005#c026,doc005,中华人民共和国传染病防治法,中华人民共和国传染病防治法.txt,127,NORMALIZED_WHITESPACE,True,False,VERIFIED_PASS
doc005#c027,doc005,中华人民共和国传染病防治法,中华人民共和国传染病防治法.txt,55,VERBATIM_EXACT,True,False,VERIFIED_PASS
doc005#c028,doc005,中华人民共和国传染病防治法,中华人民共和国传染病防治法.txt,101,NORMALIZED_WHITESPACE,True,False,VERIFIED_PASS
doc005#c029,doc005,中华人民共和国传染病防治法,中华人民共和国传染病防治法.txt,162,NORMALIZED_WHITESPACE,True,False,VERIFIED_PASS
doc005#c030,doc005,中华人民共和国传染病防治法,中华人民共和国传染病防治法.txt,109,VERBATIM_EXACT,True,False,VERIFIED_PASS
doc005#c031,doc005,中华人民共和国传染病防治法,中华人民共和国传染病防治法.txt,163,VERBATIM_EXACT,True,False,VERIFIED_PASS
doc005#c032,doc005,中华人民共和国传染病防治法,中华人民共和国传染病防治法.txt,158,NORMALIZED_WHITESPACE,True,False,VERIFIED_PASS
doc005#c033,doc005,中华人民共和国传染病防治法,中华人民共和国传染病防治法.txt,14,VERBATIM_EXACT,True,False,VERIFIED_PASS
doc005#c034,doc005,中华人民共和国传染病防治法,中华人民共和国传染病防治法.txt,176,NORMALIZED_WHITESPACE,True,False,VERIFIED_PASS
doc005#c035,doc005,中华人民共和国传染病防治法,中华人民共和国传染病防治法.txt,56,VERBATIM_EXACT,True,False,VERIFIED_PASS
doc005#c036,doc005,中华人民共和国传染病防治法,中华人民共和国传染病防治法.txt,115,VERBATIM_EXACT,True,False,VERIFIED_PASS
doc005#c037,doc005,中华人民共和国传染病防治法,中华人民共和国传染病防治法.txt,177,NORMALIZED_WHITESPACE,True,False,VERIFIED_PASS
doc005#c038,doc005,中华人民共和国传染病防治法,中华人民共和国传染病防治法.txt,100,VERBATIM_EXACT,True,False,VERIFIED_PASS
doc005#c039,doc005,中华人民共和国传染病防治法,中华人民共和国传染病防治法.txt,206,NORMALIZED_WHITESPACE,True,False,VERIFIED_PASS
doc005#c040,doc005,中华人民共和国传染病防治法,中华人民共和国传染病防治法.txt,55,VERBATIM_EXACT,True,False,VERIFIED_PASS
doc005#c041,doc005,中华人民共和国传染病防治法,中华人民共和国传染病防治法.txt,76,VERBATIM_EXACT,True,False,VERIFIED_PASS
doc005#c042,doc005,中华人民共和国传染病防治法,中华人民共和国传染病防治法.txt,179,NORMALIZED_WHITESPACE,True,False,VERIFIED_PASS
doc005#c043,doc005,中华人民共和国传染病防治法,中华人民共和国传染病防治法.txt,8,VERBATIM_EXACT,True,False,VERIFIED_PASS
doc005#c044,doc005,中华人民共和国传染病防治法,中华人民共和国传染病防治法.txt,289,NORMALIZED_WHITESPACE,True,False,VERIFIED_PASS
doc005#c045,doc005,中华人民共和国传染病防治法,中华人民共和国传染病防治法.txt,252,NORMALIZED_WHITESPACE,True,False,VERIFIED_PASS
doc005#c046,doc005,中华人民共和国传染病防治法,中华人民共和国传染病防治法.txt,223,NORMALIZED_WHITESPACE,True,False,VERIFIED_PASS
doc005#c047,doc005,中华人民共和国传染病防治法,中华人民共和国传染病防治法.txt,274,NORMALIZED_WHITESPACE,True,False,VERIFIED_PASS
doc005#c048,doc005,中华人民共和国传染病防治法,中华人民共和国传染病防治法.txt,264,NORMALIZED_WHITESPACE,True,False,VERIFIED_PASS
doc005#c049,doc005,中华人民共和国传染病防治法,中华人民共和国传染病防治法.txt,64,VERBATIM_EXACT,True,False,VERIFIED_PASS
doc005#c050,doc005,中华人民共和国传染病防治法,中华人民共和国传染病防治法.txt,175,NORMALIZED_WHITESPACE,True,False,VERIFIED_PASS
doc005#c051,doc005,中华人民共和国传染病防治法,中华人民共和国传染病防治法.txt,147,NORMALIZED_WHITESPACE,True,False,VERIFIED_PASS
doc005#c052,doc005,中华人民共和国传染病防治法,中华人民共和国传染病防治法.txt,81,VERBATIM_EXACT,True,False,VERIFIED_PASS
doc005#c053,doc005,中华人民共和国传染病防治法,中华人民共和国传染病防治法.txt,87,VERBATIM_EXACT,True,False,VERIFIED_PASS
doc005#c054,doc005,中华人民共和国传染病防治法,中华人民共和国传染病防治法.txt,122,VERBATIM_EXACT,True,False,VERIFIED_PASS
doc005#c055,doc005,中华人民共和国传染病防治法,中华人民共和国传染病防治法.txt,8,VERBATIM_EXACT,True,False,VERIFIED_PASS
doc005#c056,doc005,中华人民共和国传染病防治法,中华人民共和国传染病防治法.txt,83,VERBATIM_EXACT,True,False,VERIFIED_PASS
doc005#c057,doc005,中华人民共和国传染病防治法,中华人民共和国传染病防治法.txt,146,NORMALIZED_WHITESPACE,True,False,VERIFIED_PASS
doc005#c058,doc005,中华人民共和国传染病防治法,中华人民共和国传染病防治法.txt,182,NORMALIZED_WHITESPACE,True,False,VERIFIED_PASS
doc005#c059,doc005,中华人民共和国传染病防治法,中华人民共和国传染病防治法.txt,8,VERBATIM_EXACT,True,False,VERIFIED_PASS
doc005#c060,doc005,中华人民共和国传染病防治法,中华人民共和国传染病防治法.txt,316,NORMALIZED_WHITESPACE,True,False,VERIFIED_PASS
doc005#c061,doc005,中华人民共和国传染病防治法,中华人民共和国传染病防治法.txt,92,VERBATIM_EXACT,True,False,VERIFIED_PASS
doc005#c062,doc005,中华人民共和国传染病防治法,中华人民共和国传染病防治法.txt,185,VERBATIM_EXACT,True,False,VERIFIED_PASS
doc005#c063,doc005,中华人民共和国传染病防治法,中华人民共和国传染病防治法.txt,101,NORMALIZED_WHITESPACE,True,False,VERIFIED_PASS
doc005#c064,doc005,中华人民共和国传染病防治法,中华人民共和国传染病防治法.txt,110,NORMALIZED_WHITESPACE,True,False,VERIFIED_PASS
doc005#c065,doc005,中华人民共和国传染病防治法,中华人民共和国传染病防治法.txt,100,VERBATIM_EXACT,True,False,VERIFIED_PASS
doc005#c066,doc005,中华人民共和国传染病防治法,中华人民共和国传染病防治法.txt,8,VERBATIM_EXACT,True,False,VERIFIED_PASS
doc005#c067,doc005,中华人民共和国传染病防治法,中华人民共和国传染病防治法.txt,68,VERBATIM_EXACT,True,False,VERIFIED_PASS
doc005#c068,doc005,中华人民共和国传染病防治法,中华人民共和国传染病防治法.txt,215,NORMALIZED_WHITESPACE,True,False,VERIFIED_PASS
doc005#c069,doc005,中华人民共和国传染病防治法,中华人民共和国传染病防治法.txt,77,NORMALIZED_WHITESPACE,True,False,VERIFIED_PASS
doc005#c070,doc005,中华人民共和国传染病防治法,中华人民共和国传染病防治法.txt,64,VERBATIM_EXACT,True,False,VERIFIED_PASS
doc005#c071,doc005,中华人民共和国传染病防治法,中华人民共和国传染病防治法.txt,42,VERBATIM_EXACT,True,False,VERIFIED_PASS
doc005#c072,doc005,中华人民共和国传染病防治法,中华人民共和国传染病防治法.txt,98,VERBATIM_EXACT,True,False,VERIFIED_PASS
doc005#c073,doc005,中华人民共和国传染病防治法,中华人民共和国传染病防治法.txt,8,VERBATIM_EXACT,True,False,VERIFIED_PASS
doc005#c074,doc005,中华人民共和国传染病防治法,中华人民共和国传染病防治法.txt,146,VERBATIM_EXACT,True,False,VERIFIED_PASS
doc005#c075,doc005,中华人民共和国传染病防治法,中华人民共和国传染病防治法.txt,296,NORMALIZED_WHITESPACE,True,False,VERIFIED_PASS
doc005#c076,doc005,中华人民共和国传染病防治法,中华人民共和国传染病防治法.txt,133,VERBATIM_EXACT,True,False,VERIFIED_PASS
doc005#c077,doc005,中华人民共和国传染病防治法,中华人民共和国传染病防治法.txt,316,NORMALIZED_WHITESPACE,True,False,VERIFIED_PASS
doc005#c078,doc005,中华人民共和国传染病防治法,中华人民共和国传染病防治法.txt,461,NORMALIZED_WHITESPACE,True,False,VERIFIED_PASS
doc005#c079,doc005,中华人民共和国传染病防治法,中华人民共和国传染病防治法.txt,265,NORMALIZED_WHITESPACE,True,False,VERIFIED_PASS
doc005#c080,doc005,中华人民共和国传染病防治法,中华人民共和国传染病防治法.txt,131,VERBATIM_EXACT,True,False,VERIFIED_PASS
doc005#c081,doc005,中华人民共和国传染病防治法,中华人民共和国传染病防治法.txt,120,VERBATIM_EXACT,True,False,VERIFIED_PASS
doc005#c082,doc005,中华人民共和国传染病防治法,中华人民共和国传染病防治法.txt,297,NORMALIZED_WHITESPACE,True,False,VERIFIED_PASS
doc005#c083,doc005,中华人民共和国传染病防治法,中华人民共和国传染病防治法.txt,350,NORMALIZED_WHITESPACE,True,False,VERIFIED_PASS
doc005#c084,doc005,中华人民共和国传染病防治法,中华人民共和国传染病防治法.txt,75,VERBATIM_EXACT,True,False,VERIFIED_PASS
doc005#c085,doc005,中华人民共和国传染病防治法,中华人民共和国传染病防治法.txt,173,VERBATIM_EXACT,True,False,VERIFIED_PASS
doc005#c086,doc005,中华人民共和国传染病防治法,中华人民共和国传染病防治法.txt,54,VERBATIM_EXACT,True,False,VERIFIED_PASS
doc005#c087,doc005,中华人民共和国传染病防治法,中华人民共和国传染病防治法.txt,6,VERBATIM_EXACT,True,False,VERIFIED_PASS
doc005#c088,doc005,中华人民共和国传染病防治法,中华人民共和国传染病防治法.txt,725,NORMALIZED_WHITESPACE,True,False,VERIFIED_PASS
doc005#c089,doc005,中华人民共和国传染病防治法,中华人民共和国传染病防治法.txt,78,VERBATIM_EXACT,True,False,VERIFIED_PASS
doc005#c090,doc005,中华人民共和国传染病防治法,中华人民共和国传染病防治法.txt,22,VERBATIM_EXACT,True,False,VERIFIED_PASS
doc006#c001,doc006,麻醉药品和精神药品管理条例,麻醉药品和精神药品管理条例.txt,216,VERBATIM_EXACT,True,False,VERIFIED_PASS
doc006#c002,doc006,麻醉药品和精神药品管理条例,麻醉药品和精神药品管理条例.txt,6,VERBATIM_EXACT,True,False,VERIFIED_PASS
doc006#c003,doc006,麻醉药品和精神药品管理条例,麻醉药品和精神药品管理条例.txt,76,VERBATIM_EXACT,True,False,VERIFIED_PASS
doc006#c004,doc006,麻醉药品和精神药品管理条例,麻醉药品和精神药品管理条例.txt,88,VERBATIM_EXACT,True,False,VERIFIED_PASS
doc006#c005,doc006,麻醉药品和精神药品管理条例,麻醉药品和精神药品管理条例.txt,237,VERBATIM_EXACT,True,False,VERIFIED_PASS
doc006#c006,doc006,麻醉药品和精神药品管理条例,麻醉药品和精神药品管理条例.txt,101,VERBATIM_EXACT,True,False,VERIFIED_PASS
doc006#c007,doc006,麻醉药品和精神药品管理条例,麻醉药品和精神药品管理条例.txt,288,VERBATIM_EXACT,True,False,VERIFIED_PASS
doc006#c008,doc006,麻醉药品和精神药品管理条例,麻醉药品和精神药品管理条例.txt,51,VERBATIM_EXACT,True,False,VERIFIED_PASS
doc006#c009,doc006,麻醉药品和精神药品管理条例,麻醉药品和精神药品管理条例.txt,14,VERBATIM_EXACT,True,False,VERIFIED_PASS
doc006#c010,doc006,麻醉药品和精神药品管理条例,麻醉药品和精神药品管理条例.txt,167,VERBATIM_EXACT,True,False,VERIFIED_PASS
doc006#c011,doc006,麻醉药品和精神药品管理条例,麻醉药品和精神药品管理条例.txt,87,VERBATIM_EXACT,True,False,VERIFIED_PASS
doc006#c012,doc006,麻醉药品和精神药品管理条例,麻醉药品和精神药品管理条例.txt,65,VERBATIM_EXACT,True,False,VERIFIED_PASS
doc006#c013,doc006,麻醉药品和精神药品管理条例,麻醉药品和精神药品管理条例.txt,134,VERBATIM_EXACT,True,False,VERIFIED_PASS
doc006#c014,doc006,麻醉药品和精神药品管理条例,麻醉药品和精神药品管理条例.txt,76,VERBATIM_EXACT,True,False,VERIFIED_PASS
doc006#c015,doc006,麻醉药品和精神药品管理条例,麻醉药品和精神药品管理条例.txt,105,VERBATIM_EXACT,True,False,VERIFIED_PASS
doc006#c016,doc006,麻醉药品和精神药品管理条例,麻醉药品和精神药品管理条例.txt,35,VERBATIM_EXACT,True,False,VERIFIED_PASS
doc006#c017,doc006,麻醉药品和精神药品管理条例,麻醉药品和精神药品管理条例.txt,104,VERBATIM_EXACT,True,False,VERIFIED_PASS
doc006#c018,doc006,麻醉药品和精神药品管理条例,麻醉药品和精神药品管理条例.txt,344,VERBATIM_EXACT,True,False,VERIFIED_PASS
doc006#c019,doc006,麻醉药品和精神药品管理条例,麻醉药品和精神药品管理条例.txt,133,VERBATIM_EXACT,True,False,VERIFIED_PASS
doc006#c020,doc006,麻醉药品和精神药品管理条例,麻醉药品和精神药品管理条例.txt,165,VERBATIM_EXACT,True,False,VERIFIED_PASS
doc006#c021,doc006,麻醉药品和精神药品管理条例,麻醉药品和精神药品管理条例.txt,130,VERBATIM_EXACT,True,False,VERIFIED_PASS
doc006#c022,doc006,麻醉药品和精神药品管理条例,麻醉药品和精神药品管理条例.txt,74,VERBATIM_EXACT,True,False,VERIFIED_PASS
doc006#c023,doc006,麻醉药品和精神药品管理条例,麻醉药品和精神药品管理条例.txt,70,VERBATIM_EXACT,True,False,VERIFIED_PASS
doc006#c024,doc006,麻醉药品和精神药品管理条例,麻醉药品和精神药品管理条例.txt,39,VERBATIM_EXACT,True,False,VERIFIED_PASS
doc006#c025,doc006,麻醉药品和精神药品管理条例,麻醉药品和精神药品管理条例.txt,6,VERBATIM_EXACT,True,False,VERIFIED_PASS
doc006#c026,doc006,麻醉药品和精神药品管理条例,麻醉药品和精神药品管理条例.txt,188,VERBATIM_EXACT,True,False,VERIFIED_PASS
doc006#c027,doc006,麻醉药品和精神药品管理条例,麻醉药品和精神药品管理条例.txt,275,VERBATIM_EXACT,True,False,VERIFIED_PASS
doc006#c028,doc006,麻醉药品和精神药品管理条例,麻醉药品和精神药品管理条例.txt,229,VERBATIM_EXACT,True,False,VERIFIED_PASS
doc006#c029,doc006,麻醉药品和精神药品管理条例,麻醉药品和精神药品管理条例.txt,207,VERBATIM_EXACT,True,False,VERIFIED_PASS
doc006#c030,doc006,麻醉药品和精神药品管理条例,麻醉药品和精神药品管理条例.txt,283,VERBATIM_EXACT,True,False,VERIFIED_PASS
doc006#c031,doc006,麻醉药品和精神药品管理条例,麻醉药品和精神药品管理条例.txt,123,VERBATIM_EXACT,True,False,VERIFIED_PASS
doc006#c032,doc006,麻醉药品和精神药品管理条例,麻醉药品和精神药品管理条例.txt,64,VERBATIM_EXACT,True,False,VERIFIED_PASS
doc006#c033,doc006,麻醉药品和精神药品管理条例,麻醉药品和精神药品管理条例.txt,79,VERBATIM_EXACT,True,False,VERIFIED_PASS
doc006#c034,doc006,麻醉药品和精神药品管理条例,麻醉药品和精神药品管理条例.txt,64,VERBATIM_EXACT,True,False,VERIFIED_PASS
doc006#c035,doc006,麻醉药品和精神药品管理条例,麻醉药品和精神药品管理条例.txt,67,VERBATIM_EXACT,True,False,VERIFIED_PASS
doc006#c036,doc006,麻醉药品和精神药品管理条例,麻醉药品和精神药品管理条例.txt,93,VERBATIM_EXACT,True,False,VERIFIED_PASS
doc006#c037,doc006,麻醉药品和精神药品管理条例,麻醉药品和精神药品管理条例.txt,67,VERBATIM_EXACT,True,False,VERIFIED_PASS
doc006#c038,doc006,麻醉药品和精神药品管理条例,麻醉药品和精神药品管理条例.txt,6,VERBATIM_EXACT,True,False,VERIFIED_PASS
doc006#c039,doc006,麻醉药品和精神药品管理条例,麻醉药品和精神药品管理条例.txt,206,VERBATIM_EXACT,True,False,VERIFIED_PASS
doc006#c040,doc006,麻醉药品和精神药品管理条例,麻醉药品和精神药品管理条例.txt,246,VERBATIM_EXACT,True,False,VERIFIED_PASS
doc006#c041,doc006,麻醉药品和精神药品管理条例,麻醉药品和精神药品管理条例.txt,264,VERBATIM_EXACT,True,False,VERIFIED_PASS
doc006#c042,doc006,麻醉药品和精神药品管理条例,麻醉药品和精神药品管理条例.txt,110,VERBATIM_EXACT,True,False,VERIFIED_PASS
doc006#c043,doc006,麻醉药品和精神药品管理条例,麻醉药品和精神药品管理条例.txt,267,VERBATIM_EXACT,True,False,VERIFIED_PASS
doc006#c044,doc006,麻醉药品和精神药品管理条例,麻醉药品和精神药品管理条例.txt,189,VERBATIM_EXACT,True,False,VERIFIED_PASS
doc006#c045,doc006,麻醉药品和精神药品管理条例,麻醉药品和精神药品管理条例.txt,158,VERBATIM_EXACT,True,False,VERIFIED_PASS
doc006#c046,doc006,麻醉药品和精神药品管理条例,麻醉药品和精神药品管理条例.txt,62,VERBATIM_EXACT,True,False,VERIFIED_PASS
doc006#c047,doc006,麻醉药品和精神药品管理条例,麻醉药品和精神药品管理条例.txt,106,VERBATIM_EXACT,True,False,VERIFIED_PASS
doc006#c048,doc006,麻醉药品和精神药品管理条例,麻醉药品和精神药品管理条例.txt,122,VERBATIM_EXACT,True,False,VERIFIED_PASS
doc006#c049,doc006,麻醉药品和精神药品管理条例,麻醉药品和精神药品管理条例.txt,185,VERBATIM_EXACT,True,False,VERIFIED_PASS
doc006#c050,doc006,麻醉药品和精神药品管理条例,麻醉药品和精神药品管理条例.txt,98,VERBATIM_EXACT,True,False,VERIFIED_PASS
doc006#c051,doc006,麻醉药品和精神药品管理条例,麻醉药品和精神药品管理条例.txt,6,VERBATIM_EXACT,True,False,VERIFIED_PASS
doc006#c052,doc006,麻醉药品和精神药品管理条例,麻醉药品和精神药品管理条例.txt,230,VERBATIM_EXACT,True,False,VERIFIED_PASS
doc006#c053,doc006,麻醉药品和精神药品管理条例,麻醉药品和精神药品管理条例.txt,92,VERBATIM_EXACT,True,False,VERIFIED_PASS
doc006#c054,doc006,麻醉药品和精神药品管理条例,麻醉药品和精神药品管理条例.txt,163,VERBATIM_EXACT,True,False,VERIFIED_PASS
doc006#c055,doc006,麻醉药品和精神药品管理条例,麻醉药品和精神药品管理条例.txt,89,VERBATIM_EXACT,True,False,VERIFIED_PASS
doc006#c056,doc006,麻醉药品和精神药品管理条例,麻醉药品和精神药品管理条例.txt,6,VERBATIM_EXACT,True,False,VERIFIED_PASS
doc006#c057,doc006,麻醉药品和精神药品管理条例,麻醉药品和精神药品管理条例.txt,63,VERBATIM_EXACT,True,False,VERIFIED_PASS
doc006#c058,doc006,麻醉药品和精神药品管理条例,麻醉药品和精神药品管理条例.txt,114,VERBATIM_EXACT,True,False,VERIFIED_PASS
doc006#c059,doc006,麻醉药品和精神药品管理条例,麻醉药品和精神药品管理条例.txt,101,VERBATIM_EXACT,True,False,VERIFIED_PASS
doc006#c060,doc006,麻醉药品和精神药品管理条例,麻醉药品和精神药品管理条例.txt,121,VERBATIM_EXACT,True,False,VERIFIED_PASS
doc006#c061,doc006,麻醉药品和精神药品管理条例,麻醉药品和精神药品管理条例.txt,233,VERBATIM_EXACT,True,False,VERIFIED_PASS
doc006#c062,doc006,麻醉药品和精神药品管理条例,麻醉药品和精神药品管理条例.txt,203,VERBATIM_EXACT,True,False,VERIFIED_PASS
doc006#c063,doc006,麻醉药品和精神药品管理条例,麻醉药品和精神药品管理条例.txt,13,VERBATIM_EXACT,True,False,VERIFIED_PASS
doc006#c064,doc006,麻醉药品和精神药品管理条例,麻醉药品和精神药品管理条例.txt,274,VERBATIM_EXACT,True,False,VERIFIED_PASS
doc006#c065,doc006,麻醉药品和精神药品管理条例,麻醉药品和精神药品管理条例.txt,79,VERBATIM_EXACT,True,False,VERIFIED_PASS
doc006#c066,doc006,麻醉药品和精神药品管理条例,麻醉药品和精神药品管理条例.txt,109,VERBATIM_EXACT,True,False,VERIFIED_PASS
doc006#c067,doc006,麻醉药品和精神药品管理条例,麻醉药品和精神药品管理条例.txt,202,VERBATIM_EXACT,True,False,VERIFIED_PASS
doc006#c068,doc006,麻醉药品和精神药品管理条例,麻醉药品和精神药品管理条例.txt,381,VERBATIM_EXACT,True,False,VERIFIED_PASS
doc006#c069,doc006,麻醉药品和精神药品管理条例,麻醉药品和精神药品管理条例.txt,227,VERBATIM_EXACT,True,False,VERIFIED_PASS
doc006#c070,doc006,麻醉药品和精神药品管理条例,麻醉药品和精神药品管理条例.txt,50,VERBATIM_EXACT,True,False,VERIFIED_PASS
doc006#c071,doc006,麻醉药品和精神药品管理条例,麻醉药品和精神药品管理条例.txt,200,VERBATIM_EXACT,True,False,VERIFIED_PASS
doc006#c072,doc006,麻醉药品和精神药品管理条例,麻醉药品和精神药品管理条例.txt,207,VERBATIM_EXACT,True,False,VERIFIED_PASS
doc006#c073,doc006,麻醉药品和精神药品管理条例,麻醉药品和精神药品管理条例.txt,8,VERBATIM_EXACT,True,False,VERIFIED_PASS
doc006#c074,doc006,麻醉药品和精神药品管理条例,麻醉药品和精神药品管理条例.txt,259,VERBATIM_EXACT,True,False,VERIFIED_PASS
doc006#c075,doc006,麻醉药品和精神药品管理条例,麻醉药品和精神药品管理条例.txt,157,VERBATIM_EXACT,True,False,VERIFIED_PASS
doc006#c076,doc006,麻醉药品和精神药品管理条例,麻醉药品和精神药品管理条例.txt,249,VERBATIM_EXACT,True,False,VERIFIED_PASS
doc006#c077,doc006,麻醉药品和精神药品管理条例,麻醉药品和精神药品管理条例.txt,153,VERBATIM_EXACT,True,False,VERIFIED_PASS
doc006#c078,doc006,麻醉药品和精神药品管理条例,麻醉药品和精神药品管理条例.txt,335,VERBATIM_EXACT,True,False,VERIFIED_PASS
doc006#c079,doc006,麻醉药品和精神药品管理条例,麻醉药品和精神药品管理条例.txt,130,VERBATIM_EXACT,True,False,VERIFIED_PASS
doc006#c080,doc006,麻醉药品和精神药品管理条例,麻醉药品和精神药品管理条例.txt,121,VERBATIM_EXACT,True,False,VERIFIED_PASS
doc006#c081,doc006,麻醉药品和精神药品管理条例,麻醉药品和精神药品管理条例.txt,286,VERBATIM_EXACT,True,False,VERIFIED_PASS
doc006#c082,doc006,麻醉药品和精神药品管理条例,麻醉药品和精神药品管理条例.txt,370,VERBATIM_EXACT,True,False,VERIFIED_PASS
doc006#c083,doc006,麻醉药品和精神药品管理条例,麻醉药品和精神药品管理条例.txt,162,VERBATIM_EXACT,True,False,VERIFIED_PASS
doc006#c084,doc006,麻醉药品和精神药品管理条例,麻醉药品和精神药品管理条例.txt,158,VERBATIM_EXACT,True,False,VERIFIED_PASS
doc006#c085,doc006,麻醉药品和精神药品管理条例,麻醉药品和精神药品管理条例.txt,108,VERBATIM_EXACT,True,False,VERIFIED_PASS
doc006#c086,doc006,麻醉药品和精神药品管理条例,麻醉药品和精神药品管理条例.txt,132,VERBATIM_EXACT,True,False,VERIFIED_PASS
doc006#c087,doc006,麻醉药品和精神药品管理条例,麻醉药品和精神药品管理条例.txt,106,VERBATIM_EXACT,True,False,VERIFIED_PASS
doc006#c088,doc006,麻醉药品和精神药品管理条例,麻醉药品和精神药品管理条例.txt,89,VERBATIM_EXACT,True,False,VERIFIED_PASS
doc006#c089,doc006,麻醉药品和精神药品管理条例,麻醉药品和精神药品管理条例.txt,169,VERBATIM_EXACT,True,False,VERIFIED_PASS
doc006#c090,doc006,麻醉药品和精神药品管理条例,麻醉药品和精神药品管理条例.txt,172,VERBATIM_EXACT,True,False,VERIFIED_PASS
doc006#c091,doc006,麻醉药品和精神药品管理条例,麻醉药品和精神药品管理条例.txt,224,VERBATIM_EXACT,True,False,VERIFIED_PASS
doc006#c092,doc006,麻醉药品和精神药品管理条例,麻醉药品和精神药品管理条例.txt,63,VERBATIM_EXACT,True,False,VERIFIED_PASS
doc006#c093,doc006,麻醉药品和精神药品管理条例,麻醉药品和精神药品管理条例.txt,6,VERBATIM_EXACT,True,False,VERIFIED_PASS
doc006#c094,doc006,麻醉药品和精神药品管理条例,麻醉药品和精神药品管理条例.txt,117,VERBATIM_EXACT,True,False,VERIFIED_PASS
doc006#c095,doc006,麻醉药品和精神药品管理条例,麻醉药品和精神药品管理条例.txt,64,VERBATIM_EXACT,True,False,VERIFIED_PASS
doc006#c096,doc006,麻醉药品和精神药品管理条例,麻醉药品和精神药品管理条例.txt,57,VERBATIM_EXACT,True,False,VERIFIED_PASS
doc006#c097,doc006,麻醉药品和精神药品管理条例,麻醉药品和精神药品管理条例.txt,67,VERBATIM_EXACT,True,False,VERIFIED_PASS
doc006#c098,doc006,麻醉药品和精神药品管理条例,麻醉药品和精神药品管理条例.txt,60,VERBATIM_EXACT,True,False,VERIFIED_PASS
doc006#c099,doc006,麻醉药品和精神药品管理条例,麻醉药品和精神药品管理条例.txt,84,VERBATIM_EXACT,True,False,VERIFIED_PASS
doc007#c001,doc007,中华人民共和国基本医疗卫生与健康促进法,中华人民共和国基本医疗卫生与健康促进法.txt,196,VERBATIM_EXACT,True,False,VERIFIED_PASS
doc007#c002,doc007,中华人民共和国基本医疗卫生与健康促进法,中华人民共和国基本医疗卫生与健康促进法.txt,6,VERBATIM_EXACT,True,False,VERIFIED_PASS
doc007#c003,doc007,中华人民共和国基本医疗卫生与健康促进法,中华人民共和国基本医疗卫生与健康促进法.txt,61,VERBATIM_EXACT,True,False,VERIFIED_PASS
doc007#c004,doc007,中华人民共和国基本医疗卫生与健康促进法,中华人民共和国基本医疗卫生与健康促进法.txt,29,VERBATIM_EXACT,True,False,VERIFIED_PASS
doc007#c005,doc007,中华人民共和国基本医疗卫生与健康促进法,中华人民共和国基本医疗卫生与健康促进法.txt,49,VERBATIM_EXACT,True,False,VERIFIED_PASS
doc007#c006,doc007,中华人民共和国基本医疗卫生与健康促进法,中华人民共和国基本医疗卫生与健康促进法.txt,118,VERBATIM_EXACT,True,False,VERIFIED_PASS
doc007#c007,doc007,中华人民共和国基本医疗卫生与健康促进法,中华人民共和国基本医疗卫生与健康促进法.txt,78,VERBATIM_EXACT,True,False,VERIFIED_PASS
doc007#c008,doc007,中华人民共和国基本医疗卫生与健康促进法,中华人民共和国基本医疗卫生与健康促进法.txt,142,VERBATIM_EXACT,True,False,VERIFIED_PASS
doc007#c009,doc007,中华人民共和国基本医疗卫生与健康促进法,中华人民共和国基本医疗卫生与健康促进法.txt,179,VERBATIM_EXACT,True,False,VERIFIED_PASS
doc007#c010,doc007,中华人民共和国基本医疗卫生与健康促进法,中华人民共和国基本医疗卫生与健康促进法.txt,133,VERBATIM_EXACT,True,False,VERIFIED_PASS
doc007#c011,doc007,中华人民共和国基本医疗卫生与健康促进法,中华人民共和国基本医疗卫生与健康促进法.txt,55,VERBATIM_EXACT,True,False,VERIFIED_PASS
doc007#c012,doc007,中华人民共和国基本医疗卫生与健康促进法,中华人民共和国基本医疗卫生与健康促进法.txt,62,VERBATIM_EXACT,True,False,VERIFIED_PASS
doc007#c013,doc007,中华人民共和国基本医疗卫生与健康促进法,中华人民共和国基本医疗卫生与健康促进法.txt,74,VERBATIM_EXACT,True,False,VERIFIED_PASS
doc007#c014,doc007,中华人民共和国基本医疗卫生与健康促进法,中华人民共和国基本医疗卫生与健康促进法.txt,109,VERBATIM_EXACT,True,False,VERIFIED_PASS
doc007#c015,doc007,中华人民共和国基本医疗卫生与健康促进法,中华人民共和国基本医疗卫生与健康促进法.txt,44,VERBATIM_EXACT,True,False,VERIFIED_PASS
doc007#c016,doc007,中华人民共和国基本医疗卫生与健康促进法,中华人民共和国基本医疗卫生与健康促进法.txt,79,VERBATIM_EXACT,True,False,VERIFIED_PASS
doc007#c017,doc007,中华人民共和国基本医疗卫生与健康促进法,中华人民共和国基本医疗卫生与健康促进法.txt,12,VERBATIM_EXACT,True,False,VERIFIED_PASS
doc007#c018,doc007,中华人民共和国基本医疗卫生与健康促进法,中华人民共和国基本医疗卫生与健康促进法.txt,130,VERBATIM_EXACT,True,False,VERIFIED_PASS
doc007#c019,doc007,中华人民共和国基本医疗卫生与健康促进法,中华人民共和国基本医疗卫生与健康促进法.txt,174,VERBATIM_EXACT,True,False,VERIFIED_PASS
doc007#c020,doc007,中华人民共和国基本医疗卫生与健康促进法,中华人民共和国基本医疗卫生与健康促进法.txt,105,VERBATIM_EXACT,True,False,VERIFIED_PASS
doc007#c021,doc007,中华人民共和国基本医疗卫生与健康促进法,中华人民共和国基本医疗卫生与健康促进法.txt,67,VERBATIM_EXACT,True,False,VERIFIED_PASS
doc007#c022,doc007,中华人民共和国基本医疗卫生与健康促进法,中华人民共和国基本医疗卫生与健康促进法.txt,76,VERBATIM_EXACT,True,False,VERIFIED_PASS
doc007#c023,doc007,中华人民共和国基本医疗卫生与健康促进法,中华人民共和国基本医疗卫生与健康促进法.txt,161,VERBATIM_EXACT,True,False,VERIFIED_PASS
doc007#c024,doc007,中华人民共和国基本医疗卫生与健康促进法,中华人民共和国基本医疗卫生与健康促进法.txt,62,VERBATIM_EXACT,True,False,VERIFIED_PASS
doc007#c025,doc007,中华人民共和国基本医疗卫生与健康促进法,中华人民共和国基本医疗卫生与健康促进法.txt,98,VERBATIM_EXACT,True,False,VERIFIED_PASS
doc007#c026,doc007,中华人民共和国基本医疗卫生与健康促进法,中华人民共和国基本医疗卫生与健康促进法.txt,129,VERBATIM_EXACT,True,False,VERIFIED_PASS
doc007#c027,doc007,中华人民共和国基本医疗卫生与健康促进法,中华人民共和国基本医疗卫生与健康促进法.txt,100,VERBATIM_EXACT,True,False,VERIFIED_PASS
doc007#c028,doc007,中华人民共和国基本医疗卫生与健康促进法,中华人民共和国基本医疗卫生与健康促进法.txt,65,VERBATIM_EXACT,True,False,VERIFIED_PASS
doc007#c029,doc007,中华人民共和国基本医疗卫生与健康促进法,中华人民共和国基本医疗卫生与健康促进法.txt,94,VERBATIM_EXACT,True,False,VERIFIED_PASS
doc007#c030,doc007,中华人民共和国基本医疗卫生与健康促进法,中华人民共和国基本医疗卫生与健康促进法.txt,172,VERBATIM_EXACT,True,False,VERIFIED_PASS
doc007#c031,doc007,中华人民共和国基本医疗卫生与健康促进法,中华人民共和国基本医疗卫生与健康促进法.txt,154,VERBATIM_EXACT,True,False,VERIFIED_PASS
doc007#c032,doc007,中华人民共和国基本医疗卫生与健康促进法,中华人民共和国基本医疗卫生与健康促进法.txt,53,VERBATIM_EXACT,True,False,VERIFIED_PASS
doc007#c033,doc007,中华人民共和国基本医疗卫生与健康促进法,中华人民共和国基本医疗卫生与健康促进法.txt,196,VERBATIM_EXACT,True,False,VERIFIED_PASS
doc007#c034,doc007,中华人民共和国基本医疗卫生与健康促进法,中华人民共和国基本医疗卫生与健康促进法.txt,72,VERBATIM_EXACT,True,False,VERIFIED_PASS
doc007#c035,doc007,中华人民共和国基本医疗卫生与健康促进法,中华人民共和国基本医疗卫生与健康促进法.txt,200,VERBATIM_EXACT,True,False,VERIFIED_PASS
doc007#c036,doc007,中华人民共和国基本医疗卫生与健康促进法,中华人民共和国基本医疗卫生与健康促进法.txt,106,VERBATIM_EXACT,True,False,VERIFIED_PASS
doc007#c037,doc007,中华人民共和国基本医疗卫生与健康促进法,中华人民共和国基本医疗卫生与健康促进法.txt,10,VERBATIM_EXACT,True,False,VERIFIED_PASS
doc007#c038,doc007,中华人民共和国基本医疗卫生与健康促进法,中华人民共和国基本医疗卫生与健康促进法.txt,134,VERBATIM_EXACT,True,False,VERIFIED_PASS
doc007#c039,doc007,中华人民共和国基本医疗卫生与健康促进法,中华人民共和国基本医疗卫生与健康促进法.txt,287,VERBATIM_EXACT,True,False,VERIFIED_PASS
doc007#c040,doc007,中华人民共和国基本医疗卫生与健康促进法,中华人民共和国基本医疗卫生与健康促进法.txt,130,VERBATIM_EXACT,True,False,VERIFIED_PASS
doc007#c041,doc007,中华人民共和国基本医疗卫生与健康促进法,中华人民共和国基本医疗卫生与健康促进法.txt,136,VERBATIM_EXACT,True,False,VERIFIED_PASS
doc007#c042,doc007,中华人民共和国基本医疗卫生与健康促进法,中华人民共和国基本医疗卫生与健康促进法.txt,228,VERBATIM_EXACT,True,False,VERIFIED_PASS
doc007#c043,doc007,中华人民共和国基本医疗卫生与健康促进法,中华人民共和国基本医疗卫生与健康促进法.txt,201,VERBATIM_EXACT,True,False,VERIFIED_PASS
doc007#c044,doc007,中华人民共和国基本医疗卫生与健康促进法,中华人民共和国基本医疗卫生与健康促进法.txt,154,VERBATIM_EXACT,True,False,VERIFIED_PASS
doc007#c045,doc007,中华人民共和国基本医疗卫生与健康促进法,中华人民共和国基本医疗卫生与健康促进法.txt,274,VERBATIM_EXACT,True,False,VERIFIED_PASS
doc007#c046,doc007,中华人民共和国基本医疗卫生与健康促进法,中华人民共和国基本医疗卫生与健康促进法.txt,79,VERBATIM_EXACT,True,False,VERIFIED_PASS
doc007#c047,doc007,中华人民共和国基本医疗卫生与健康促进法,中华人民共和国基本医疗卫生与健康促进法.txt,144,VERBATIM_EXACT,True,False,VERIFIED_PASS
doc007#c048,doc007,中华人民共和国基本医疗卫生与健康促进法,中华人民共和国基本医疗卫生与健康促进法.txt,129,VERBATIM_EXACT,True,False,VERIFIED_PASS
doc007#c049,doc007,中华人民共和国基本医疗卫生与健康促进法,中华人民共和国基本医疗卫生与健康促进法.txt,82,VERBATIM_EXACT,True,False,VERIFIED_PASS
doc007#c050,doc007,中华人民共和国基本医疗卫生与健康促进法,中华人民共和国基本医疗卫生与健康促进法.txt,47,VERBATIM_EXACT,True,False,VERIFIED_PASS
doc007#c051,doc007,中华人民共和国基本医疗卫生与健康促进法,中华人民共和国基本医疗卫生与健康促进法.txt,57,VERBATIM_EXACT,True,False,VERIFIED_PASS
doc007#c052,doc007,中华人民共和国基本医疗卫生与健康促进法,中华人民共和国基本医疗卫生与健康促进法.txt,70,VERBATIM_EXACT,True,False,VERIFIED_PASS
doc007#c053,doc007,中华人民共和国基本医疗卫生与健康促进法,中华人民共和国基本医疗卫生与健康促进法.txt,234,VERBATIM_EXACT,True,False,VERIFIED_PASS
doc007#c054,doc007,中华人民共和国基本医疗卫生与健康促进法,中华人民共和国基本医疗卫生与健康促进法.txt,127,VERBATIM_EXACT,True,False,VERIFIED_PASS
doc007#c055,doc007,中华人民共和国基本医疗卫生与健康促进法,中华人民共和国基本医疗卫生与健康促进法.txt,10,VERBATIM_EXACT,True,False,VERIFIED_PASS
doc007#c056,doc007,中华人民共和国基本医疗卫生与健康促进法,中华人民共和国基本医疗卫生与健康促进法.txt,109,VERBATIM_EXACT,True,False,VERIFIED_PASS
doc007#c057,doc007,中华人民共和国基本医疗卫生与健康促进法,中华人民共和国基本医疗卫生与健康促进法.txt,183,VERBATIM_EXACT,True,False,VERIFIED_PASS
doc007#c058,doc007,中华人民共和国基本医疗卫生与健康促进法,中华人民共和国基本医疗卫生与健康促进法.txt,52,VERBATIM_EXACT,True,False,VERIFIED_PASS
doc007#c059,doc007,中华人民共和国基本医疗卫生与健康促进法,中华人民共和国基本医疗卫生与健康促进法.txt,119,VERBATIM_EXACT,True,False,VERIFIED_PASS
doc007#c060,doc007,中华人民共和国基本医疗卫生与健康促进法,中华人民共和国基本医疗卫生与健康促进法.txt,121,VERBATIM_EXACT,True,False,VERIFIED_PASS
doc007#c061,doc007,中华人民共和国基本医疗卫生与健康促进法,中华人民共和国基本医疗卫生与健康促进法.txt,259,VERBATIM_EXACT,True,False,VERIFIED_PASS
doc007#c062,doc007,中华人民共和国基本医疗卫生与健康促进法,中华人民共和国基本医疗卫生与健康促进法.txt,143,VERBATIM_EXACT,True,False,VERIFIED_PASS
doc007#c063,doc007,中华人民共和国基本医疗卫生与健康促进法,中华人民共和国基本医疗卫生与健康促进法.txt,10,VERBATIM_EXACT,True,False,VERIFIED_PASS
doc007#c064,doc007,中华人民共和国基本医疗卫生与健康促进法,中华人民共和国基本医疗卫生与健康促进法.txt,42,VERBATIM_EXACT,True,False,VERIFIED_PASS
doc007#c065,doc007,中华人民共和国基本医疗卫生与健康促进法,中华人民共和国基本医疗卫生与健康促进法.txt,163,VERBATIM_EXACT,True,False,VERIFIED_PASS
doc007#c066,doc007,中华人民共和国基本医疗卫生与健康促进法,中华人民共和国基本医疗卫生与健康促进法.txt,73,VERBATIM_EXACT,True,False,VERIFIED_PASS
doc007#c067,doc007,中华人民共和国基本医疗卫生与健康促进法,中华人民共和国基本医疗卫生与健康促进法.txt,47,VERBATIM_EXACT,True,False,VERIFIED_PASS
doc007#c068,doc007,中华人民共和国基本医疗卫生与健康促进法,中华人民共和国基本医疗卫生与健康促进法.txt,142,VERBATIM_EXACT,True,False,VERIFIED_PASS
doc007#c069,doc007,中华人民共和国基本医疗卫生与健康促进法,中华人民共和国基本医疗卫生与健康促进法.txt,46,VERBATIM_EXACT,True,False,VERIFIED_PASS
doc007#c070,doc007,中华人民共和国基本医疗卫生与健康促进法,中华人民共和国基本医疗卫生与健康促进法.txt,55,VERBATIM_EXACT,True,False,VERIFIED_PASS
doc007#c071,doc007,中华人民共和国基本医疗卫生与健康促进法,中华人民共和国基本医疗卫生与健康促进法.txt,131,VERBATIM_EXACT,True,False,VERIFIED_PASS
doc007#c072,doc007,中华人民共和国基本医疗卫生与健康促进法,中华人民共和国基本医疗卫生与健康促进法.txt,52,VERBATIM_EXACT,True,False,VERIFIED_PASS
doc007#c073,doc007,中华人民共和国基本医疗卫生与健康促进法,中华人民共和国基本医疗卫生与健康促进法.txt,8,VERBATIM_EXACT,True,False,VERIFIED_PASS
doc007#c074,doc007,中华人民共和国基本医疗卫生与健康促进法,中华人民共和国基本医疗卫生与健康促进法.txt,183,VERBATIM_EXACT,True,False,VERIFIED_PASS
doc007#c075,doc007,中华人民共和国基本医疗卫生与健康促进法,中华人民共和国基本医疗卫生与健康促进法.txt,221,VERBATIM_EXACT,True,False,VERIFIED_PASS
doc007#c076,doc007,中华人民共和国基本医疗卫生与健康促进法,中华人民共和国基本医疗卫生与健康促进法.txt,127,VERBATIM_EXACT,True,False,VERIFIED_PASS
doc007#c077,doc007,中华人民共和国基本医疗卫生与健康促进法,中华人民共和国基本医疗卫生与健康促进法.txt,68,VERBATIM_EXACT,True,False,VERIFIED_PASS
doc007#c078,doc007,中华人民共和国基本医疗卫生与健康促进法,中华人民共和国基本医疗卫生与健康促进法.txt,137,VERBATIM_EXACT,True,False,VERIFIED_PASS
doc007#c079,doc007,中华人民共和国基本医疗卫生与健康促进法,中华人民共和国基本医疗卫生与健康促进法.txt,88,VERBATIM_EXACT,True,False,VERIFIED_PASS
doc007#c080,doc007,中华人民共和国基本医疗卫生与健康促进法,中华人民共和国基本医疗卫生与健康促进法.txt,38,VERBATIM_EXACT,True,False,VERIFIED_PASS
doc007#c081,doc007,中华人民共和国基本医疗卫生与健康促进法,中华人民共和国基本医疗卫生与健康促进法.txt,81,VERBATIM_EXACT,True,False,VERIFIED_PASS
doc007#c082,doc007,中华人民共和国基本医疗卫生与健康促进法,中华人民共和国基本医疗卫生与健康促进法.txt,103,VERBATIM_EXACT,True,False,VERIFIED_PASS
doc007#c083,doc007,中华人民共和国基本医疗卫生与健康促进法,中华人民共和国基本医疗卫生与健康促进法.txt,73,VERBATIM_EXACT,True,False,VERIFIED_PASS
doc007#c084,doc007,中华人民共和国基本医疗卫生与健康促进法,中华人民共和国基本医疗卫生与健康促进法.txt,124,VERBATIM_EXACT,True,False,VERIFIED_PASS
doc007#c085,doc007,中华人民共和国基本医疗卫生与健康促进法,中华人民共和国基本医疗卫生与健康促进法.txt,79,VERBATIM_EXACT,True,False,VERIFIED_PASS
doc007#c086,doc007,中华人民共和国基本医疗卫生与健康促进法,中华人民共和国基本医疗卫生与健康促进法.txt,127,VERBATIM_EXACT,True,False,VERIFIED_PASS
doc007#c087,doc007,中华人民共和国基本医疗卫生与健康促进法,中华人民共和国基本医疗卫生与健康促进法.txt,8,VERBATIM_EXACT,True,False,VERIFIED_PASS
doc007#c088,doc007,中华人民共和国基本医疗卫生与健康促进法,中华人民共和国基本医疗卫生与健康促进法.txt,140,VERBATIM_EXACT,True,False,VERIFIED_PASS
doc007#c089,doc007,中华人民共和国基本医疗卫生与健康促进法,中华人民共和国基本医疗卫生与健康促进法.txt,45,VERBATIM_EXACT,True,False,VERIFIED_PASS
doc007#c090,doc007,中华人民共和国基本医疗卫生与健康促进法,中华人民共和国基本医疗卫生与健康促进法.txt,142,VERBATIM_EXACT,True,False,VERIFIED_PASS
doc007#c091,doc007,中华人民共和国基本医疗卫生与健康促进法,中华人民共和国基本医疗卫生与健康促进法.txt,125,VERBATIM_EXACT,True,False,VERIFIED_PASS
doc007#c092,doc007,中华人民共和国基本医疗卫生与健康促进法,中华人民共和国基本医疗卫生与健康促进法.txt,104,VERBATIM_EXACT,True,False,VERIFIED_PASS
doc007#c093,doc007,中华人民共和国基本医疗卫生与健康促进法,中华人民共和国基本医疗卫生与健康促进法.txt,282,VERBATIM_EXACT,True,False,VERIFIED_PASS
doc007#c094,doc007,中华人民共和国基本医疗卫生与健康促进法,中华人民共和国基本医疗卫生与健康促进法.txt,8,VERBATIM_EXACT,True,False,VERIFIED_PASS
doc007#c095,doc007,中华人民共和国基本医疗卫生与健康促进法,中华人民共和国基本医疗卫生与健康促进法.txt,86,VERBATIM_EXACT,True,False,VERIFIED_PASS
doc007#c096,doc007,中华人民共和国基本医疗卫生与健康促进法,中华人民共和国基本医疗卫生与健康促进法.txt,92,VERBATIM_EXACT,True,False,VERIFIED_PASS
doc007#c097,doc007,中华人民共和国基本医疗卫生与健康促进法,中华人民共和国基本医疗卫生与健康促进法.txt,84,VERBATIM_EXACT,True,False,VERIFIED_PASS
doc007#c098,doc007,中华人民共和国基本医疗卫生与健康促进法,中华人民共和国基本医疗卫生与健康促进法.txt,58,VERBATIM_EXACT,True,False,VERIFIED_PASS
doc007#c099,doc007,中华人民共和国基本医疗卫生与健康促进法,中华人民共和国基本医疗卫生与健康促进法.txt,179,VERBATIM_EXACT,True,False,VERIFIED_PASS
doc007#c100,doc007,中华人民共和国基本医疗卫生与健康促进法,中华人民共和国基本医疗卫生与健康促进法.txt,132,VERBATIM_EXACT,True,False,VERIFIED_PASS
doc007#c101,doc007,中华人民共和国基本医疗卫生与健康促进法,中华人民共和国基本医疗卫生与健康促进法.txt,86,VERBATIM_EXACT,True,False,VERIFIED_PASS
doc007#c102,doc007,中华人民共和国基本医疗卫生与健康促进法,中华人民共和国基本医疗卫生与健康促进法.txt,78,VERBATIM_EXACT,True,False,VERIFIED_PASS
doc007#c103,doc007,中华人民共和国基本医疗卫生与健康促进法,中华人民共和国基本医疗卫生与健康促进法.txt,59,VERBATIM_EXACT,True,False,VERIFIED_PASS
doc007#c104,doc007,中华人民共和国基本医疗卫生与健康促进法,中华人民共和国基本医疗卫生与健康促进法.txt,92,VERBATIM_EXACT,True,False,VERIFIED_PASS
doc007#c105,doc007,中华人民共和国基本医疗卫生与健康促进法,中华人民共和国基本医疗卫生与健康促进法.txt,38,VERBATIM_EXACT,True,False,VERIFIED_PASS
doc007#c106,doc007,中华人民共和国基本医疗卫生与健康促进法,中华人民共和国基本医疗卫生与健康促进法.txt,90,VERBATIM_EXACT,True,False,VERIFIED_PASS
doc007#c107,doc007,中华人民共和国基本医疗卫生与健康促进法,中华人民共和国基本医疗卫生与健康促进法.txt,8,VERBATIM_EXACT,True,False,VERIFIED_PASS
doc007#c108,doc007,中华人民共和国基本医疗卫生与健康促进法,中华人民共和国基本医疗卫生与健康促进法.txt,88,VERBATIM_EXACT,True,False,VERIFIED_PASS
doc007#c109,doc007,中华人民共和国基本医疗卫生与健康促进法,中华人民共和国基本医疗卫生与健康促进法.txt,226,VERBATIM_EXACT,True,False,VERIFIED_PASS
doc007#c110,doc007,中华人民共和国基本医疗卫生与健康促进法,中华人民共和国基本医疗卫生与健康促进法.txt,1060,VERBATIM_EXACT,True,False,VERIFIED_PASS
doc007#c111,doc007,中华人民共和国基本医疗卫生与健康促进法,中华人民共和国基本医疗卫生与健康促进法.txt,50,VERBATIM_EXACT,True,False,VERIFIED_PASS
doc007#c112,doc007,中华人民共和国基本医疗卫生与健康促进法,中华人民共和国基本医疗卫生与健康促进法.txt,452,VERBATIM_EXACT,True,False,VERIFIED_PASS
doc007#c113,doc007,中华人民共和国基本医疗卫生与健康促进法,中华人民共和国基本医疗卫生与健康促进法.txt,23,VERBATIM_EXACT,True,False,VERIFIED_PASS
doc008#c001,doc008,病原微生物实验室生物安全管理条例,病原微生物实验室生物安全管理条例.txt,212,VERBATIM_EXACT,True,False,VERIFIED_PASS
doc008#c002,doc008,病原微生物实验室生物安全管理条例,病原微生物实验室生物安全管理条例.txt,6,VERBATIM_EXACT,True,False,VERIFIED_PASS
doc008#c003,doc008,病原微生物实验室生物安全管理条例,病原微生物实验室生物安全管理条例.txt,53,VERBATIM_EXACT,True,False,VERIFIED_PASS
doc008#c004,doc008,病原微生物实验室生物安全管理条例,病原微生物实验室生物安全管理条例.txt,119,VERBATIM_EXACT,True,False,VERIFIED_PASS
doc008#c005,doc008,病原微生物实验室生物安全管理条例,病原微生物实验室生物安全管理条例.txt,164,VERBATIM_EXACT,True,False,VERIFIED_PASS
doc008#c006,doc008,病原微生物实验室生物安全管理条例,病原微生物实验室生物安全管理条例.txt,30,VERBATIM_EXACT,True,False,VERIFIED_PASS
doc008#c007,doc008,病原微生物实验室生物安全管理条例,病原微生物实验室生物安全管理条例.txt,36,VERBATIM_EXACT,True,False,VERIFIED_PASS
doc008#c008,doc008,病原微生物实验室生物安全管理条例,病原微生物实验室生物安全管理条例.txt,68,VERBATIM_EXACT,True,False,VERIFIED_PASS
doc008#c009,doc008,病原微生物实验室生物安全管理条例,病原微生物实验室生物安全管理条例.txt,15,VERBATIM_EXACT,True,False,VERIFIED_PASS
doc008#c010,doc008,病原微生物实验室生物安全管理条例,病原微生物实验室生物安全管理条例.txt,308,VERBATIM_EXACT,True,False,VERIFIED_PASS
doc008#c011,doc008,病原微生物实验室生物安全管理条例,病原微生物实验室生物安全管理条例.txt,89,VERBATIM_EXACT,True,False,VERIFIED_PASS
doc008#c012,doc008,病原微生物实验室生物安全管理条例,病原微生物实验室生物安全管理条例.txt,195,VERBATIM_EXACT,True,False,VERIFIED_PASS
doc008#c013,doc008,病原微生物实验室生物安全管理条例,病原微生物实验室生物安全管理条例.txt,104,VERBATIM_EXACT,True,False,VERIFIED_PASS
doc008#c014,doc008,病原微生物实验室生物安全管理条例,病原微生物实验室生物安全管理条例.txt,596,VERBATIM_EXACT,True,False,VERIFIED_PASS
doc008#c015,doc008,病原微生物实验室生物安全管理条例,病原微生物实验室生物安全管理条例.txt,93,VERBATIM_EXACT,True,False,VERIFIED_PASS
doc008#c016,doc008,病原微生物实验室生物安全管理条例,病原微生物实验室生物安全管理条例.txt,138,VERBATIM_EXACT,True,False,VERIFIED_PASS
doc008#c017,doc008,病原微生物实验室生物安全管理条例,病原微生物实验室生物安全管理条例.txt,323,VERBATIM_EXACT,True,False,VERIFIED_PASS
doc008#c018,doc008,病原微生物实验室生物安全管理条例,病原微生物实验室生物安全管理条例.txt,79,VERBATIM_EXACT,True,False,VERIFIED_PASS
doc008#c019,doc008,病原微生物实验室生物安全管理条例,病原微生物实验室生物安全管理条例.txt,117,VERBATIM_EXACT,True,False,VERIFIED_PASS
doc008#c020,doc008,病原微生物实验室生物安全管理条例,病原微生物实验室生物安全管理条例.txt,473,VERBATIM_EXACT,True,False,VERIFIED_PASS
doc008#c021,doc008,病原微生物实验室生物安全管理条例,病原微生物实验室生物安全管理条例.txt,13,VERBATIM_EXACT,True,False,VERIFIED_PASS
doc008#c022,doc008,病原微生物实验室生物安全管理条例,病原微生物实验室生物安全管理条例.txt,64,VERBATIM_EXACT,True,False,VERIFIED_PASS
doc008#c023,doc008,病原微生物实验室生物安全管理条例,病原微生物实验室生物安全管理条例.txt,319,VERBATIM_EXACT,True,False,VERIFIED_PASS
doc008#c024,doc008,病原微生物实验室生物安全管理条例,病原微生物实验室生物安全管理条例.txt,121,VERBATIM_EXACT,True,False,VERIFIED_PASS
doc008#c025,doc008,病原微生物实验室生物安全管理条例,病原微生物实验室生物安全管理条例.txt,167,VERBATIM_EXACT,True,False,VERIFIED_PASS
doc008#c026,doc008,病原微生物实验室生物安全管理条例,病原微生物实验室生物安全管理条例.txt,268,VERBATIM_EXACT,True,False,VERIFIED_PASS
doc008#c027,doc008,病原微生物实验室生物安全管理条例,病原微生物实验室生物安全管理条例.txt,187,VERBATIM_EXACT,True,False,VERIFIED_PASS
doc008#c028,doc008,病原微生物实验室生物安全管理条例,病原微生物实验室生物安全管理条例.txt,272,VERBATIM_EXACT,True,False,VERIFIED_PASS
doc008#c029,doc008,病原微生物实验室生物安全管理条例,病原微生物实验室生物安全管理条例.txt,117,VERBATIM_EXACT,True,False,VERIFIED_PASS
doc008#c030,doc008,病原微生物实验室生物安全管理条例,病原微生物实验室生物安全管理条例.txt,79,VERBATIM_EXACT,True,False,VERIFIED_PASS
doc008#c031,doc008,病原微生物实验室生物安全管理条例,病原微生物实验室生物安全管理条例.txt,101,VERBATIM_EXACT,True,False,VERIFIED_PASS
doc008#c032,doc008,病原微生物实验室生物安全管理条例,病原微生物实验室生物安全管理条例.txt,124,VERBATIM_EXACT,True,False,VERIFIED_PASS
doc008#c033,doc008,病原微生物实验室生物安全管理条例,病原微生物实验室生物安全管理条例.txt,109,VERBATIM_EXACT,True,False,VERIFIED_PASS
doc008#c034,doc008,病原微生物实验室生物安全管理条例,病原微生物实验室生物安全管理条例.txt,60,VERBATIM_EXACT,True,False,VERIFIED_PASS
doc008#c035,doc008,病原微生物实验室生物安全管理条例,病原微生物实验室生物安全管理条例.txt,149,VERBATIM_EXACT,True,False,VERIFIED_PASS
doc008#c036,doc008,病原微生物实验室生物安全管理条例,病原微生物实验室生物安全管理条例.txt,97,VERBATIM_EXACT,True,False,VERIFIED_PASS
doc008#c037,doc008,病原微生物实验室生物安全管理条例,病原微生物实验室生物安全管理条例.txt,206,VERBATIM_EXACT,True,False,VERIFIED_PASS
doc008#c038,doc008,病原微生物实验室生物安全管理条例,病原微生物实验室生物安全管理条例.txt,172,VERBATIM_EXACT,True,False,VERIFIED_PASS
doc008#c039,doc008,病原微生物实验室生物安全管理条例,病原微生物实验室生物安全管理条例.txt,202,VERBATIM_EXACT,True,False,VERIFIED_PASS
doc008#c040,doc008,病原微生物实验室生物安全管理条例,病原微生物实验室生物安全管理条例.txt,50,VERBATIM_EXACT,True,False,VERIFIED_PASS
doc008#c041,doc008,病原微生物实验室生物安全管理条例,病原微生物实验室生物安全管理条例.txt,72,VERBATIM_EXACT,True,False,VERIFIED_PASS
doc008#c042,doc008,病原微生物实验室生物安全管理条例,病原微生物实验室生物安全管理条例.txt,76,VERBATIM_EXACT,True,False,VERIFIED_PASS
doc008#c043,doc008,病原微生物实验室生物安全管理条例,病原微生物实验室生物安全管理条例.txt,61,VERBATIM_EXACT,True,False,VERIFIED_PASS
doc008#c044,doc008,病原微生物实验室生物安全管理条例,病原微生物实验室生物安全管理条例.txt,82,VERBATIM_EXACT,True,False,VERIFIED_PASS
doc008#c045,doc008,病原微生物实验室生物安全管理条例,病原微生物实验室生物安全管理条例.txt,277,VERBATIM_EXACT,True,False,VERIFIED_PASS
doc008#c046,doc008,病原微生物实验室生物安全管理条例,病原微生物实验室生物安全管理条例.txt,11,VERBATIM_EXACT,True,False,VERIFIED_PASS
doc008#c047,doc008,病原微生物实验室生物安全管理条例,病原微生物实验室生物安全管理条例.txt,175,VERBATIM_EXACT,True,False,VERIFIED_PASS
doc008#c048,doc008,病原微生物实验室生物安全管理条例,病原微生物实验室生物安全管理条例.txt,227,VERBATIM_EXACT,True,False,VERIFIED_PASS
doc008#c049,doc008,病原微生物实验室生物安全管理条例,病原微生物实验室生物安全管理条例.txt,81,VERBATIM_EXACT,True,False,VERIFIED_PASS
doc008#c050,doc008,病原微生物实验室生物安全管理条例,病原微生物实验室生物安全管理条例.txt,171,VERBATIM_EXACT,True,False,VERIFIED_PASS
doc008#c051,doc008,病原微生物实验室生物安全管理条例,病原微生物实验室生物安全管理条例.txt,281,VERBATIM_EXACT,True,False,VERIFIED_PASS
doc008#c052,doc008,病原微生物实验室生物安全管理条例,病原微生物实验室生物安全管理条例.txt,234,VERBATIM_EXACT,True,False,VERIFIED_PASS
doc008#c053,doc008,病原微生物实验室生物安全管理条例,病原微生物实验室生物安全管理条例.txt,87,VERBATIM_EXACT,True,False,VERIFIED_PASS
doc008#c054,doc008,病原微生物实验室生物安全管理条例,病原微生物实验室生物安全管理条例.txt,8,VERBATIM_EXACT,True,False,VERIFIED_PASS
doc008#c055,doc008,病原微生物实验室生物安全管理条例,病原微生物实验室生物安全管理条例.txt,295,VERBATIM_EXACT,True,False,VERIFIED_PASS
doc008#c056,doc008,病原微生物实验室生物安全管理条例,病原微生物实验室生物安全管理条例.txt,159,VERBATIM_EXACT,True,False,VERIFIED_PASS
doc008#c057,doc008,病原微生物实验室生物安全管理条例,病原微生物实验室生物安全管理条例.txt,54,VERBATIM_EXACT,True,False,VERIFIED_PASS
doc008#c058,doc008,病原微生物实验室生物安全管理条例,病原微生物实验室生物安全管理条例.txt,62,VERBATIM_EXACT,True,False,VERIFIED_PASS
doc008#c059,doc008,病原微生物实验室生物安全管理条例,病原微生物实验室生物安全管理条例.txt,146,VERBATIM_EXACT,True,False,VERIFIED_PASS
doc008#c060,doc008,病原微生物实验室生物安全管理条例,病原微生物实验室生物安全管理条例.txt,172,VERBATIM_EXACT,True,False,VERIFIED_PASS
doc008#c061,doc008,病原微生物实验室生物安全管理条例,病原微生物实验室生物安全管理条例.txt,221,VERBATIM_EXACT,True,False,VERIFIED_PASS
doc008#c062,doc008,病原微生物实验室生物安全管理条例,病原微生物实验室生物安全管理条例.txt,8,VERBATIM_EXACT,True,False,VERIFIED_PASS
doc008#c063,doc008,病原微生物实验室生物安全管理条例,病原微生物实验室生物安全管理条例.txt,206,VERBATIM_EXACT,True,False,VERIFIED_PASS
doc008#c064,doc008,病原微生物实验室生物安全管理条例,病原微生物实验室生物安全管理条例.txt,238,VERBATIM_EXACT,True,False,VERIFIED_PASS
doc008#c065,doc008,病原微生物实验室生物安全管理条例,病原微生物实验室生物安全管理条例.txt,193,VERBATIM_EXACT,True,False,VERIFIED_PASS
doc008#c066,doc008,病原微生物实验室生物安全管理条例,病原微生物实验室生物安全管理条例.txt,201,VERBATIM_EXACT,True,False,VERIFIED_PASS
doc008#c067,doc008,病原微生物实验室生物安全管理条例,病原微生物实验室生物安全管理条例.txt,456,VERBATIM_EXACT,True,False,VERIFIED_PASS
doc008#c068,doc008,病原微生物实验室生物安全管理条例,病原微生物实验室生物安全管理条例.txt,271,VERBATIM_EXACT,True,False,VERIFIED_PASS
doc008#c069,doc008,病原微生物实验室生物安全管理条例,病原微生物实验室生物安全管理条例.txt,238,VERBATIM_EXACT,True,False,VERIFIED_PASS
doc008#c070,doc008,病原微生物实验室生物安全管理条例,病原微生物实验室生物安全管理条例.txt,455,VERBATIM_EXACT,True,False,VERIFIED_PASS
doc008#c071,doc008,病原微生物实验室生物安全管理条例,病原微生物实验室生物安全管理条例.txt,216,VERBATIM_EXACT,True,False,VERIFIED_PASS
doc008#c072,doc008,病原微生物实验室生物安全管理条例,病原微生物实验室生物安全管理条例.txt,272,VERBATIM_EXACT,True,False,VERIFIED_PASS
doc008#c073,doc008,病原微生物实验室生物安全管理条例,病原微生物实验室生物安全管理条例.txt,226,VERBATIM_EXACT,True,False,VERIFIED_PASS
doc008#c074,doc008,病原微生物实验室生物安全管理条例,病原微生物实验室生物安全管理条例.txt,191,VERBATIM_EXACT,True,False,VERIFIED_PASS
doc008#c075,doc008,病原微生物实验室生物安全管理条例,病原微生物实验室生物安全管理条例.txt,175,VERBATIM_EXACT,True,False,VERIFIED_PASS
doc008#c076,doc008,病原微生物实验室生物安全管理条例,病原微生物实验室生物安全管理条例.txt,129,VERBATIM_EXACT,True,False,VERIFIED_PASS
doc008#c077,doc008,病原微生物实验室生物安全管理条例,病原微生物实验室生物安全管理条例.txt,6,VERBATIM_EXACT,True,False,VERIFIED_PASS
doc008#c078,doc008,病原微生物实验室生物安全管理条例,病原微生物实验室生物安全管理条例.txt,36,VERBATIM_EXACT,True,False,VERIFIED_PASS
doc008#c079,doc008,病原微生物实验室生物安全管理条例,病原微生物实验室生物安全管理条例.txt,51,VERBATIM_EXACT,True,False,VERIFIED_PASS
doc008#c080,doc008,病原微生物实验室生物安全管理条例,病原微生物实验室生物安全管理条例.txt,18,VERBATIM_EXACT,True,False,VERIFIED_PASS
doc009#c001,doc009,中华人民共和国生物安全法,中华人民共和国生物安全法.txt,240,VERBATIM_EXACT,True,False,VERIFIED_PASS
doc009#c002,doc009,中华人民共和国生物安全法,中华人民共和国生物安全法.txt,6,VERBATIM_EXACT,True,False,VERIFIED_PASS
doc009#c003,doc009,中华人民共和国生物安全法,中华人民共和国生物安全法.txt,85,VERBATIM_EXACT,True,False,VERIFIED_PASS
doc009#c004,doc009,中华人民共和国生物安全法,中华人民共和国生物安全法.txt,263,VERBATIM_EXACT,True,False,VERIFIED_PASS
doc009#c005,doc009,中华人民共和国生物安全法,中华人民共和国生物安全法.txt,72,VERBATIM_EXACT,True,False,VERIFIED_PASS
doc009#c006,doc009,中华人民共和国生物安全法,中华人民共和国生物安全法.txt,72,VERBATIM_EXACT,True,False,VERIFIED_PASS
doc009#c007,doc009,中华人民共和国生物安全法,中华人民共和国生物安全法.txt,71,VERBATIM_EXACT,True,False,VERIFIED_PASS
doc009#c008,doc009,中华人民共和国生物安全法,中华人民共和国生物安全法.txt,102,VERBATIM_EXACT,True,False,VERIFIED_PASS
doc009#c009,doc009,中华人民共和国生物安全法,中华人民共和国生物安全法.txt,229,VERBATIM_EXACT,True,False,VERIFIED_PASS
doc009#c010,doc009,中华人民共和国生物安全法,中华人民共和国生物安全法.txt,58,VERBATIM_EXACT,True,False,VERIFIED_PASS
doc009#c011,doc009,中华人民共和国生物安全法,中华人民共和国生物安全法.txt,54,VERBATIM_EXACT,True,False,VERIFIED_PASS
doc009#c012,doc009,中华人民共和国生物安全法,中华人民共和国生物安全法.txt,14,VERBATIM_EXACT,True,False,VERIFIED_PASS
doc009#c013,doc009,中华人民共和国生物安全法,中华人民共和国生物安全法.txt,143,VERBATIM_EXACT,True,False,VERIFIED_PASS
doc009#c014,doc009,中华人民共和国生物安全法,中华人民共和国生物安全法.txt,161,VERBATIM_EXACT,True,False,VERIFIED_PASS
doc009#c015,doc009,中华人民共和国生物安全法,中华人民共和国生物安全法.txt,108,VERBATIM_EXACT,True,False,VERIFIED_PASS
doc009#c016,doc009,中华人民共和国生物安全法,中华人民共和国生物安全法.txt,143,VERBATIM_EXACT,True,False,VERIFIED_PASS
doc009#c017,doc009,中华人民共和国生物安全法,中华人民共和国生物安全法.txt,69,VERBATIM_EXACT,True,False,VERIFIED_PASS
doc009#c018,doc009,中华人民共和国生物安全法,中华人民共和国生物安全法.txt,231,VERBATIM_EXACT,True,False,VERIFIED_PASS
doc009#c019,doc009,中华人民共和国生物安全法,中华人民共和国生物安全法.txt,89,VERBATIM_EXACT,True,False,VERIFIED_PASS
doc009#c020,doc009,中华人民共和国生物安全法,中华人民共和国生物安全法.txt,163,VERBATIM_EXACT,True,False,VERIFIED_PASS
doc009#c021,doc009,中华人民共和国生物安全法,中华人民共和国生物安全法.txt,105,VERBATIM_EXACT,True,False,VERIFIED_PASS
doc009#c022,doc009,中华人民共和国生物安全法,中华人民共和国生物安全法.txt,113,VERBATIM_EXACT,True,False,VERIFIED_PASS
doc009#c023,doc009,中华人民共和国生物安全法,中华人民共和国生物安全法.txt,75,VERBATIM_EXACT,True,False,VERIFIED_PASS
doc009#c024,doc009,中华人民共和国生物安全法,中华人民共和国生物安全法.txt,250,VERBATIM_EXACT,True,False,VERIFIED_PASS
doc009#c025,doc009,中华人民共和国生物安全法,中华人民共和国生物安全法.txt,99,VERBATIM_EXACT,True,False,VERIFIED_PASS
doc009#c026,doc009,中华人民共和国生物安全法,中华人民共和国生物安全法.txt,182,VERBATIM_EXACT,True,False,VERIFIED_PASS
doc009#c027,doc009,中华人民共和国生物安全法,中华人民共和国生物安全法.txt,124,VERBATIM_EXACT,True,False,VERIFIED_PASS
doc009#c028,doc009,中华人民共和国生物安全法,中华人民共和国生物安全法.txt,112,VERBATIM_EXACT,True,False,VERIFIED_PASS
doc009#c029,doc009,中华人民共和国生物安全法,中华人民共和国生物安全法.txt,238,VERBATIM_EXACT,True,False,VERIFIED_PASS
doc009#c030,doc009,中华人民共和国生物安全法,中华人民共和国生物安全法.txt,21,VERBATIM_EXACT,True,False,VERIFIED_PASS
doc009#c031,doc009,中华人民共和国生物安全法,中华人民共和国生物安全法.txt,125,VERBATIM_EXACT,True,False,VERIFIED_PASS
doc009#c032,doc009,中华人民共和国生物安全法,中华人民共和国生物安全法.txt,171,VERBATIM_EXACT,True,False,VERIFIED_PASS
doc009#c033,doc009,中华人民共和国生物安全法,中华人民共和国生物安全法.txt,160,VERBATIM_EXACT,True,False,VERIFIED_PASS
doc009#c034,doc009,中华人民共和国生物安全法,中华人民共和国生物安全法.txt,253,VERBATIM_EXACT,True,False,VERIFIED_PASS
doc009#c035,doc009,中华人民共和国生物安全法,中华人民共和国生物安全法.txt,76,VERBATIM_EXACT,True,False,VERIFIED_PASS
doc009#c036,doc009,中华人民共和国生物安全法,中华人民共和国生物安全法.txt,34,VERBATIM_EXACT,True,False,VERIFIED_PASS
doc009#c037,doc009,中华人民共和国生物安全法,中华人民共和国生物安全法.txt,269,VERBATIM_EXACT,True,False,VERIFIED_PASS
doc009#c038,doc009,中华人民共和国生物安全法,中华人民共和国生物安全法.txt,18,VERBATIM_EXACT,True,False,VERIFIED_PASS
doc009#c039,doc009,中华人民共和国生物安全法,中华人民共和国生物安全法.txt,111,VERBATIM_EXACT,True,False,VERIFIED_PASS
doc009#c040,doc009,中华人民共和国生物安全法,中华人民共和国生物安全法.txt,93,VERBATIM_EXACT,True,False,VERIFIED_PASS
doc009#c041,doc009,中华人民共和国生物安全法,中华人民共和国生物安全法.txt,154,VERBATIM_EXACT,True,False,VERIFIED_PASS
doc009#c042,doc009,中华人民共和国生物安全法,中华人民共和国生物安全法.txt,85,VERBATIM_EXACT,True,False,VERIFIED_PASS
doc009#c043,doc009,中华人民共和国生物安全法,中华人民共和国生物安全法.txt,127,VERBATIM_EXACT,True,False,VERIFIED_PASS
doc009#c044,doc009,中华人民共和国生物安全法,中华人民共和国生物安全法.txt,114,VERBATIM_EXACT,True,False,VERIFIED_PASS
doc009#c045,doc009,中华人民共和国生物安全法,中华人民共和国生物安全法.txt,78,VERBATIM_EXACT,True,False,VERIFIED_PASS
doc009#c046,doc009,中华人民共和国生物安全法,中华人民共和国生物安全法.txt,59,VERBATIM_EXACT,True,False,VERIFIED_PASS
doc009#c047,doc009,中华人民共和国生物安全法,中华人民共和国生物安全法.txt,16,VERBATIM_EXACT,True,False,VERIFIED_PASS
doc009#c048,doc009,中华人民共和国生物安全法,中华人民共和国生物安全法.txt,114,VERBATIM_EXACT,True,False,VERIFIED_PASS
doc009#c049,doc009,中华人民共和国生物安全法,中华人民共和国生物安全法.txt,131,VERBATIM_EXACT,True,False,VERIFIED_PASS
doc009#c050,doc009,中华人民共和国生物安全法,中华人民共和国生物安全法.txt,61,VERBATIM_EXACT,True,False,VERIFIED_PASS
doc009#c051,doc009,中华人民共和国生物安全法,中华人民共和国生物安全法.txt,122,VERBATIM_EXACT,True,False,VERIFIED_PASS
doc009#c052,doc009,中华人民共和国生物安全法,中华人民共和国生物安全法.txt,123,VERBATIM_EXACT,True,False,VERIFIED_PASS
doc009#c053,doc009,中华人民共和国生物安全法,中华人民共和国生物安全法.txt,144,VERBATIM_EXACT,True,False,VERIFIED_PASS
doc009#c054,doc009,中华人民共和国生物安全法,中华人民共和国生物安全法.txt,373,VERBATIM_EXACT,True,False,VERIFIED_PASS
doc009#c055,doc009,中华人民共和国生物安全法,中华人民共和国生物安全法.txt,113,VERBATIM_EXACT,True,False,VERIFIED_PASS
doc009#c056,doc009,中华人民共和国生物安全法,中华人民共和国生物安全法.txt,69,VERBATIM_EXACT,True,False,VERIFIED_PASS
doc009#c057,doc009,中华人民共和国生物安全法,中华人民共和国生物安全法.txt,116,VERBATIM_EXACT,True,False,VERIFIED_PASS
doc009#c058,doc009,中华人民共和国生物安全法,中华人民共和国生物安全法.txt,17,VERBATIM_EXACT,True,False,VERIFIED_PASS
doc009#c059,doc009,中华人民共和国生物安全法,中华人民共和国生物安全法.txt,85,VERBATIM_EXACT,True,False,VERIFIED_PASS
doc009#c060,doc009,中华人民共和国生物安全法,中华人民共和国生物安全法.txt,151,VERBATIM_EXACT,True,False,VERIFIED_PASS
doc009#c061,doc009,中华人民共和国生物安全法,中华人民共和国生物安全法.txt,58,VERBATIM_EXACT,True,False,VERIFIED_PASS
doc009#c062,doc009,中华人民共和国生物安全法,中华人民共和国生物安全法.txt,385,VERBATIM_EXACT,True,False,VERIFIED_PASS
doc009#c063,doc009,中华人民共和国生物安全法,中华人民共和国生物安全法.txt,74,VERBATIM_EXACT,True,False,VERIFIED_PASS
doc009#c064,doc009,中华人民共和国生物安全法,中华人民共和国生物安全法.txt,118,VERBATIM_EXACT,True,False,VERIFIED_PASS
doc009#c065,doc009,中华人民共和国生物安全法,中华人民共和国生物安全法.txt,97,VERBATIM_EXACT,True,False,VERIFIED_PASS
doc009#c066,doc009,中华人民共和国生物安全法,中华人民共和国生物安全法.txt,152,VERBATIM_EXACT,True,False,VERIFIED_PASS
doc009#c067,doc009,中华人民共和国生物安全法,中华人民共和国生物安全法.txt,17,VERBATIM_EXACT,True,False,VERIFIED_PASS
doc009#c068,doc009,中华人民共和国生物安全法,中华人民共和国生物安全法.txt,98,VERBATIM_EXACT,True,False,VERIFIED_PASS
doc009#c069,doc009,中华人民共和国生物安全法,中华人民共和国生物安全法.txt,81,VERBATIM_EXACT,True,False,VERIFIED_PASS
doc009#c070,doc009,中华人民共和国生物安全法,中华人民共和国生物安全法.txt,105,VERBATIM_EXACT,True,False,VERIFIED_PASS
doc009#c071,doc009,中华人民共和国生物安全法,中华人民共和国生物安全法.txt,187,VERBATIM_EXACT,True,False,VERIFIED_PASS
doc009#c072,doc009,中华人民共和国生物安全法,中华人民共和国生物安全法.txt,80,VERBATIM_EXACT,True,False,VERIFIED_PASS
doc009#c073,doc009,中华人民共和国生物安全法,中华人民共和国生物安全法.txt,12,VERBATIM_EXACT,True,False,VERIFIED_PASS
doc009#c074,doc009,中华人民共和国生物安全法,中华人民共和国生物安全法.txt,214,VERBATIM_EXACT,True,False,VERIFIED_PASS
doc009#c075,doc009,中华人民共和国生物安全法,中华人民共和国生物安全法.txt,116,VERBATIM_EXACT,True,False,VERIFIED_PASS
doc009#c076,doc009,中华人民共和国生物安全法,中华人民共和国生物安全法.txt,131,VERBATIM_EXACT,True,False,VERIFIED_PASS
doc009#c077,doc009,中华人民共和国生物安全法,中华人民共和国生物安全法.txt,121,VERBATIM_EXACT,True,False,VERIFIED_PASS
doc009#c078,doc009,中华人民共和国生物安全法,中华人民共和国生物安全法.txt,214,VERBATIM_EXACT,True,False,VERIFIED_PASS
doc009#c079,doc009,中华人民共和国生物安全法,中华人民共和国生物安全法.txt,64,VERBATIM_EXACT,True,False,VERIFIED_PASS
doc009#c080,doc009,中华人民共和国生物安全法,中华人民共和国生物安全法.txt,8,VERBATIM_EXACT,True,False,VERIFIED_PASS
doc009#c081,doc009,中华人民共和国生物安全法,中华人民共和国生物安全法.txt,68,VERBATIM_EXACT,True,False,VERIFIED_PASS
doc009#c082,doc009,中华人民共和国生物安全法,中华人民共和国生物安全法.txt,225,VERBATIM_EXACT,True,False,VERIFIED_PASS
doc009#c083,doc009,中华人民共和国生物安全法,中华人民共和国生物安全法.txt,294,VERBATIM_EXACT,True,False,VERIFIED_PASS
doc009#c084,doc009,中华人民共和国生物安全法,中华人民共和国生物安全法.txt,140,VERBATIM_EXACT,True,False,VERIFIED_PASS
doc009#c085,doc009,中华人民共和国生物安全法,中华人民共和国生物安全法.txt,213,VERBATIM_EXACT,True,False,VERIFIED_PASS
doc009#c086,doc009,中华人民共和国生物安全法,中华人民共和国生物安全法.txt,126,VERBATIM_EXACT,True,False,VERIFIED_PASS
doc009#c087,doc009,中华人民共和国生物安全法,中华人民共和国生物安全法.txt,216,VERBATIM_EXACT,True,False,VERIFIED_PASS
doc009#c088,doc009,中华人民共和国生物安全法,中华人民共和国生物安全法.txt,204,VERBATIM_EXACT,True,False,VERIFIED_PASS
doc009#c089,doc009,中华人民共和国生物安全法,中华人民共和国生物安全法.txt,161,VERBATIM_EXACT,True,False,VERIFIED_PASS
doc009#c090,doc009,中华人民共和国生物安全法,中华人民共和国生物安全法.txt,159,VERBATIM_EXACT,True,False,VERIFIED_PASS
doc009#c091,doc009,中华人民共和国生物安全法,中华人民共和国生物安全法.txt,52,VERBATIM_EXACT,True,False,VERIFIED_PASS
doc009#c092,doc009,中华人民共和国生物安全法,中华人民共和国生物安全法.txt,54,VERBATIM_EXACT,True,False,VERIFIED_PASS
doc009#c093,doc009,中华人民共和国生物安全法,中华人民共和国生物安全法.txt,70,VERBATIM_EXACT,True,False,VERIFIED_PASS
doc009#c094,doc009,中华人民共和国生物安全法,中华人民共和国生物安全法.txt,6,VERBATIM_EXACT,True,False,VERIFIED_PASS
doc009#c095,doc009,中华人民共和国生物安全法,中华人民共和国生物安全法.txt,866,VERBATIM_EXACT,True,False,VERIFIED_PASS
doc009#c096,doc009,中华人民共和国生物安全法,中华人民共和国生物安全法.txt,58,VERBATIM_EXACT,True,False,VERIFIED_PASS
doc009#c097,doc009,中华人民共和国生物安全法,中华人民共和国生物安全法.txt,54,VERBATIM_EXACT,True,False,VERIFIED_PASS
doc009#c098,doc009,中华人民共和国生物安全法,中华人民共和国生物安全法.txt,23,VERBATIM_EXACT,True,False,VERIFIED_PASS
doc010#c001,doc010,医疗机构管理条例实施细则,医疗机构管理条例实施细则.txt,35,NORMALIZED_WHITESPACE,True,False,VERIFIED_PASS
doc010#c002,doc010,医疗机构管理条例实施细则,医疗机构管理条例实施细则.txt,7,VERBATIM_EXACT,True,False,VERIFIED_PASS
doc010#c003,doc010,医疗机构管理条例实施细则,医疗机构管理条例实施细则.txt,31,VERBATIM_EXACT,True,False,VERIFIED_PASS
doc010#c004,doc010,医疗机构管理条例实施细则,医疗机构管理条例实施细则.txt,52,VERBATIM_EXACT,True,False,VERIFIED_PASS
doc010#c005,doc010,医疗机构管理条例实施细则,医疗机构管理条例实施细则.txt,579,NORMALIZED_WHITESPACE,True,False,VERIFIED_PASS
doc010#c006,doc010,医疗机构管理条例实施细则,医疗机构管理条例实施细则.txt,86,VERBATIM_EXACT,True,False,VERIFIED_PASS
doc010#c007,doc010,医疗机构管理条例实施细则,医疗机构管理条例实施细则.txt,97,NORMALIZED_WHITESPACE,True,False,VERIFIED_PASS
doc010#c008,doc010,医疗机构管理条例实施细则,医疗机构管理条例实施细则.txt,23,VERBATIM_EXACT,True,False,VERIFIED_PASS
doc010#c009,doc010,医疗机构管理条例实施细则,医疗机构管理条例实施细则.txt,36,VERBATIM_EXACT,True,False,VERIFIED_PASS
doc010#c010,doc010,医疗机构管理条例实施细则,医疗机构管理条例实施细则.txt,9,VERBATIM_EXACT,True,False,VERIFIED_PASS
doc010#c011,doc010,医疗机构管理条例实施细则,医疗机构管理条例实施细则.txt,143,NORMALIZED_WHITESPACE,True,False,VERIFIED_PASS
doc010#c012,doc010,医疗机构管理条例实施细则,医疗机构管理条例实施细则.txt,99,VERBATIM_EXACT,True,False,VERIFIED_PASS
doc010#c013,doc010,医疗机构管理条例实施细则,医疗机构管理条例实施细则.txt,50,VERBATIM_EXACT,True,False,VERIFIED_PASS
doc010#c014,doc010,医疗机构管理条例实施细则,医疗机构管理条例实施细则.txt,134,VERBATIM_EXACT,True,False,VERIFIED_PASS
doc010#c015,doc010,医疗机构管理条例实施细则,医疗机构管理条例实施细则.txt,272,NORMALIZED_WHITESPACE,True,False,VERIFIED_PASS
doc010#c016,doc010,医疗机构管理条例实施细则,医疗机构管理条例实施细则.txt,170,NORMALIZED_WHITESPACE,True,False,VERIFIED_PASS
doc010#c017,doc010,医疗机构管理条例实施细则,医疗机构管理条例实施细则.txt,107,VERBATIM_EXACT,True,False,VERIFIED_PASS
doc010#c018,doc010,医疗机构管理条例实施细则,医疗机构管理条例实施细则.txt,490,NORMALIZED_WHITESPACE,True,False,VERIFIED_PASS
doc010#c019,doc010,医疗机构管理条例实施细则,医疗机构管理条例实施细则.txt,103,NORMALIZED_WHITESPACE,True,False,VERIFIED_PASS
doc010#c020,doc010,医疗机构管理条例实施细则,医疗机构管理条例实施细则.txt,82,VERBATIM_EXACT,True,False,VERIFIED_PASS
doc010#c021,doc010,医疗机构管理条例实施细则,医疗机构管理条例实施细则.txt,34,VERBATIM_EXACT,True,False,VERIFIED_PASS
doc010#c022,doc010,医疗机构管理条例实施细则,医疗机构管理条例实施细则.txt,49,VERBATIM_EXACT,True,False,VERIFIED_PASS
doc010#c023,doc010,医疗机构管理条例实施细则,医疗机构管理条例实施细则.txt,208,NORMALIZED_WHITESPACE,True,False,VERIFIED_PASS
doc010#c024,doc010,医疗机构管理条例实施细则,医疗机构管理条例实施细则.txt,109,NORMALIZED_WHITESPACE,True,False,VERIFIED_PASS
doc010#c025,doc010,医疗机构管理条例实施细则,医疗机构管理条例实施细则.txt,42,VERBATIM_EXACT,True,False,VERIFIED_PASS
doc010#c026,doc010,医疗机构管理条例实施细则,医疗机构管理条例实施细则.txt,70,VERBATIM_EXACT,True,False,VERIFIED_PASS
doc010#c027,doc010,医疗机构管理条例实施细则,医疗机构管理条例实施细则.txt,153,NORMALIZED_WHITESPACE,True,False,VERIFIED_PASS
doc010#c028,doc010,医疗机构管理条例实施细则,医疗机构管理条例实施细则.txt,10,VERBATIM_EXACT,True,False,VERIFIED_PASS
doc010#c029,doc010,医疗机构管理条例实施细则,医疗机构管理条例实施细则.txt,323,NORMALIZED_WHITESPACE,True,False,VERIFIED_PASS
doc010#c030,doc010,医疗机构管理条例实施细则,医疗机构管理条例实施细则.txt,225,NORMALIZED_WHITESPACE,True,False,VERIFIED_PASS
doc010#c031,doc010,医疗机构管理条例实施细则,医疗机构管理条例实施细则.txt,214,NORMALIZED_WHITESPACE,True,False,VERIFIED_PASS
doc010#c032,doc010,医疗机构管理条例实施细则,医疗机构管理条例实施细则.txt,246,NORMALIZED_WHITESPACE,True,False,VERIFIED_PASS
doc010#c033,doc010,医疗机构管理条例实施细则,医疗机构管理条例实施细则.txt,81,VERBATIM_EXACT,True,False,VERIFIED_PASS
doc010#c034,doc010,医疗机构管理条例实施细则,医疗机构管理条例实施细则.txt,167,NORMALIZED_WHITESPACE,True,False,VERIFIED_PASS
doc010#c035,doc010,医疗机构管理条例实施细则,医疗机构管理条例实施细则.txt,55,VERBATIM_EXACT,True,False,VERIFIED_PASS
doc010#c036,doc010,医疗机构管理条例实施细则,医疗机构管理条例实施细则.txt,201,NORMALIZED_WHITESPACE,True,False,VERIFIED_PASS
doc010#c037,doc010,医疗机构管理条例实施细则,医疗机构管理条例实施细则.txt,94,VERBATIM_EXACT,True,False,VERIFIED_PASS
doc010#c038,doc010,医疗机构管理条例实施细则,医疗机构管理条例实施细则.txt,49,VERBATIM_EXACT,True,False,VERIFIED_PASS
doc010#c039,doc010,医疗机构管理条例实施细则,医疗机构管理条例实施细则.txt,225,NORMALIZED_WHITESPACE,True,False,VERIFIED_PASS
doc010#c040,doc010,医疗机构管理条例实施细则,医疗机构管理条例实施细则.txt,33,VERBATIM_EXACT,True,False,VERIFIED_PASS
doc010#c041,doc010,医疗机构管理条例实施细则,医疗机构管理条例实施细则.txt,159,NORMALIZED_WHITESPACE,True,False,VERIFIED_PASS
doc010#c042,doc010,医疗机构管理条例实施细则,医疗机构管理条例实施细则.txt,87,VERBATIM_EXACT,True,False,VERIFIED_PASS
doc010#c043,doc010,医疗机构管理条例实施细则,医疗机构管理条例实施细则.txt,48,VERBATIM_EXACT,True,False,VERIFIED_PASS
doc010#c044,doc010,医疗机构管理条例实施细则,医疗机构管理条例实施细则.txt,7,VERBATIM_EXACT,True,False,VERIFIED_PASS
doc010#c045,doc010,医疗机构管理条例实施细则,医疗机构管理条例实施细则.txt,214,NORMALIZED_WHITESPACE,True,False,VERIFIED_PASS
doc010#c046,doc010,医疗机构管理条例实施细则,医疗机构管理条例实施细则.txt,246,NORMALIZED_WHITESPACE,True,False,VERIFIED_PASS
doc010#c047,doc010,医疗机构管理条例实施细则,医疗机构管理条例实施细则.txt,197,NORMALIZED_WHITESPACE,True,False,VERIFIED_PASS
doc010#c048,doc010,医疗机构管理条例实施细则,医疗机构管理条例实施细则.txt,157,NORMALIZED_WHITESPACE,True,False,VERIFIED_PASS
doc010#c049,doc010,医疗机构管理条例实施细则,医疗机构管理条例实施细则.txt,121,NORMALIZED_WHITESPACE,True,False,VERIFIED_PASS
doc010#c050,doc010,医疗机构管理条例实施细则,医疗机构管理条例实施细则.txt,63,VERBATIM_EXACT,True,False,VERIFIED_PASS
doc010#c051,doc010,医疗机构管理条例实施细则,医疗机构管理条例实施细则.txt,55,VERBATIM_EXACT,True,False,VERIFIED_PASS
doc010#c052,doc010,医疗机构管理条例实施细则,医疗机构管理条例实施细则.txt,59,VERBATIM_EXACT,True,False,VERIFIED_PASS
doc010#c053,doc010,医疗机构管理条例实施细则,医疗机构管理条例实施细则.txt,73,VERBATIM_EXACT,True,False,VERIFIED_PASS
doc010#c054,doc010,医疗机构管理条例实施细则,医疗机构管理条例实施细则.txt,177,NORMALIZED_WHITESPACE,True,False,VERIFIED_PASS
doc010#c055,doc010,医疗机构管理条例实施细则,医疗机构管理条例实施细则.txt,41,NORMALIZED_WHITESPACE,True,False,VERIFIED_PASS
doc010#c056,doc010,医疗机构管理条例实施细则,医疗机构管理条例实施细则.txt,7,VERBATIM_EXACT,True,False,VERIFIED_PASS
doc010#c057,doc010,医疗机构管理条例实施细则,医疗机构管理条例实施细则.txt,71,VERBATIM_EXACT,True,False,VERIFIED_PASS
doc010#c058,doc010,医疗机构管理条例实施细则,医疗机构管理条例实施细则.txt,55,VERBATIM_EXACT,True,False,VERIFIED_PASS
doc010#c059,doc010,医疗机构管理条例实施细则,医疗机构管理条例实施细则.txt,44,VERBATIM_EXACT,True,False,VERIFIED_PASS
doc010#c060,doc010,医疗机构管理条例实施细则,医疗机构管理条例实施细则.txt,134,NORMALIZED_WHITESPACE,True,False,VERIFIED_PASS
doc010#c061,doc010,医疗机构管理条例实施细则,医疗机构管理条例实施细则.txt,70,VERBATIM_EXACT,True,False,VERIFIED_PASS
doc010#c062,doc010,医疗机构管理条例实施细则,医疗机构管理条例实施细则.txt,47,VERBATIM_EXACT,True,False,VERIFIED_PASS
doc010#c063,doc010,医疗机构管理条例实施细则,医疗机构管理条例实施细则.txt,71,VERBATIM_EXACT,True,False,VERIFIED_PASS
doc010#c064,doc010,医疗机构管理条例实施细则,医疗机构管理条例实施细则.txt,44,VERBATIM_EXACT,True,False,VERIFIED_PASS
doc010#c065,doc010,医疗机构管理条例实施细则,医疗机构管理条例实施细则.txt,34,VERBATIM_EXACT,True,False,VERIFIED_PASS
doc010#c066,doc010,医疗机构管理条例实施细则,医疗机构管理条例实施细则.txt,100,VERBATIM_EXACT,True,False,VERIFIED_PASS
doc010#c067,doc010,医疗机构管理条例实施细则,医疗机构管理条例实施细则.txt,49,VERBATIM_EXACT,True,False,VERIFIED_PASS
doc010#c068,doc010,医疗机构管理条例实施细则,医疗机构管理条例实施细则.txt,99,VERBATIM_EXACT,True,False,VERIFIED_PASS
doc010#c069,doc010,医疗机构管理条例实施细则,医疗机构管理条例实施细则.txt,74,VERBATIM_EXACT,True,False,VERIFIED_PASS
doc010#c070,doc010,医疗机构管理条例实施细则,医疗机构管理条例实施细则.txt,36,VERBATIM_EXACT,True,False,VERIFIED_PASS
doc010#c071,doc010,医疗机构管理条例实施细则,医疗机构管理条例实施细则.txt,36,VERBATIM_EXACT,True,False,VERIFIED_PASS
doc010#c072,doc010,医疗机构管理条例实施细则,医疗机构管理条例实施细则.txt,9,VERBATIM_EXACT,True,False,VERIFIED_PASS
doc010#c073,doc010,医疗机构管理条例实施细则,医疗机构管理条例实施细则.txt,34,VERBATIM_EXACT,True,False,VERIFIED_PASS
doc010#c074,doc010,医疗机构管理条例实施细则,医疗机构管理条例实施细则.txt,51,VERBATIM_EXACT,True,False,VERIFIED_PASS
doc010#c075,doc010,医疗机构管理条例实施细则,医疗机构管理条例实施细则.txt,63,NORMALIZED_WHITESPACE,True,False,VERIFIED_PASS
doc010#c076,doc010,医疗机构管理条例实施细则,医疗机构管理条例实施细则.txt,153,NORMALIZED_WHITESPACE,True,False,VERIFIED_PASS
doc010#c077,doc010,医疗机构管理条例实施细则,医疗机构管理条例实施细则.txt,251,NORMALIZED_WHITESPACE,True,False,VERIFIED_PASS
doc010#c078,doc010,医疗机构管理条例实施细则,医疗机构管理条例实施细则.txt,99,NORMALIZED_WHITESPACE,True,False,VERIFIED_PASS
doc010#c079,doc010,医疗机构管理条例实施细则,医疗机构管理条例实施细则.txt,188,NORMALIZED_WHITESPACE,True,False,VERIFIED_PASS
doc010#c080,doc010,医疗机构管理条例实施细则,医疗机构管理条例实施细则.txt,103,VERBATIM_EXACT,True,False,VERIFIED_PASS
doc010#c081,doc010,医疗机构管理条例实施细则,医疗机构管理条例实施细则.txt,56,VERBATIM_EXACT,True,False,VERIFIED_PASS
doc010#c082,doc010,医疗机构管理条例实施细则,医疗机构管理条例实施细则.txt,110,NORMALIZED_WHITESPACE,True,False,VERIFIED_PASS
doc010#c083,doc010,医疗机构管理条例实施细则,医疗机构管理条例实施细则.txt,28,VERBATIM_EXACT,True,False,VERIFIED_PASS
doc010#c084,doc010,医疗机构管理条例实施细则,医疗机构管理条例实施细则.txt,7,VERBATIM_EXACT,True,False,VERIFIED_PASS
doc010#c085,doc010,医疗机构管理条例实施细则,医疗机构管理条例实施细则.txt,242,NORMALIZED_WHITESPACE,True,False,VERIFIED_PASS
doc010#c086,doc010,医疗机构管理条例实施细则,医疗机构管理条例实施细则.txt,75,VERBATIM_EXACT,True,False,VERIFIED_PASS
doc010#c087,doc010,医疗机构管理条例实施细则,医疗机构管理条例实施细则.txt,218,NORMALIZED_WHITESPACE,True,False,VERIFIED_PASS
doc010#c088,doc010,医疗机构管理条例实施细则,医疗机构管理条例实施细则.txt,220,NORMALIZED_WHITESPACE,True,False,VERIFIED_PASS
doc010#c089,doc010,医疗机构管理条例实施细则,医疗机构管理条例实施细则.txt,177,NORMALIZED_WHITESPACE,True,False,VERIFIED_PASS
doc010#c090,doc010,医疗机构管理条例实施细则,医疗机构管理条例实施细则.txt,148,NORMALIZED_WHITESPACE,True,False,VERIFIED_PASS
doc010#c091,doc010,医疗机构管理条例实施细则,医疗机构管理条例实施细则.txt,160,NORMALIZED_WHITESPACE,True,False,VERIFIED_PASS
doc010#c092,doc010,医疗机构管理条例实施细则,医疗机构管理条例实施细则.txt,219,NORMALIZED_WHITESPACE,True,False,VERIFIED_PASS
doc010#c093,doc010,医疗机构管理条例实施细则,医疗机构管理条例实施细则.txt,7,VERBATIM_EXACT,True,False,VERIFIED_PASS
doc010#c094,doc010,医疗机构管理条例实施细则,医疗机构管理条例实施细则.txt,79,VERBATIM_EXACT,True,False,VERIFIED_PASS
doc010#c095,doc010,医疗机构管理条例实施细则,医疗机构管理条例实施细则.txt,92,VERBATIM_EXACT,True,False,VERIFIED_PASS
doc010#c096,doc010,医疗机构管理条例实施细则,医疗机构管理条例实施细则.txt,63,VERBATIM_EXACT,True,False,VERIFIED_PASS
doc010#c097,doc010,医疗机构管理条例实施细则,医疗机构管理条例实施细则.txt,406,NORMALIZED_WHITESPACE,True,False,VERIFIED_PASS
doc010#c098,doc010,医疗机构管理条例实施细则,医疗机构管理条例实施细则.txt,85,VERBATIM_EXACT,True,False,VERIFIED_PASS
doc010#c099,doc010,医疗机构管理条例实施细则,医疗机构管理条例实施细则.txt,18,VERBATIM_EXACT,True,False,VERIFIED_PASS
doc010#c100,doc010,医疗机构管理条例实施细则,医疗机构管理条例实施细则.txt,24,VERBATIM_EXACT,True,False,VERIFIED_PASS
doc011#c001,doc011,放射性同位素与射线装置安全和防护条例,放射性同位素与射线装置安全和防护条例.txt,201,VERBATIM_EXACT,True,False,VERIFIED_PASS
doc011#c002,doc011,放射性同位素与射线装置安全和防护条例,放射性同位素与射线装置安全和防护条例.txt,6,VERBATIM_EXACT,True,False,VERIFIED_PASS
doc011#c003,doc011,放射性同位素与射线装置安全和防护条例,放射性同位素与射线装置安全和防护条例.txt,68,VERBATIM_EXACT,True,False,VERIFIED_PASS
doc011#c004,doc011,放射性同位素与射线装置安全和防护条例,放射性同位素与射线装置安全和防护条例.txt,85,VERBATIM_EXACT,True,False,VERIFIED_PASS
doc011#c005,doc011,放射性同位素与射线装置安全和防护条例,放射性同位素与射线装置安全和防护条例.txt,175,VERBATIM_EXACT,True,False,VERIFIED_PASS
doc011#c006,doc011,放射性同位素与射线装置安全和防护条例,放射性同位素与射线装置安全和防护条例.txt,141,VERBATIM_EXACT,True,False,VERIFIED_PASS
doc011#c007,doc011,放射性同位素与射线装置安全和防护条例,放射性同位素与射线装置安全和防护条例.txt,9,VERBATIM_EXACT,True,False,VERIFIED_PASS
doc011#c008,doc011,放射性同位素与射线装置安全和防护条例,放射性同位素与射线装置安全和防护条例.txt,41,VERBATIM_EXACT,True,False,VERIFIED_PASS
doc011#c009,doc011,放射性同位素与射线装置安全和防护条例,放射性同位素与射线装置安全和防护条例.txt,247,VERBATIM_EXACT,True,False,VERIFIED_PASS
doc011#c010,doc011,放射性同位素与射线装置安全和防护条例,放射性同位素与射线装置安全和防护条例.txt,271,VERBATIM_EXACT,True,False,VERIFIED_PASS
doc011#c011,doc011,放射性同位素与射线装置安全和防护条例,放射性同位素与射线装置安全和防护条例.txt,123,VERBATIM_EXACT,True,False,VERIFIED_PASS
doc011#c012,doc011,放射性同位素与射线装置安全和防护条例,放射性同位素与射线装置安全和防护条例.txt,73,VERBATIM_EXACT,True,False,VERIFIED_PASS
doc011#c013,doc011,放射性同位素与射线装置安全和防护条例,放射性同位素与射线装置安全和防护条例.txt,74,VERBATIM_EXACT,True,False,VERIFIED_PASS
doc011#c014,doc011,放射性同位素与射线装置安全和防护条例,放射性同位素与射线装置安全和防护条例.txt,59,VERBATIM_EXACT,True,False,VERIFIED_PASS
doc011#c015,doc011,放射性同位素与射线装置安全和防护条例,放射性同位素与射线装置安全和防护条例.txt,87,VERBATIM_EXACT,True,False,VERIFIED_PASS
doc011#c016,doc011,放射性同位素与射线装置安全和防护条例,放射性同位素与射线装置安全和防护条例.txt,125,VERBATIM_EXACT,True,False,VERIFIED_PASS
doc011#c017,doc011,放射性同位素与射线装置安全和防护条例,放射性同位素与射线装置安全和防护条例.txt,90,VERBATIM_EXACT,True,False,VERIFIED_PASS
doc011#c018,doc011,放射性同位素与射线装置安全和防护条例,放射性同位素与射线装置安全和防护条例.txt,67,VERBATIM_EXACT,True,False,VERIFIED_PASS
doc011#c019,doc011,放射性同位素与射线装置安全和防护条例,放射性同位素与射线装置安全和防护条例.txt,206,VERBATIM_EXACT,True,False,VERIFIED_PASS
doc011#c020,doc011,放射性同位素与射线装置安全和防护条例,放射性同位素与射线装置安全和防护条例.txt,268,VERBATIM_EXACT,True,False,VERIFIED_PASS
doc011#c021,doc011,放射性同位素与射线装置安全和防护条例,放射性同位素与射线装置安全和防护条例.txt,244,VERBATIM_EXACT,True,False,VERIFIED_PASS
doc011#c022,doc011,放射性同位素与射线装置安全和防护条例,放射性同位素与射线装置安全和防护条例.txt,97,VERBATIM_EXACT,True,False,VERIFIED_PASS
doc011#c023,doc011,放射性同位素与射线装置安全和防护条例,放射性同位素与射线装置安全和防护条例.txt,148,VERBATIM_EXACT,True,False,VERIFIED_PASS
doc011#c024,doc011,放射性同位素与射线装置安全和防护条例,放射性同位素与射线装置安全和防护条例.txt,68,VERBATIM_EXACT,True,False,VERIFIED_PASS
doc011#c025,doc011,放射性同位素与射线装置安全和防护条例,放射性同位素与射线装置安全和防护条例.txt,259,VERBATIM_EXACT,True,False,VERIFIED_PASS
doc011#c026,doc011,放射性同位素与射线装置安全和防护条例,放射性同位素与射线装置安全和防护条例.txt,96,VERBATIM_EXACT,True,False,VERIFIED_PASS
doc011#c027,doc011,放射性同位素与射线装置安全和防护条例,放射性同位素与射线装置安全和防护条例.txt,117,VERBATIM_EXACT,True,False,VERIFIED_PASS
doc011#c028,doc011,放射性同位素与射线装置安全和防护条例,放射性同位素与射线装置安全和防护条例.txt,99,VERBATIM_EXACT,True,False,VERIFIED_PASS
doc011#c029,doc011,放射性同位素与射线装置安全和防护条例,放射性同位素与射线装置安全和防护条例.txt,122,VERBATIM_EXACT,True,False,VERIFIED_PASS
doc011#c030,doc011,放射性同位素与射线装置安全和防护条例,放射性同位素与射线装置安全和防护条例.txt,9,VERBATIM_EXACT,True,False,VERIFIED_PASS
doc011#c031,doc011,放射性同位素与射线装置安全和防护条例,放射性同位素与射线装置安全和防护条例.txt,143,VERBATIM_EXACT,True,False,VERIFIED_PASS
doc011#c032,doc011,放射性同位素与射线装置安全和防护条例,放射性同位素与射线装置安全和防护条例.txt,142,VERBATIM_EXACT,True,False,VERIFIED_PASS
doc011#c033,doc011,放射性同位素与射线装置安全和防护条例,放射性同位素与射线装置安全和防护条例.txt,108,VERBATIM_EXACT,True,False,VERIFIED_PASS
doc011#c034,doc011,放射性同位素与射线装置安全和防护条例,放射性同位素与射线装置安全和防护条例.txt,78,VERBATIM_EXACT,True,False,VERIFIED_PASS
doc011#c035,doc011,放射性同位素与射线装置安全和防护条例,放射性同位素与射线装置安全和防护条例.txt,268,VERBATIM_EXACT,True,False,VERIFIED_PASS
doc011#c036,doc011,放射性同位素与射线装置安全和防护条例,放射性同位素与射线装置安全和防护条例.txt,216,VERBATIM_EXACT,True,False,VERIFIED_PASS
doc011#c037,doc011,放射性同位素与射线装置安全和防护条例,放射性同位素与射线装置安全和防护条例.txt,64,VERBATIM_EXACT,True,False,VERIFIED_PASS
doc011#c038,doc011,放射性同位素与射线装置安全和防护条例,放射性同位素与射线装置安全和防护条例.txt,276,VERBATIM_EXACT,True,False,VERIFIED_PASS
doc011#c039,doc011,放射性同位素与射线装置安全和防护条例,放射性同位素与射线装置安全和防护条例.txt,198,VERBATIM_EXACT,True,False,VERIFIED_PASS
doc011#c040,doc011,放射性同位素与射线装置安全和防护条例,放射性同位素与射线装置安全和防护条例.txt,123,VERBATIM_EXACT,True,False,VERIFIED_PASS
doc011#c041,doc011,放射性同位素与射线装置安全和防护条例,放射性同位素与射线装置安全和防护条例.txt,80,VERBATIM_EXACT,True,False,VERIFIED_PASS
doc011#c042,doc011,放射性同位素与射线装置安全和防护条例,放射性同位素与射线装置安全和防护条例.txt,145,VERBATIM_EXACT,True,False,VERIFIED_PASS
doc011#c043,doc011,放射性同位素与射线装置安全和防护条例,放射性同位素与射线装置安全和防护条例.txt,84,VERBATIM_EXACT,True,False,VERIFIED_PASS
doc011#c044,doc011,放射性同位素与射线装置安全和防护条例,放射性同位素与射线装置安全和防护条例.txt,12,VERBATIM_EXACT,True,False,VERIFIED_PASS
doc011#c045,doc011,放射性同位素与射线装置安全和防护条例,放射性同位素与射线装置安全和防护条例.txt,359,VERBATIM_EXACT,True,False,VERIFIED_PASS
doc011#c046,doc011,放射性同位素与射线装置安全和防护条例,放射性同位素与射线装置安全和防护条例.txt,220,VERBATIM_EXACT,True,False,VERIFIED_PASS
doc011#c047,doc011,放射性同位素与射线装置安全和防护条例,放射性同位素与射线装置安全和防护条例.txt,390,VERBATIM_EXACT,True,False,VERIFIED_PASS
doc011#c048,doc011,放射性同位素与射线装置安全和防护条例,放射性同位素与射线装置安全和防护条例.txt,96,VERBATIM_EXACT,True,False,VERIFIED_PASS
doc011#c049,doc011,放射性同位素与射线装置安全和防护条例,放射性同位素与射线装置安全和防护条例.txt,311,VERBATIM_EXACT,True,False,VERIFIED_PASS
doc011#c050,doc011,放射性同位素与射线装置安全和防护条例,放射性同位素与射线装置安全和防护条例.txt,95,VERBATIM_EXACT,True,False,VERIFIED_PASS
doc011#c051,doc011,放射性同位素与射线装置安全和防护条例,放射性同位素与射线装置安全和防护条例.txt,8,VERBATIM_EXACT,True,False,VERIFIED_PASS
doc011#c052,doc011,放射性同位素与射线装置安全和防护条例,放射性同位素与射线装置安全和防护条例.txt,103,VERBATIM_EXACT,True,False,VERIFIED_PASS
doc011#c053,doc011,放射性同位素与射线装置安全和防护条例,放射性同位素与射线装置安全和防护条例.txt,118,VERBATIM_EXACT,True,False,VERIFIED_PASS
doc011#c054,doc011,放射性同位素与射线装置安全和防护条例,放射性同位素与射线装置安全和防护条例.txt,119,VERBATIM_EXACT,True,False,VERIFIED_PASS
doc011#c055,doc011,放射性同位素与射线装置安全和防护条例,放射性同位素与射线装置安全和防护条例.txt,140,VERBATIM_EXACT,True,False,VERIFIED_PASS
doc011#c056,doc011,放射性同位素与射线装置安全和防护条例,放射性同位素与射线装置安全和防护条例.txt,8,VERBATIM_EXACT,True,False,VERIFIED_PASS
doc011#c057,doc011,放射性同位素与射线装置安全和防护条例,放射性同位素与射线装置安全和防护条例.txt,317,VERBATIM_EXACT,True,False,VERIFIED_PASS
doc011#c058,doc011,放射性同位素与射线装置安全和防护条例,放射性同位素与射线装置安全和防护条例.txt,148,VERBATIM_EXACT,True,False,VERIFIED_PASS
doc011#c059,doc011,放射性同位素与射线装置安全和防护条例,放射性同位素与射线装置安全和防护条例.txt,371,VERBATIM_EXACT,True,False,VERIFIED_PASS
doc011#c060,doc011,放射性同位素与射线装置安全和防护条例,放射性同位素与射线装置安全和防护条例.txt,118,VERBATIM_EXACT,True,False,VERIFIED_PASS
doc011#c061,doc011,放射性同位素与射线装置安全和防护条例,放射性同位素与射线装置安全和防护条例.txt,153,VERBATIM_EXACT,True,False,VERIFIED_PASS
doc011#c062,doc011,放射性同位素与射线装置安全和防护条例,放射性同位素与射线装置安全和防护条例.txt,231,VERBATIM_EXACT,True,False,VERIFIED_PASS
doc011#c063,doc011,放射性同位素与射线装置安全和防护条例,放射性同位素与射线装置安全和防护条例.txt,202,VERBATIM_EXACT,True,False,VERIFIED_PASS
doc011#c064,doc011,放射性同位素与射线装置安全和防护条例,放射性同位素与射线装置安全和防护条例.txt,188,VERBATIM_EXACT,True,False,VERIFIED_PASS
doc011#c065,doc011,放射性同位素与射线装置安全和防护条例,放射性同位素与射线装置安全和防护条例.txt,263,VERBATIM_EXACT,True,False,VERIFIED_PASS
doc011#c066,doc011,放射性同位素与射线装置安全和防护条例,放射性同位素与射线装置安全和防护条例.txt,240,VERBATIM_EXACT,True,False,VERIFIED_PASS
doc011#c067,doc011,放射性同位素与射线装置安全和防护条例,放射性同位素与射线装置安全和防护条例.txt,224,VERBATIM_EXACT,True,False,VERIFIED_PASS
doc011#c068,doc011,放射性同位素与射线装置安全和防护条例,放射性同位素与射线装置安全和防护条例.txt,134,VERBATIM_EXACT,True,False,VERIFIED_PASS
doc011#c069,doc011,放射性同位素与射线装置安全和防护条例,放射性同位素与射线装置安全和防护条例.txt,73,VERBATIM_EXACT,True,False,VERIFIED_PASS
doc011#c070,doc011,放射性同位素与射线装置安全和防护条例,放射性同位素与射线装置安全和防护条例.txt,52,VERBATIM_EXACT,True,False,VERIFIED_PASS
doc011#c071,doc011,放射性同位素与射线装置安全和防护条例,放射性同位素与射线装置安全和防护条例.txt,52,VERBATIM_EXACT,True,False,VERIFIED_PASS
doc011#c072,doc011,放射性同位素与射线装置安全和防护条例,放射性同位素与射线装置安全和防护条例.txt,6,VERBATIM_EXACT,True,False,VERIFIED_PASS
doc011#c073,doc011,放射性同位素与射线装置安全和防护条例,放射性同位素与射线装置安全和防护条例.txt,59,VERBATIM_EXACT,True,False,VERIFIED_PASS
doc011#c074,doc011,放射性同位素与射线装置安全和防护条例,放射性同位素与射线装置安全和防护条例.txt,66,VERBATIM_EXACT,True,False,VERIFIED_PASS
doc011#c075,doc011,放射性同位素与射线装置安全和防护条例,放射性同位素与射线装置安全和防护条例.txt,62,VERBATIM_EXACT,True,False,VERIFIED_PASS
doc011#c076,doc011,放射性同位素与射线装置安全和防护条例,放射性同位素与射线装置安全和防护条例.txt,325,VERBATIM_EXACT,True,False,VERIFIED_PASS
doc011#c077,doc011,放射性同位素与射线装置安全和防护条例,放射性同位素与射线装置安全和防护条例.txt,65,VERBATIM_EXACT,True,False,VERIFIED_PASS
doc012#c001,doc012,中华人民共和国精神卫生法,中华人民共和国精神卫生法.txt,217,VERBATIM_EXACT,True,False,VERIFIED_PASS
doc012#c002,doc012,中华人民共和国精神卫生法,中华人民共和国精神卫生法.txt,6,VERBATIM_EXACT,True,False,VERIFIED_PASS
doc012#c003,doc012,中华人民共和国精神卫生法,中华人民共和国精神卫生法.txt,43,VERBATIM_EXACT,True,False,VERIFIED_PASS
doc012#c004,doc012,中华人民共和国精神卫生法,中华人民共和国精神卫生法.txt,57,VERBATIM_EXACT,True,False,VERIFIED_PASS
doc012#c005,doc012,中华人民共和国精神卫生法,中华人民共和国精神卫生法.txt,37,VERBATIM_EXACT,True,False,VERIFIED_PASS
doc012#c006,doc012,中华人民共和国精神卫生法,中华人民共和国精神卫生法.txt,145,VERBATIM_EXACT,True,False,VERIFIED_PASS
doc012#c007,doc012,中华人民共和国精神卫生法,中华人民共和国精神卫生法.txt,100,VERBATIM_EXACT,True,False,VERIFIED_PASS
doc012#c008,doc012,中华人民共和国精神卫生法,中华人民共和国精神卫生法.txt,51,VERBATIM_EXACT,True,False,VERIFIED_PASS
doc012#c009,doc012,中华人民共和国精神卫生法,中华人民共和国精神卫生法.txt,154,VERBATIM_EXACT,True,False,VERIFIED_PASS
doc012#c010,doc012,中华人民共和国精神卫生法,中华人民共和国精神卫生法.txt,106,VERBATIM_EXACT,True,False,VERIFIED_PASS
doc012#c011,doc012,中华人民共和国精神卫生法,中华人民共和国精神卫生法.txt,65,VERBATIM_EXACT,True,False,VERIFIED_PASS
doc012#c012,doc012,中华人民共和国精神卫生法,中华人民共和国精神卫生法.txt,151,VERBATIM_EXACT,True,False,VERIFIED_PASS
doc012#c013,doc012,中华人民共和国精神卫生法,中华人民共和国精神卫生法.txt,144,VERBATIM_EXACT,True,False,VERIFIED_PASS
doc012#c014,doc012,中华人民共和国精神卫生法,中华人民共和国精神卫生法.txt,111,VERBATIM_EXACT,True,False,VERIFIED_PASS
doc012#c015,doc012,中华人民共和国精神卫生法,中华人民共和国精神卫生法.txt,17,VERBATIM_EXACT,True,False,VERIFIED_PASS
doc012#c016,doc012,中华人民共和国精神卫生法,中华人民共和国精神卫生法.txt,60,VERBATIM_EXACT,True,False,VERIFIED_PASS
doc012#c017,doc012,中华人民共和国精神卫生法,中华人民共和国精神卫生法.txt,113,VERBATIM_EXACT,True,False,VERIFIED_PASS
doc012#c018,doc012,中华人民共和国精神卫生法,中华人民共和国精神卫生法.txt,78,VERBATIM_EXACT,True,False,VERIFIED_PASS
doc012#c019,doc012,中华人民共和国精神卫生法,中华人民共和国精神卫生法.txt,258,VERBATIM_EXACT,True,False,VERIFIED_PASS
doc012#c020,doc012,中华人民共和国精神卫生法,中华人民共和国精神卫生法.txt,83,VERBATIM_EXACT,True,False,VERIFIED_PASS
doc012#c021,doc012,中华人民共和国精神卫生法,中华人民共和国精神卫生法.txt,91,VERBATIM_EXACT,True,False,VERIFIED_PASS
doc012#c022,doc012,中华人民共和国精神卫生法,中华人民共和国精神卫生法.txt,90,VERBATIM_EXACT,True,False,VERIFIED_PASS
doc012#c023,doc012,中华人民共和国精神卫生法,中华人民共和国精神卫生法.txt,134,VERBATIM_EXACT,True,False,VERIFIED_PASS
doc012#c024,doc012,中华人民共和国精神卫生法,中华人民共和国精神卫生法.txt,82,VERBATIM_EXACT,True,False,VERIFIED_PASS
doc012#c025,doc012,中华人民共和国精神卫生法,中华人民共和国精神卫生法.txt,65,VERBATIM_EXACT,True,False,VERIFIED_PASS
doc012#c026,doc012,中华人民共和国精神卫生法,中华人民共和国精神卫生法.txt,149,VERBATIM_EXACT,True,False,VERIFIED_PASS
doc012#c027,doc012,中华人民共和国精神卫生法,中华人民共和国精神卫生法.txt,156,VERBATIM_EXACT,True,False,VERIFIED_PASS
doc012#c028,doc012,中华人民共和国精神卫生法,中华人民共和国精神卫生法.txt,14,VERBATIM_EXACT,True,False,VERIFIED_PASS
doc012#c029,doc012,中华人民共和国精神卫生法,中华人民共和国精神卫生法.txt,171,VERBATIM_EXACT,True,False,VERIFIED_PASS
doc012#c030,doc012,中华人民共和国精神卫生法,中华人民共和国精神卫生法.txt,97,VERBATIM_EXACT,True,False,VERIFIED_PASS
doc012#c031,doc012,中华人民共和国精神卫生法,中华人民共和国精神卫生法.txt,63,VERBATIM_EXACT,True,False,VERIFIED_PASS
doc012#c032,doc012,中华人民共和国精神卫生法,中华人民共和国精神卫生法.txt,235,VERBATIM_EXACT,True,False,VERIFIED_PASS
doc012#c033,doc012,中华人民共和国精神卫生法,中华人民共和国精神卫生法.txt,92,VERBATIM_EXACT,True,False,VERIFIED_PASS
doc012#c034,doc012,中华人民共和国精神卫生法,中华人民共和国精神卫生法.txt,127,VERBATIM_EXACT,True,False,VERIFIED_PASS
doc012#c035,doc012,中华人民共和国精神卫生法,中华人民共和国精神卫生法.txt,97,VERBATIM_EXACT,True,False,VERIFIED_PASS
doc012#c036,doc012,中华人民共和国精神卫生法,中华人民共和国精神卫生法.txt,356,VERBATIM_EXACT,True,False,VERIFIED_PASS
doc012#c037,doc012,中华人民共和国精神卫生法,中华人民共和国精神卫生法.txt,92,VERBATIM_EXACT,True,False,VERIFIED_PASS
doc012#c038,doc012,中华人民共和国精神卫生法,中华人民共和国精神卫生法.txt,148,VERBATIM_EXACT,True,False,VERIFIED_PASS
doc012#c039,doc012,中华人民共和国精神卫生法,中华人民共和国精神卫生法.txt,230,VERBATIM_EXACT,True,False,VERIFIED_PASS
doc012#c040,doc012,中华人民共和国精神卫生法,中华人民共和国精神卫生法.txt,167,VERBATIM_EXACT,True,False,VERIFIED_PASS
doc012#c041,doc012,中华人民共和国精神卫生法,中华人民共和国精神卫生法.txt,51,VERBATIM_EXACT,True,False,VERIFIED_PASS
doc012#c042,doc012,中华人民共和国精神卫生法,中华人民共和国精神卫生法.txt,77,VERBATIM_EXACT,True,False,VERIFIED_PASS
doc012#c043,doc012,中华人民共和国精神卫生法,中华人民共和国精神卫生法.txt,79,VERBATIM_EXACT,True,False,VERIFIED_PASS
doc012#c044,doc012,中华人民共和国精神卫生法,中华人民共和国精神卫生法.txt,154,VERBATIM_EXACT,True,False,VERIFIED_PASS
doc012#c045,doc012,中华人民共和国精神卫生法,中华人民共和国精神卫生法.txt,82,VERBATIM_EXACT,True,False,VERIFIED_PASS
doc012#c046,doc012,中华人民共和国精神卫生法,中华人民共和国精神卫生法.txt,53,VERBATIM_EXACT,True,False,VERIFIED_PASS
doc012#c047,doc012,中华人民共和国精神卫生法,中华人民共和国精神卫生法.txt,225,VERBATIM_EXACT,True,False,VERIFIED_PASS
doc012#c048,doc012,中华人民共和国精神卫生法,中华人民共和国精神卫生法.txt,349,VERBATIM_EXACT,True,False,VERIFIED_PASS
doc012#c049,doc012,中华人民共和国精神卫生法,中华人民共和国精神卫生法.txt,43,VERBATIM_EXACT,True,False,VERIFIED_PASS
doc012#c050,doc012,中华人民共和国精神卫生法,中华人民共和国精神卫生法.txt,86,VERBATIM_EXACT,True,False,VERIFIED_PASS
doc012#c051,doc012,中华人民共和国精神卫生法,中华人民共和国精神卫生法.txt,140,VERBATIM_EXACT,True,False,VERIFIED_PASS
doc012#c052,doc012,中华人民共和国精神卫生法,中华人民共和国精神卫生法.txt,51,VERBATIM_EXACT,True,False,VERIFIED_PASS
doc012#c053,doc012,中华人民共和国精神卫生法,中华人民共和国精神卫生法.txt,102,VERBATIM_EXACT,True,False,VERIFIED_PASS
doc012#c054,doc012,中华人民共和国精神卫生法,中华人民共和国精神卫生法.txt,240,VERBATIM_EXACT,True,False,VERIFIED_PASS
doc012#c055,doc012,中华人民共和国精神卫生法,中华人民共和国精神卫生法.txt,90,VERBATIM_EXACT,True,False,VERIFIED_PASS
doc012#c056,doc012,中华人民共和国精神卫生法,中华人民共和国精神卫生法.txt,54,VERBATIM_EXACT,True,False,VERIFIED_PASS
doc012#c057,doc012,中华人民共和国精神卫生法,中华人民共和国精神卫生法.txt,41,VERBATIM_EXACT,True,False,VERIFIED_PASS
doc012#c058,doc012,中华人民共和国精神卫生法,中华人民共和国精神卫生法.txt,11,VERBATIM_EXACT,True,False,VERIFIED_PASS
doc012#c059,doc012,中华人民共和国精神卫生法,中华人民共和国精神卫生法.txt,61,VERBATIM_EXACT,True,False,VERIFIED_PASS
doc012#c060,doc012,中华人民共和国精神卫生法,中华人民共和国精神卫生法.txt,213,VERBATIM_EXACT,True,False,VERIFIED_PASS
doc012#c061,doc012,中华人民共和国精神卫生法,中华人民共和国精神卫生法.txt,105,VERBATIM_EXACT,True,False,VERIFIED_PASS
doc012#c062,doc012,中华人民共和国精神卫生法,中华人民共和国精神卫生法.txt,47,VERBATIM_EXACT,True,False,VERIFIED_PASS
doc012#c063,doc012,中华人民共和国精神卫生法,中华人民共和国精神卫生法.txt,107,VERBATIM_EXACT,True,False,VERIFIED_PASS
doc012#c064,doc012,中华人民共和国精神卫生法,中华人民共和国精神卫生法.txt,105,VERBATIM_EXACT,True,False,VERIFIED_PASS
doc012#c065,doc012,中华人民共和国精神卫生法,中华人民共和国精神卫生法.txt,8,VERBATIM_EXACT,True,False,VERIFIED_PASS
doc012#c066,doc012,中华人民共和国精神卫生法,中华人民共和国精神卫生法.txt,90,VERBATIM_EXACT,True,False,VERIFIED_PASS
doc012#c067,doc012,中华人民共和国精神卫生法,中华人民共和国精神卫生法.txt,174,VERBATIM_EXACT,True,False,VERIFIED_PASS
doc012#c068,doc012,中华人民共和国精神卫生法,中华人民共和国精神卫生法.txt,65,VERBATIM_EXACT,True,False,VERIFIED_PASS
doc012#c069,doc012,中华人民共和国精神卫生法,中华人民共和国精神卫生法.txt,64,VERBATIM_EXACT,True,False,VERIFIED_PASS
doc012#c070,doc012,中华人民共和国精神卫生法,中华人民共和国精神卫生法.txt,63,VERBATIM_EXACT,True,False,VERIFIED_PASS
doc012#c071,doc012,中华人民共和国精神卫生法,中华人民共和国精神卫生法.txt,62,VERBATIM_EXACT,True,False,VERIFIED_PASS
doc012#c072,doc012,中华人民共和国精神卫生法,中华人民共和国精神卫生法.txt,134,VERBATIM_EXACT,True,False,VERIFIED_PASS
doc012#c073,doc012,中华人民共和国精神卫生法,中华人民共和国精神卫生法.txt,115,VERBATIM_EXACT,True,False,VERIFIED_PASS
doc012#c074,doc012,中华人民共和国精神卫生法,中华人民共和国精神卫生法.txt,320,VERBATIM_EXACT,True,False,VERIFIED_PASS
doc012#c075,doc012,中华人民共和国精神卫生法,中华人民共和国精神卫生法.txt,216,VERBATIM_EXACT,True,False,VERIFIED_PASS
doc012#c076,doc012,中华人民共和国精神卫生法,中华人民共和国精神卫生法.txt,148,VERBATIM_EXACT,True,False,VERIFIED_PASS
doc012#c077,doc012,中华人民共和国精神卫生法,中华人民共和国精神卫生法.txt,183,VERBATIM_EXACT,True,False,VERIFIED_PASS
doc012#c078,doc012,中华人民共和国精神卫生法,中华人民共和国精神卫生法.txt,8,VERBATIM_EXACT,True,False,VERIFIED_PASS
doc012#c079,doc012,中华人民共和国精神卫生法,中华人民共和国精神卫生法.txt,153,VERBATIM_EXACT,True,False,VERIFIED_PASS
doc012#c080,doc012,中华人民共和国精神卫生法,中华人民共和国精神卫生法.txt,157,VERBATIM_EXACT,True,False,VERIFIED_PASS
doc012#c081,doc012,中华人民共和国精神卫生法,中华人民共和国精神卫生法.txt,205,VERBATIM_EXACT,True,False,VERIFIED_PASS
doc012#c082,doc012,中华人民共和国精神卫生法,中华人民共和国精神卫生法.txt,298,VERBATIM_EXACT,True,False,VERIFIED_PASS
doc012#c083,doc012,中华人民共和国精神卫生法,中华人民共和国精神卫生法.txt,305,VERBATIM_EXACT,True,False,VERIFIED_PASS
doc012#c084,doc012,中华人民共和国精神卫生法,中华人民共和国精神卫生法.txt,80,VERBATIM_EXACT,True,False,VERIFIED_PASS
doc012#c085,doc012,中华人民共和国精神卫生法,中华人民共和国精神卫生法.txt,203,VERBATIM_EXACT,True,False,VERIFIED_PASS
doc012#c086,doc012,中华人民共和国精神卫生法,中华人民共和国精神卫生法.txt,91,VERBATIM_EXACT,True,False,VERIFIED_PASS
doc012#c087,doc012,中华人民共和国精神卫生法,中华人民共和国精神卫生法.txt,110,VERBATIM_EXACT,True,False,VERIFIED_PASS
doc012#c088,doc012,中华人民共和国精神卫生法,中华人民共和国精神卫生法.txt,28,VERBATIM_EXACT,True,False,VERIFIED_PASS
doc012#c089,doc012,中华人民共和国精神卫生法,中华人民共和国精神卫生法.txt,69,VERBATIM_EXACT,True,False,VERIFIED_PASS
doc012#c090,doc012,中华人民共和国精神卫生法,中华人民共和国精神卫生法.txt,6,VERBATIM_EXACT,True,False,VERIFIED_PASS
doc012#c091,doc012,中华人民共和国精神卫生法,中华人民共和国精神卫生法.txt,181,VERBATIM_EXACT,True,False,VERIFIED_PASS
doc012#c092,doc012,中华人民共和国精神卫生法,中华人民共和国精神卫生法.txt,39,VERBATIM_EXACT,True,False,VERIFIED_PASS
doc012#c093,doc012,中华人民共和国精神卫生法,中华人民共和国精神卫生法.txt,22,VERBATIM_EXACT,True,False,VERIFIED_PASS
doc013#c001,doc013,中华人民共和国食品安全法实施条例,中华人民共和国食品安全法实施条例.txt,269,VERBATIM_EXACT,True,False,VERIFIED_PASS
doc013#c002,doc013,中华人民共和国食品安全法实施条例,中华人民共和国食品安全法实施条例.txt,6,VERBATIM_EXACT,True,False,VERIFIED_PASS
doc013#c003,doc013,中华人民共和国食品安全法实施条例,中华人民共和国食品安全法实施条例.txt,38,VERBATIM_EXACT,True,False,VERIFIED_PASS
doc013#c004,doc013,中华人民共和国食品安全法实施条例,中华人民共和国食品安全法实施条例.txt,74,VERBATIM_EXACT,True,False,VERIFIED_PASS
doc013#c005,doc013,中华人民共和国食品安全法实施条例,中华人民共和国食品安全法实施条例.txt,109,VERBATIM_EXACT,True,False,VERIFIED_PASS
doc013#c006,doc013,中华人民共和国食品安全法实施条例,中华人民共和国食品安全法实施条例.txt,157,VERBATIM_EXACT,True,False,VERIFIED_PASS
doc013#c007,doc013,中华人民共和国食品安全法实施条例,中华人民共和国食品安全法实施条例.txt,53,VERBATIM_EXACT,True,False,VERIFIED_PASS
doc013#c008,doc013,中华人民共和国食品安全法实施条例,中华人民共和国食品安全法实施条例.txt,15,VERBATIM_EXACT,True,False,VERIFIED_PASS
doc013#c009,doc013,中华人民共和国食品安全法实施条例,中华人民共和国食品安全法实施条例.txt,185,VERBATIM_EXACT,True,False,VERIFIED_PASS
doc013#c010,doc013,中华人民共和国食品安全法实施条例,中华人民共和国食品安全法实施条例.txt,159,VERBATIM_EXACT,True,False,VERIFIED_PASS
doc013#c011,doc013,中华人民共和国食品安全法实施条例,中华人民共和国食品安全法实施条例.txt,111,VERBATIM_EXACT,True,False,VERIFIED_PASS
doc013#c012,doc013,中华人民共和国食品安全法实施条例,中华人民共和国食品安全法实施条例.txt,61,VERBATIM_EXACT,True,False,VERIFIED_PASS
doc013#c013,doc013,中华人民共和国食品安全法实施条例,中华人民共和国食品安全法实施条例.txt,10,VERBATIM_EXACT,True,False,VERIFIED_PASS
doc013#c014,doc013,中华人民共和国食品安全法实施条例,中华人民共和国食品安全法实施条例.txt,102,VERBATIM_EXACT,True,False,VERIFIED_PASS
doc013#c015,doc013,中华人民共和国食品安全法实施条例,中华人民共和国食品安全法实施条例.txt,220,VERBATIM_EXACT,True,False,VERIFIED_PASS
doc013#c016,doc013,中华人民共和国食品安全法实施条例,中华人民共和国食品安全法实施条例.txt,58,VERBATIM_EXACT,True,False,VERIFIED_PASS
doc013#c017,doc013,中华人民共和国食品安全法实施条例,中华人民共和国食品安全法实施条例.txt,52,VERBATIM_EXACT,True,False,VERIFIED_PASS
doc013#c018,doc013,中华人民共和国食品安全法实施条例,中华人民共和国食品安全法实施条例.txt,129,VERBATIM_EXACT,True,False,VERIFIED_PASS
doc013#c019,doc013,中华人民共和国食品安全法实施条例,中华人民共和国食品安全法实施条例.txt,10,VERBATIM_EXACT,True,False,VERIFIED_PASS
doc013#c020,doc013,中华人民共和国食品安全法实施条例,中华人民共和国食品安全法实施条例.txt,92,VERBATIM_EXACT,True,False,VERIFIED_PASS
doc013#c021,doc013,中华人民共和国食品安全法实施条例,中华人民共和国食品安全法实施条例.txt,114,VERBATIM_EXACT,True,False,VERIFIED_PASS
doc013#c022,doc013,中华人民共和国食品安全法实施条例,中华人民共和国食品安全法实施条例.txt,147,VERBATIM_EXACT,True,False,VERIFIED_PASS
doc013#c023,doc013,中华人民共和国食品安全法实施条例,中华人民共和国食品安全法实施条例.txt,68,VERBATIM_EXACT,True,False,VERIFIED_PASS
doc013#c024,doc013,中华人民共和国食品安全法实施条例,中华人民共和国食品安全法实施条例.txt,128,VERBATIM_EXACT,True,False,VERIFIED_PASS
doc013#c025,doc013,中华人民共和国食品安全法实施条例,中华人民共和国食品安全法实施条例.txt,140,VERBATIM_EXACT,True,False,VERIFIED_PASS
doc013#c026,doc013,中华人民共和国食品安全法实施条例,中华人民共和国食品安全法实施条例.txt,142,VERBATIM_EXACT,True,False,VERIFIED_PASS
doc013#c027,doc013,中华人民共和国食品安全法实施条例,中华人民共和国食品安全法实施条例.txt,49,VERBATIM_EXACT,True,False,VERIFIED_PASS
doc013#c028,doc013,中华人民共和国食品安全法实施条例,中华人民共和国食品安全法实施条例.txt,58,VERBATIM_EXACT,True,False,VERIFIED_PASS
doc013#c029,doc013,中华人民共和国食品安全法实施条例,中华人民共和国食品安全法实施条例.txt,54,VERBATIM_EXACT,True,False,VERIFIED_PASS
doc013#c030,doc013,中华人民共和国食品安全法实施条例,中华人民共和国食品安全法实施条例.txt,253,VERBATIM_EXACT,True,False,VERIFIED_PASS
doc013#c031,doc013,中华人民共和国食品安全法实施条例,中华人民共和国食品安全法实施条例.txt,97,VERBATIM_EXACT,True,False,VERIFIED_PASS
doc013#c032,doc013,中华人民共和国食品安全法实施条例,中华人民共和国食品安全法实施条例.txt,164,VERBATIM_EXACT,True,False,VERIFIED_PASS
doc013#c033,doc013,中华人民共和国食品安全法实施条例,中华人民共和国食品安全法实施条例.txt,159,VERBATIM_EXACT,True,False,VERIFIED_PASS
doc013#c034,doc013,中华人民共和国食品安全法实施条例,中华人民共和国食品安全法实施条例.txt,162,VERBATIM_EXACT,True,False,VERIFIED_PASS
doc013#c035,doc013,中华人民共和国食品安全法实施条例,中华人民共和国食品安全法实施条例.txt,76,VERBATIM_EXACT,True,False,VERIFIED_PASS
doc013#c036,doc013,中华人民共和国食品安全法实施条例,中华人民共和国食品安全法实施条例.txt,66,VERBATIM_EXACT,True,False,VERIFIED_PASS
doc013#c037,doc013,中华人民共和国食品安全法实施条例,中华人民共和国食品安全法实施条例.txt,207,VERBATIM_EXACT,True,False,VERIFIED_PASS
doc013#c038,doc013,中华人民共和国食品安全法实施条例,中华人民共和国食品安全法实施条例.txt,54,VERBATIM_EXACT,True,False,VERIFIED_PASS
doc013#c039,doc013,中华人民共和国食品安全法实施条例,中华人民共和国食品安全法实施条例.txt,68,VERBATIM_EXACT,True,False,VERIFIED_PASS
doc013#c040,doc013,中华人民共和国食品安全法实施条例,中华人民共和国食品安全法实施条例.txt,49,VERBATIM_EXACT,True,False,VERIFIED_PASS
doc013#c041,doc013,中华人民共和国食品安全法实施条例,中华人民共和国食品安全法实施条例.txt,157,VERBATIM_EXACT,True,False,VERIFIED_PASS
doc013#c042,doc013,中华人民共和国食品安全法实施条例,中华人民共和国食品安全法实施条例.txt,67,VERBATIM_EXACT,True,False,VERIFIED_PASS
doc013#c043,doc013,中华人民共和国食品安全法实施条例,中华人民共和国食品安全法实施条例.txt,74,VERBATIM_EXACT,True,False,VERIFIED_PASS
doc013#c044,doc013,中华人民共和国食品安全法实施条例,中华人民共和国食品安全法实施条例.txt,154,VERBATIM_EXACT,True,False,VERIFIED_PASS
doc013#c045,doc013,中华人民共和国食品安全法实施条例,中华人民共和国食品安全法实施条例.txt,8,VERBATIM_EXACT,True,False,VERIFIED_PASS
doc013#c046,doc013,中华人民共和国食品安全法实施条例,中华人民共和国食品安全法实施条例.txt,67,VERBATIM_EXACT,True,False,VERIFIED_PASS
doc013#c047,doc013,中华人民共和国食品安全法实施条例,中华人民共和国食品安全法实施条例.txt,144,VERBATIM_EXACT,True,False,VERIFIED_PASS
doc013#c048,doc013,中华人民共和国食品安全法实施条例,中华人民共和国食品安全法实施条例.txt,130,VERBATIM_EXACT,True,False,VERIFIED_PASS
doc013#c049,doc013,中华人民共和国食品安全法实施条例,中华人民共和国食品安全法实施条例.txt,80,VERBATIM_EXACT,True,False,VERIFIED_PASS
doc013#c050,doc013,中华人民共和国食品安全法实施条例,中华人民共和国食品安全法实施条例.txt,9,VERBATIM_EXACT,True,False,VERIFIED_PASS
doc013#c051,doc013,中华人民共和国食品安全法实施条例,中华人民共和国食品安全法实施条例.txt,70,VERBATIM_EXACT,True,False,VERIFIED_PASS
doc013#c052,doc013,中华人民共和国食品安全法实施条例,中华人民共和国食品安全法实施条例.txt,94,VERBATIM_EXACT,True,False,VERIFIED_PASS
doc013#c053,doc013,中华人民共和国食品安全法实施条例,中华人民共和国食品安全法实施条例.txt,42,VERBATIM_EXACT,True,False,VERIFIED_PASS
doc013#c054,doc013,中华人民共和国食品安全法实施条例,中华人民共和国食品安全法实施条例.txt,180,VERBATIM_EXACT,True,False,VERIFIED_PASS
doc013#c055,doc013,中华人民共和国食品安全法实施条例,中华人民共和国食品安全法实施条例.txt,116,VERBATIM_EXACT,True,False,VERIFIED_PASS
doc013#c056,doc013,中华人民共和国食品安全法实施条例,中华人民共和国食品安全法实施条例.txt,83,VERBATIM_EXACT,True,False,VERIFIED_PASS
doc013#c057,doc013,中华人民共和国食品安全法实施条例,中华人民共和国食品安全法实施条例.txt,112,VERBATIM_EXACT,True,False,VERIFIED_PASS
doc013#c058,doc013,中华人民共和国食品安全法实施条例,中华人民共和国食品安全法实施条例.txt,87,VERBATIM_EXACT,True,False,VERIFIED_PASS
doc013#c059,doc013,中华人民共和国食品安全法实施条例,中华人民共和国食品安全法实施条例.txt,154,VERBATIM_EXACT,True,False,VERIFIED_PASS
doc013#c060,doc013,中华人民共和国食品安全法实施条例,中华人民共和国食品安全法实施条例.txt,93,VERBATIM_EXACT,True,False,VERIFIED_PASS
doc013#c061,doc013,中华人民共和国食品安全法实施条例,中华人民共和国食品安全法实施条例.txt,12,VERBATIM_EXACT,True,False,VERIFIED_PASS
doc013#c062,doc013,中华人民共和国食品安全法实施条例,中华人民共和国食品安全法实施条例.txt,107,VERBATIM_EXACT,True,False,VERIFIED_PASS
doc013#c063,doc013,中华人民共和国食品安全法实施条例,中华人民共和国食品安全法实施条例.txt,64,VERBATIM_EXACT,True,False,VERIFIED_PASS
doc013#c064,doc013,中华人民共和国食品安全法实施条例,中华人民共和国食品安全法实施条例.txt,63,VERBATIM_EXACT,True,False,VERIFIED_PASS
doc013#c065,doc013,中华人民共和国食品安全法实施条例,中华人民共和国食品安全法实施条例.txt,289,VERBATIM_EXACT,True,False,VERIFIED_PASS
doc013#c066,doc013,中华人民共和国食品安全法实施条例,中华人民共和国食品安全法实施条例.txt,78,VERBATIM_EXACT,True,False,VERIFIED_PASS
doc013#c067,doc013,中华人民共和国食品安全法实施条例,中华人民共和国食品安全法实施条例.txt,8,VERBATIM_EXACT,True,False,VERIFIED_PASS
doc013#c068,doc013,中华人民共和国食品安全法实施条例,中华人民共和国食品安全法实施条例.txt,213,VERBATIM_EXACT,True,False,VERIFIED_PASS
doc013#c069,doc013,中华人民共和国食品安全法实施条例,中华人民共和国食品安全法实施条例.txt,56,VERBATIM_EXACT,True,False,VERIFIED_PASS
doc013#c070,doc013,中华人民共和国食品安全法实施条例,中华人民共和国食品安全法实施条例.txt,116,VERBATIM_EXACT,True,False,VERIFIED_PASS
doc013#c071,doc013,中华人民共和国食品安全法实施条例,中华人民共和国食品安全法实施条例.txt,111,VERBATIM_EXACT,True,False,VERIFIED_PASS
doc013#c072,doc013,中华人民共和国食品安全法实施条例,中华人民共和国食品安全法实施条例.txt,115,VERBATIM_EXACT,True,False,VERIFIED_PASS
doc013#c073,doc013,中华人民共和国食品安全法实施条例,中华人民共和国食品安全法实施条例.txt,98,VERBATIM_EXACT,True,False,VERIFIED_PASS
doc013#c074,doc013,中华人民共和国食品安全法实施条例,中华人民共和国食品安全法实施条例.txt,172,VERBATIM_EXACT,True,False,VERIFIED_PASS
doc013#c075,doc013,中华人民共和国食品安全法实施条例,中华人民共和国食品安全法实施条例.txt,113,VERBATIM_EXACT,True,False,VERIFIED_PASS
doc013#c076,doc013,中华人民共和国食品安全法实施条例,中华人民共和国食品安全法实施条例.txt,8,VERBATIM_EXACT,True,False,VERIFIED_PASS
doc013#c077,doc013,中华人民共和国食品安全法实施条例,中华人民共和国食品安全法实施条例.txt,302,VERBATIM_EXACT,True,False,VERIFIED_PASS
doc013#c078,doc013,中华人民共和国食品安全法实施条例,中华人民共和国食品安全法实施条例.txt,194,VERBATIM_EXACT,True,False,VERIFIED_PASS
doc013#c079,doc013,中华人民共和国食品安全法实施条例,中华人民共和国食品安全法实施条例.txt,274,VERBATIM_EXACT,True,False,VERIFIED_PASS
doc013#c080,doc013,中华人民共和国食品安全法实施条例,中华人民共和国食品安全法实施条例.txt,143,VERBATIM_EXACT,True,False,VERIFIED_PASS
doc013#c081,doc013,中华人民共和国食品安全法实施条例,中华人民共和国食品安全法实施条例.txt,87,VERBATIM_EXACT,True,False,VERIFIED_PASS
doc013#c082,doc013,中华人民共和国食品安全法实施条例,中华人民共和国食品安全法实施条例.txt,151,VERBATIM_EXACT,True,False,VERIFIED_PASS
doc013#c083,doc013,中华人民共和国食品安全法实施条例,中华人民共和国食品安全法实施条例.txt,165,VERBATIM_EXACT,True,False,VERIFIED_PASS
doc013#c084,doc013,中华人民共和国食品安全法实施条例,中华人民共和国食品安全法实施条例.txt,193,VERBATIM_EXACT,True,False,VERIFIED_PASS
doc013#c085,doc013,中华人民共和国食品安全法实施条例,中华人民共和国食品安全法实施条例.txt,192,VERBATIM_EXACT,True,False,VERIFIED_PASS
doc013#c086,doc013,中华人民共和国食品安全法实施条例,中华人民共和国食品安全法实施条例.txt,93,VERBATIM_EXACT,True,False,VERIFIED_PASS
doc013#c087,doc013,中华人民共和国食品安全法实施条例,中华人民共和国食品安全法实施条例.txt,166,VERBATIM_EXACT,True,False,VERIFIED_PASS
doc013#c088,doc013,中华人民共和国食品安全法实施条例,中华人民共和国食品安全法实施条例.txt,132,VERBATIM_EXACT,True,False,VERIFIED_PASS
doc013#c089,doc013,中华人民共和国食品安全法实施条例,中华人民共和国食品安全法实施条例.txt,93,VERBATIM_EXACT,True,False,VERIFIED_PASS
doc013#c090,doc013,中华人民共和国食品安全法实施条例,中华人民共和国食品安全法实施条例.txt,177,VERBATIM_EXACT,True,False,VERIFIED_PASS
doc013#c091,doc013,中华人民共和国食品安全法实施条例,中华人民共和国食品安全法实施条例.txt,98,VERBATIM_EXACT,True,False,VERIFIED_PASS
doc013#c092,doc013,中华人民共和国食品安全法实施条例,中华人民共和国食品安全法实施条例.txt,58,VERBATIM_EXACT,True,False,VERIFIED_PASS
doc013#c093,doc013,中华人民共和国食品安全法实施条例,中华人民共和国食品安全法实施条例.txt,96,VERBATIM_EXACT,True,False,VERIFIED_PASS
doc013#c094,doc013,中华人民共和国食品安全法实施条例,中华人民共和国食品安全法实施条例.txt,80,VERBATIM_EXACT,True,False,VERIFIED_PASS
doc013#c095,doc013,中华人民共和国食品安全法实施条例,中华人民共和国食品安全法实施条例.txt,29,VERBATIM_EXACT,True,False,VERIFIED_PASS
doc013#c096,doc013,中华人民共和国食品安全法实施条例,中华人民共和国食品安全法实施条例.txt,6,VERBATIM_EXACT,True,False,VERIFIED_PASS
doc013#c097,doc013,中华人民共和国食品安全法实施条例,中华人民共和国食品安全法实施条例.txt,24,VERBATIM_EXACT,True,False,VERIFIED_PASS
doc014#c001,doc014,中华人民共和国医师法,中华人民共和国医师法.txt,66,VERBATIM_EXACT,True,False,VERIFIED_PASS
doc014#c002,doc014,中华人民共和国医师法,中华人民共和国医师法.txt,6,VERBATIM_EXACT,True,False,VERIFIED_PASS
doc014#c003,doc014,中华人民共和国医师法,中华人民共和国医师法.txt,9,VERBATIM_EXACT,True,False,VERIFIED_PASS
doc014#c004,doc014,中华人民共和国医师法,中华人民共和国医师法.txt,8,VERBATIM_EXACT,True,False,VERIFIED_PASS
doc014#c005,doc014,中华人民共和国医师法,中华人民共和国医师法.txt,9,VERBATIM_EXACT,True,False,VERIFIED_PASS
doc014#c006,doc014,中华人民共和国医师法,中华人民共和国医师法.txt,8,VERBATIM_EXACT,True,False,VERIFIED_PASS
doc014#c007,doc014,中华人民共和国医师法,中华人民共和国医师法.txt,8,VERBATIM_EXACT,True,False,VERIFIED_PASS
doc014#c008,doc014,中华人民共和国医师法,中华人民共和国医师法.txt,10,VERBATIM_EXACT,True,False,VERIFIED_PASS
doc014#c009,doc014,中华人民共和国医师法,中华人民共和国医师法.txt,6,VERBATIM_EXACT,True,False,VERIFIED_PASS
doc014#c010,doc014,中华人民共和国医师法,中华人民共和国医师法.txt,54,VERBATIM_EXACT,True,False,VERIFIED_PASS
doc014#c011,doc014,中华人民共和国医师法,中华人民共和国医师法.txt,57,VERBATIM_EXACT,True,False,VERIFIED_PASS
doc014#c012,doc014,中华人民共和国医师法,中华人民共和国医师法.txt,129,VERBATIM_EXACT,True,False,VERIFIED_PASS
doc014#c013,doc014,中华人民共和国医师法,中华人民共和国医师法.txt,155,VERBATIM_EXACT,True,False,VERIFIED_PASS
doc014#c014,doc014,中华人民共和国医师法,中华人民共和国医师法.txt,130,VERBATIM_EXACT,True,False,VERIFIED_PASS
doc014#c015,doc014,中华人民共和国医师法,中华人民共和国医师法.txt,71,VERBATIM_EXACT,True,False,VERIFIED_PASS
doc014#c016,doc014,中华人民共和国医师法,中华人民共和国医师法.txt,95,VERBATIM_EXACT,True,False,VERIFIED_PASS
doc014#c017,doc014,中华人民共和国医师法,中华人民共和国医师法.txt,9,VERBATIM_EXACT,True,False,VERIFIED_PASS
doc014#c018,doc014,中华人民共和国医师法,中华人民共和国医师法.txt,105,VERBATIM_EXACT,True,False,VERIFIED_PASS
doc014#c019,doc014,中华人民共和国医师法,中华人民共和国医师法.txt,130,VERBATIM_EXACT,True,False,VERIFIED_PASS
doc014#c020,doc014,中华人民共和国医师法,中华人民共和国医师法.txt,70,VERBATIM_EXACT,True,False,VERIFIED_PASS
doc014#c021,doc014,中华人民共和国医师法,中华人民共和国医师法.txt,223,VERBATIM_EXACT,True,False,VERIFIED_PASS
doc014#c022,doc014,中华人民共和国医师法,中华人民共和国医师法.txt,44,VERBATIM_EXACT,True,False,VERIFIED_PASS
doc014#c023,doc014,中华人民共和国医师法,中华人民共和国医师法.txt,206,VERBATIM_EXACT,True,False,VERIFIED_PASS
doc014#c024,doc014,中华人民共和国医师法,中华人民共和国医师法.txt,276,VERBATIM_EXACT,True,False,VERIFIED_PASS
doc014#c025,doc014,中华人民共和国医师法,中华人民共和国医师法.txt,173,VERBATIM_EXACT,True,False,VERIFIED_PASS
doc014#c026,doc014,中华人民共和国医师法,中华人民共和国医师法.txt,213,VERBATIM_EXACT,True,False,VERIFIED_PASS
doc014#c027,doc014,中华人民共和国医师法,中华人民共和国医师法.txt,269,VERBATIM_EXACT,True,False,VERIFIED_PASS
doc014#c028,doc014,中华人民共和国医师法,中华人民共和国医师法.txt,178,VERBATIM_EXACT,True,False,VERIFIED_PASS
doc014#c029,doc014,中华人民共和国医师法,中华人民共和国医师法.txt,94,VERBATIM_EXACT,True,False,VERIFIED_PASS
doc014#c030,doc014,中华人民共和国医师法,中华人民共和国医师法.txt,192,VERBATIM_EXACT,True,False,VERIFIED_PASS
doc014#c031,doc014,中华人民共和国医师法,中华人民共和国医师法.txt,103,VERBATIM_EXACT,True,False,VERIFIED_PASS
doc014#c032,doc014,中华人民共和国医师法,中华人民共和国医师法.txt,8,VERBATIM_EXACT,True,False,VERIFIED_PASS
doc014#c033,doc014,中华人民共和国医师法,中华人民共和国医师法.txt,259,VERBATIM_EXACT,True,False,VERIFIED_PASS
doc014#c034,doc014,中华人民共和国医师法,中华人民共和国医师法.txt,228,VERBATIM_EXACT,True,False,VERIFIED_PASS
doc014#c035,doc014,中华人民共和国医师法,中华人民共和国医师法.txt,132,VERBATIM_EXACT,True,False,VERIFIED_PASS
doc014#c036,doc014,中华人民共和国医师法,中华人民共和国医师法.txt,128,VERBATIM_EXACT,True,False,VERIFIED_PASS
doc014#c037,doc014,中华人民共和国医师法,中华人民共和国医师法.txt,68,VERBATIM_EXACT,True,False,VERIFIED_PASS
doc014#c038,doc014,中华人民共和国医师法,中华人民共和国医师法.txt,160,VERBATIM_EXACT,True,False,VERIFIED_PASS
doc014#c039,doc014,中华人民共和国医师法,中华人民共和国医师法.txt,94,VERBATIM_EXACT,True,False,VERIFIED_PASS
doc014#c040,doc014,中华人民共和国医师法,中华人民共和国医师法.txt,168,VERBATIM_EXACT,True,False,VERIFIED_PASS
doc014#c041,doc014,中华人民共和国医师法,中华人民共和国医师法.txt,97,VERBATIM_EXACT,True,False,VERIFIED_PASS
doc014#c042,doc014,中华人民共和国医师法,中华人民共和国医师法.txt,55,VERBATIM_EXACT,True,False,VERIFIED_PASS
doc014#c043,doc014,中华人民共和国医师法,中华人民共和国医师法.txt,96,VERBATIM_EXACT,True,False,VERIFIED_PASS
doc014#c044,doc014,中华人民共和国医师法,中华人民共和国医师法.txt,178,VERBATIM_EXACT,True,False,VERIFIED_PASS
doc014#c045,doc014,中华人民共和国医师法,中华人民共和国医师法.txt,125,VERBATIM_EXACT,True,False,VERIFIED_PASS
doc014#c046,doc014,中华人民共和国医师法,中华人民共和国医师法.txt,113,VERBATIM_EXACT,True,False,VERIFIED_PASS
doc014#c047,doc014,中华人民共和国医师法,中华人民共和国医师法.txt,81,VERBATIM_EXACT,True,False,VERIFIED_PASS
doc014#c048,doc014,中华人民共和国医师法,中华人民共和国医师法.txt,9,VERBATIM_EXACT,True,False,VERIFIED_PASS
doc014#c049,doc014,中华人民共和国医师法,中华人民共和国医师法.txt,206,VERBATIM_EXACT,True,False,VERIFIED_PASS
doc014#c050,doc014,中华人民共和国医师法,中华人民共和国医师法.txt,96,VERBATIM_EXACT,True,False,VERIFIED_PASS
doc014#c051,doc014,中华人民共和国医师法,中华人民共和国医师法.txt,125,VERBATIM_EXACT,True,False,VERIFIED_PASS
doc014#c052,doc014,中华人民共和国医师法,中华人民共和国医师法.txt,184,VERBATIM_EXACT,True,False,VERIFIED_PASS
doc014#c053,doc014,中华人民共和国医师法,中华人民共和国医师法.txt,178,VERBATIM_EXACT,True,False,VERIFIED_PASS
doc014#c054,doc014,中华人民共和国医师法,中华人民共和国医师法.txt,253,VERBATIM_EXACT,True,False,VERIFIED_PASS
doc014#c055,doc014,中华人民共和国医师法,中华人民共和国医师法.txt,39,VERBATIM_EXACT,True,False,VERIFIED_PASS
doc014#c056,doc014,中华人民共和国医师法,中华人民共和国医师法.txt,8,VERBATIM_EXACT,True,False,VERIFIED_PASS
doc014#c057,doc014,中华人民共和国医师法,中华人民共和国医师法.txt,172,VERBATIM_EXACT,True,False,VERIFIED_PASS
doc014#c058,doc014,中华人民共和国医师法,中华人民共和国医师法.txt,291,VERBATIM_EXACT,True,False,VERIFIED_PASS
doc014#c059,doc014,中华人民共和国医师法,中华人民共和国医师法.txt,282,VERBATIM_EXACT,True,False,VERIFIED_PASS
doc014#c060,doc014,中华人民共和国医师法,中华人民共和国医师法.txt,171,VERBATIM_EXACT,True,False,VERIFIED_PASS
doc014#c061,doc014,中华人民共和国医师法,中华人民共和国医师法.txt,195,VERBATIM_EXACT,True,False,VERIFIED_PASS
doc014#c062,doc014,中华人民共和国医师法,中华人民共和国医师法.txt,224,VERBATIM_EXACT,True,False,VERIFIED_PASS
doc014#c063,doc014,中华人民共和国医师法,中华人民共和国医师法.txt,108,VERBATIM_EXACT,True,False,VERIFIED_PASS
doc014#c064,doc014,中华人民共和国医师法,中华人民共和国医师法.txt,44,VERBATIM_EXACT,True,False,VERIFIED_PASS
doc014#c065,doc014,中华人民共和国医师法,中华人民共和国医师法.txt,62,VERBATIM_EXACT,True,False,VERIFIED_PASS
doc014#c066,doc014,中华人民共和国医师法,中华人民共和国医师法.txt,65,VERBATIM_EXACT,True,False,VERIFIED_PASS
doc014#c067,doc014,中华人民共和国医师法,中华人民共和国医师法.txt,8,VERBATIM_EXACT,True,False,VERIFIED_PASS
doc014#c068,doc014,中华人民共和国医师法,中华人民共和国医师法.txt,207,VERBATIM_EXACT,True,False,VERIFIED_PASS
doc014#c069,doc014,中华人民共和国医师法,中华人民共和国医师法.txt,284,VERBATIM_EXACT,True,False,VERIFIED_PASS
doc014#c070,doc014,中华人民共和国医师法,中华人民共和国医师法.txt,337,VERBATIM_EXACT,True,False,VERIFIED_PASS
doc014#c071,doc014,中华人民共和国医师法,中华人民共和国医师法.txt,132,VERBATIM_EXACT,True,False,VERIFIED_PASS
doc014#c072,doc014,中华人民共和国医师法,中华人民共和国医师法.txt,97,VERBATIM_EXACT,True,False,VERIFIED_PASS
doc014#c073,doc014,中华人民共和国医师法,中华人民共和国医师法.txt,99,VERBATIM_EXACT,True,False,VERIFIED_PASS
doc014#c074,doc014,中华人民共和国医师法,中华人民共和国医师法.txt,89,VERBATIM_EXACT,True,False,VERIFIED_PASS
doc014#c075,doc014,中华人民共和国医师法,中华人民共和国医师法.txt,83,VERBATIM_EXACT,True,False,VERIFIED_PASS
doc014#c076,doc014,中华人民共和国医师法,中华人民共和国医师法.txt,72,VERBATIM_EXACT,True,False,VERIFIED_PASS
doc014#c077,doc014,中华人民共和国医师法,中华人民共和国医师法.txt,48,VERBATIM_EXACT,True,False,VERIFIED_PASS
doc014#c078,doc014,中华人民共和国医师法,中华人民共和国医师法.txt,6,VERBATIM_EXACT,True,False,VERIFIED_PASS
doc014#c079,doc014,中华人民共和国医师法,中华人民共和国医师法.txt,146,VERBATIM_EXACT,True,False,VERIFIED_PASS
doc014#c080,doc014,中华人民共和国医师法,中华人民共和国医师法.txt,53,VERBATIM_EXACT,True,False,VERIFIED_PASS
doc014#c081,doc014,中华人民共和国医师法,中华人民共和国医师法.txt,72,VERBATIM_EXACT,True,False,VERIFIED_PASS
doc014#c082,doc014,中华人民共和国医师法,中华人民共和国医师法.txt,41,VERBATIM_EXACT,True,False,VERIFIED_PASS
doc015#c001,doc015,医疗事故处理条例,医疗事故处理条例.txt,171,VERBATIM_EXACT,True,False,VERIFIED_PASS
doc015#c002,doc015,医疗事故处理条例,医疗事故处理条例.txt,6,VERBATIM_EXACT,True,False,VERIFIED_PASS
doc015#c003,doc015,医疗事故处理条例,医疗事故处理条例.txt,66,VERBATIM_EXACT,True,False,VERIFIED_PASS
doc015#c004,doc015,医疗事故处理条例,医疗事故处理条例.txt,78,VERBATIM_EXACT,True,False,VERIFIED_PASS
doc015#c005,doc015,医疗事故处理条例,医疗事故处理条例.txt,67,VERBATIM_EXACT,True,False,VERIFIED_PASS
doc015#c006,doc015,医疗事故处理条例,医疗事故处理条例.txt,160,VERBATIM_EXACT,True,False,VERIFIED_PASS
doc015#c007,doc015,医疗事故处理条例,医疗事故处理条例.txt,14,VERBATIM_EXACT,True,False,VERIFIED_PASS
doc015#c008,doc015,医疗事故处理条例,医疗事故处理条例.txt,67,VERBATIM_EXACT,True,False,VERIFIED_PASS
doc015#c009,doc015,医疗事故处理条例,医疗事故处理条例.txt,61,VERBATIM_EXACT,True,False,VERIFIED_PASS
doc015#c010,doc015,医疗事故处理条例,医疗事故处理条例.txt,91,VERBATIM_EXACT,True,False,VERIFIED_PASS
doc015#c011,doc015,医疗事故处理条例,医疗事故处理条例.txt,87,VERBATIM_EXACT,True,False,VERIFIED_PASS
doc015#c012,doc015,医疗事故处理条例,医疗事故处理条例.txt,26,VERBATIM_EXACT,True,False,VERIFIED_PASS
doc015#c013,doc015,医疗事故处理条例,医疗事故处理条例.txt,260,VERBATIM_EXACT,True,False,VERIFIED_PASS
doc015#c014,doc015,医疗事故处理条例,医疗事故处理条例.txt,73,VERBATIM_EXACT,True,False,VERIFIED_PASS
doc015#c015,doc015,医疗事故处理条例,医疗事故处理条例.txt,46,VERBATIM_EXACT,True,False,VERIFIED_PASS
doc015#c016,doc015,医疗事故处理条例,医疗事故处理条例.txt,178,VERBATIM_EXACT,True,False,VERIFIED_PASS
doc015#c017,doc015,医疗事故处理条例,医疗事故处理条例.txt,159,VERBATIM_EXACT,True,False,VERIFIED_PASS
doc015#c018,doc015,医疗事故处理条例,医疗事故处理条例.txt,63,VERBATIM_EXACT,True,False,VERIFIED_PASS
doc015#c019,doc015,医疗事故处理条例,医疗事故处理条例.txt,92,VERBATIM_EXACT,True,False,VERIFIED_PASS
doc015#c020,doc015,医疗事故处理条例,医疗事故处理条例.txt,167,VERBATIM_EXACT,True,False,VERIFIED_PASS
doc015#c021,doc015,医疗事故处理条例,医疗事故处理条例.txt,232,VERBATIM_EXACT,True,False,VERIFIED_PASS
doc015#c022,doc015,医疗事故处理条例,医疗事故处理条例.txt,99,VERBATIM_EXACT,True,False,VERIFIED_PASS
doc015#c023,doc015,医疗事故处理条例,医疗事故处理条例.txt,13,VERBATIM_EXACT,True,False,VERIFIED_PASS
doc015#c024,doc015,医疗事故处理条例,医疗事故处理条例.txt,156,VERBATIM_EXACT,True,False,VERIFIED_PASS
doc015#c025,doc015,医疗事故处理条例,医疗事故处理条例.txt,125,VERBATIM_EXACT,True,False,VERIFIED_PASS
doc015#c026,doc015,医疗事故处理条例,医疗事故处理条例.txt,68,VERBATIM_EXACT,True,False,VERIFIED_PASS
doc015#c027,doc015,医疗事故处理条例,医疗事故处理条例.txt,214,VERBATIM_EXACT,True,False,VERIFIED_PASS
doc015#c028,doc015,医疗事故处理条例,医疗事故处理条例.txt,209,VERBATIM_EXACT,True,False,VERIFIED_PASS
doc015#c029,doc015,医疗事故处理条例,医疗事故处理条例.txt,101,VERBATIM_EXACT,True,False,VERIFIED_PASS
doc015#c030,doc015,医疗事故处理条例,医疗事故处理条例.txt,122,VERBATIM_EXACT,True,False,VERIFIED_PASS
doc015#c031,doc015,医疗事故处理条例,医疗事故处理条例.txt,170,VERBATIM_EXACT,True,False,VERIFIED_PASS
doc015#c032,doc015,医疗事故处理条例,医疗事故处理条例.txt,515,VERBATIM_EXACT,True,False,VERIFIED_PASS
doc015#c033,doc015,医疗事故处理条例,医疗事故处理条例.txt,112,VERBATIM_EXACT,True,False,VERIFIED_PASS
doc015#c034,doc015,医疗事故处理条例,医疗事故处理条例.txt,128,VERBATIM_EXACT,True,False,VERIFIED_PASS
doc015#c035,doc015,医疗事故处理条例,医疗事故处理条例.txt,309,VERBATIM_EXACT,True,False,VERIFIED_PASS
doc015#c036,doc015,医疗事故处理条例,医疗事故处理条例.txt,29,VERBATIM_EXACT,True,False,VERIFIED_PASS
doc015#c037,doc015,医疗事故处理条例,医疗事故处理条例.txt,187,VERBATIM_EXACT,True,False,VERIFIED_PASS
doc015#c038,doc015,医疗事故处理条例,医疗事故处理条例.txt,122,VERBATIM_EXACT,True,False,VERIFIED_PASS
doc015#c039,doc015,医疗事故处理条例,医疗事故处理条例.txt,16,VERBATIM_EXACT,True,False,VERIFIED_PASS
doc015#c040,doc015,医疗事故处理条例,医疗事故处理条例.txt,62,VERBATIM_EXACT,True,False,VERIFIED_PASS
doc015#c041,doc015,医疗事故处理条例,医疗事故处理条例.txt,132,VERBATIM_EXACT,True,False,VERIFIED_PASS
doc015#c042,doc015,医疗事故处理条例,医疗事故处理条例.txt,120,VERBATIM_EXACT,True,False,VERIFIED_PASS
doc015#c043,doc015,医疗事故处理条例,医疗事故处理条例.txt,234,VERBATIM_EXACT,True,False,VERIFIED_PASS
doc015#c044,doc015,医疗事故处理条例,医疗事故处理条例.txt,230,VERBATIM_EXACT,True,False,VERIFIED_PASS
doc015#c045,doc015,医疗事故处理条例,医疗事故处理条例.txt,71,VERBATIM_EXACT,True,False,VERIFIED_PASS
doc015#c046,doc015,医疗事故处理条例,医疗事故处理条例.txt,101,VERBATIM_EXACT,True,False,VERIFIED_PASS
doc015#c047,doc015,医疗事故处理条例,医疗事故处理条例.txt,114,VERBATIM_EXACT,True,False,VERIFIED_PASS
doc015#c048,doc015,医疗事故处理条例,医疗事故处理条例.txt,67,VERBATIM_EXACT,True,False,VERIFIED_PASS
doc015#c049,doc015,医疗事故处理条例,医疗事故处理条例.txt,87,VERBATIM_EXACT,True,False,VERIFIED_PASS
doc015#c050,doc015,医疗事故处理条例,医疗事故处理条例.txt,83,VERBATIM_EXACT,True,False,VERIFIED_PASS
doc015#c051,doc015,医疗事故处理条例,医疗事故处理条例.txt,11,VERBATIM_EXACT,True,False,VERIFIED_PASS
doc015#c052,doc015,医疗事故处理条例,医疗事故处理条例.txt,83,VERBATIM_EXACT,True,False,VERIFIED_PASS
doc015#c053,doc015,医疗事故处理条例,医疗事故处理条例.txt,109,VERBATIM_EXACT,True,False,VERIFIED_PASS
doc015#c054,doc015,医疗事故处理条例,医疗事故处理条例.txt,154,VERBATIM_EXACT,True,False,VERIFIED_PASS
doc015#c055,doc015,医疗事故处理条例,医疗事故处理条例.txt,117,VERBATIM_EXACT,True,False,VERIFIED_PASS
doc015#c056,doc015,医疗事故处理条例,医疗事故处理条例.txt,740,VERBATIM_EXACT,True,False,VERIFIED_PASS
doc015#c057,doc015,医疗事故处理条例,医疗事故处理条例.txt,138,VERBATIM_EXACT,True,False,VERIFIED_PASS
doc015#c058,doc015,医疗事故处理条例,医疗事故处理条例.txt,40,VERBATIM_EXACT,True,False,VERIFIED_PASS
doc015#c059,doc015,医疗事故处理条例,医疗事故处理条例.txt,6,VERBATIM_EXACT,True,False,VERIFIED_PASS
doc015#c060,doc015,医疗事故处理条例,医疗事故处理条例.txt,154,VERBATIM_EXACT,True,False,VERIFIED_PASS
doc015#c061,doc015,医疗事故处理条例,医疗事故处理条例.txt,291,VERBATIM_EXACT,True,False,VERIFIED_PASS
doc015#c062,doc015,医疗事故处理条例,医疗事故处理条例.txt,196,VERBATIM_EXACT,True,False,VERIFIED_PASS
doc015#c063,doc015,医疗事故处理条例,医疗事故处理条例.txt,357,VERBATIM_EXACT,True,False,VERIFIED_PASS
doc015#c064,doc015,医疗事故处理条例,医疗事故处理条例.txt,128,VERBATIM_EXACT,True,False,VERIFIED_PASS
doc015#c065,doc015,医疗事故处理条例,医疗事故处理条例.txt,162,VERBATIM_EXACT,True,False,VERIFIED_PASS
doc015#c066,doc015,医疗事故处理条例,医疗事故处理条例.txt,96,VERBATIM_EXACT,True,False,VERIFIED_PASS
doc015#c067,doc015,医疗事故处理条例,医疗事故处理条例.txt,6,VERBATIM_EXACT,True,False,VERIFIED_PASS
doc015#c068,doc015,医疗事故处理条例,医疗事故处理条例.txt,275,VERBATIM_EXACT,True,False,VERIFIED_PASS
doc015#c069,doc015,医疗事故处理条例,医疗事故处理条例.txt,64,VERBATIM_EXACT,True,False,VERIFIED_PASS
doc015#c070,doc015,医疗事故处理条例,医疗事故处理条例.txt,55,VERBATIM_EXACT,True,False,VERIFIED_PASS
doc015#c071,doc015,医疗事故处理条例,医疗事故处理条例.txt,81,VERBATIM_EXACT,True,False,VERIFIED_PASS
doc016#c001,doc016,艾滋病防治条例,艾滋病防治条例.txt,152,NORMALIZED_WHITESPACE,True,False,VERIFIED_PASS
doc016#c002,doc016,艾滋病防治条例,艾滋病防治条例.txt,6,VERBATIM_EXACT,True,False,VERIFIED_PASS
doc016#c003,doc016,艾滋病防治条例,艾滋病防治条例.txt,48,VERBATIM_EXACT,True,False,VERIFIED_PASS
doc016#c004,doc016,艾滋病防治条例,艾滋病防治条例.txt,82,VERBATIM_EXACT,True,False,VERIFIED_PASS
doc016#c005,doc016,艾滋病防治条例,艾滋病防治条例.txt,77,VERBATIM_EXACT,True,False,VERIFIED_PASS
doc016#c006,doc016,艾滋病防治条例,艾滋病防治条例.txt,104,NORMALIZED_WHITESPACE,True,False,VERIFIED_PASS
doc016#c007,doc016,艾滋病防治条例,艾滋病防治条例.txt,87,VERBATIM_EXACT,True,False,VERIFIED_PASS
doc016#c008,doc016,艾滋病防治条例,艾滋病防治条例.txt,136,NORMALIZED_WHITESPACE,True,False,VERIFIED_PASS
doc016#c009,doc016,艾滋病防治条例,艾滋病防治条例.txt,142,VERBATIM_EXACT,True,False,VERIFIED_PASS
doc016#c010,doc016,艾滋病防治条例,艾滋病防治条例.txt,114,NORMALIZED_WHITESPACE,True,False,VERIFIED_PASS
doc016#c011,doc016,艾滋病防治条例,艾滋病防治条例.txt,115,NORMALIZED_WHITESPACE,True,False,VERIFIED_PASS
doc016#c012,doc016,艾滋病防治条例,艾滋病防治条例.txt,8,VERBATIM_EXACT,True,False,VERIFIED_PASS
doc016#c013,doc016,艾滋病防治条例,艾滋病防治条例.txt,90,VERBATIM_EXACT,True,False,VERIFIED_PASS
doc016#c014,doc016,艾滋病防治条例,艾滋病防治条例.txt,108,VERBATIM_EXACT,True,False,VERIFIED_PASS
doc016#c015,doc016,艾滋病防治条例,艾滋病防治条例.txt,154,NORMALIZED_WHITESPACE,True,False,VERIFIED_PASS
doc016#c016,doc016,艾滋病防治条例,艾滋病防治条例.txt,101,NORMALIZED_WHITESPACE,True,False,VERIFIED_PASS
doc016#c017,doc016,艾滋病防治条例,艾滋病防治条例.txt,102,NORMALIZED_WHITESPACE,True,False,VERIFIED_PASS
doc016#c018,doc016,艾滋病防治条例,艾滋病防治条例.txt,52,VERBATIM_EXACT,True,False,VERIFIED_PASS
doc016#c019,doc016,艾滋病防治条例,艾滋病防治条例.txt,61,VERBATIM_EXACT,True,False,VERIFIED_PASS
doc016#c020,doc016,艾滋病防治条例,艾滋病防治条例.txt,102,VERBATIM_EXACT,True,False,VERIFIED_PASS
doc016#c021,doc016,艾滋病防治条例,艾滋病防治条例.txt,75,VERBATIM_EXACT,True,False,VERIFIED_PASS
doc016#c022,doc016,艾滋病防治条例,艾滋病防治条例.txt,37,VERBATIM_EXACT,True,False,VERIFIED_PASS
doc016#c023,doc016,艾滋病防治条例,艾滋病防治条例.txt,81,VERBATIM_EXACT,True,False,VERIFIED_PASS
doc016#c024,doc016,艾滋病防治条例,艾滋病防治条例.txt,57,VERBATIM_EXACT,True,False,VERIFIED_PASS
doc016#c025,doc016,艾滋病防治条例,艾滋病防治条例.txt,9,VERBATIM_EXACT,True,False,VERIFIED_PASS
doc016#c026,doc016,艾滋病防治条例,艾滋病防治条例.txt,216,NORMALIZED_WHITESPACE,True,False,VERIFIED_PASS
doc016#c027,doc016,艾滋病防治条例,艾滋病防治条例.txt,120,NORMALIZED_WHITESPACE,True,False,VERIFIED_PASS
doc016#c028,doc016,艾滋病防治条例,艾滋病防治条例.txt,57,VERBATIM_EXACT,True,False,VERIFIED_PASS
doc016#c029,doc016,艾滋病防治条例,艾滋病防治条例.txt,116,NORMALIZED_WHITESPACE,True,False,VERIFIED_PASS
doc016#c030,doc016,艾滋病防治条例,艾滋病防治条例.txt,188,NORMALIZED_WHITESPACE,True,False,VERIFIED_PASS
doc016#c031,doc016,艾滋病防治条例,艾滋病防治条例.txt,151,NORMALIZED_WHITESPACE,True,False,VERIFIED_PASS
doc016#c032,doc016,艾滋病防治条例,艾滋病防治条例.txt,63,VERBATIM_EXACT,True,False,VERIFIED_PASS
doc016#c033,doc016,艾滋病防治条例,艾滋病防治条例.txt,55,VERBATIM_EXACT,True,False,VERIFIED_PASS
doc016#c034,doc016,艾滋病防治条例,艾滋病防治条例.txt,92,VERBATIM_EXACT,True,False,VERIFIED_PASS
doc016#c035,doc016,艾滋病防治条例,艾滋病防治条例.txt,152,NORMALIZED_WHITESPACE,True,False,VERIFIED_PASS
doc016#c036,doc016,艾滋病防治条例,艾滋病防治条例.txt,101,VERBATIM_EXACT,True,False,VERIFIED_PASS
doc016#c037,doc016,艾滋病防治条例,艾滋病防治条例.txt,82,VERBATIM_EXACT,True,False,VERIFIED_PASS
doc016#c038,doc016,艾滋病防治条例,艾滋病防治条例.txt,48,VERBATIM_EXACT,True,False,VERIFIED_PASS
doc016#c039,doc016,艾滋病防治条例,艾滋病防治条例.txt,225,NORMALIZED_WHITESPACE,True,False,VERIFIED_PASS
doc016#c040,doc016,艾滋病防治条例,艾滋病防治条例.txt,84,VERBATIM_EXACT,True,False,VERIFIED_PASS
doc016#c041,doc016,艾滋病防治条例,艾滋病防治条例.txt,301,NORMALIZED_WHITESPACE,True,False,VERIFIED_PASS
doc016#c042,doc016,艾滋病防治条例,艾滋病防治条例.txt,169,NORMALIZED_WHITESPACE,True,False,VERIFIED_PASS
doc016#c043,doc016,艾滋病防治条例,艾滋病防治条例.txt,137,NORMALIZED_WHITESPACE,True,False,VERIFIED_PASS
doc016#c044,doc016,艾滋病防治条例,艾滋病防治条例.txt,133,VERBATIM_EXACT,True,False,VERIFIED_PASS
doc016#c045,doc016,艾滋病防治条例,艾滋病防治条例.txt,9,VERBATIM_EXACT,True,False,VERIFIED_PASS
doc016#c046,doc016,艾滋病防治条例,艾滋病防治条例.txt,92,NORMALIZED_WHITESPACE,True,False,VERIFIED_PASS
doc016#c047,doc016,艾滋病防治条例,艾滋病防治条例.txt,83,VERBATIM_EXACT,True,False,VERIFIED_PASS
doc016#c048,doc016,艾滋病防治条例,艾滋病防治条例.txt,123,VERBATIM_EXACT,True,False,VERIFIED_PASS
doc016#c049,doc016,艾滋病防治条例,艾滋病防治条例.txt,186,NORMALIZED_WHITESPACE,True,False,VERIFIED_PASS
doc016#c050,doc016,艾滋病防治条例,艾滋病防治条例.txt,80,VERBATIM_EXACT,True,False,VERIFIED_PASS
doc016#c051,doc016,艾滋病防治条例,艾滋病防治条例.txt,58,VERBATIM_EXACT,True,False,VERIFIED_PASS
doc016#c052,doc016,艾滋病防治条例,艾滋病防治条例.txt,63,VERBATIM_EXACT,True,False,VERIFIED_PASS
doc016#c053,doc016,艾滋病防治条例,艾滋病防治条例.txt,8,VERBATIM_EXACT,True,False,VERIFIED_PASS
doc016#c054,doc016,艾滋病防治条例,艾滋病防治条例.txt,120,NORMALIZED_WHITESPACE,True,False,VERIFIED_PASS
doc016#c055,doc016,艾滋病防治条例,艾滋病防治条例.txt,231,NORMALIZED_WHITESPACE,True,False,VERIFIED_PASS
doc016#c056,doc016,艾滋病防治条例,艾滋病防治条例.txt,58,VERBATIM_EXACT,True,False,VERIFIED_PASS
doc016#c057,doc016,艾滋病防治条例,艾滋病防治条例.txt,83,VERBATIM_EXACT,True,False,VERIFIED_PASS
doc016#c058,doc016,艾滋病防治条例,艾滋病防治条例.txt,8,VERBATIM_EXACT,True,False,VERIFIED_PASS
doc016#c059,doc016,艾滋病防治条例,艾滋病防治条例.txt,130,VERBATIM_EXACT,True,False,VERIFIED_PASS
doc016#c060,doc016,艾滋病防治条例,艾滋病防治条例.txt,238,NORMALIZED_WHITESPACE,True,False,VERIFIED_PASS
doc016#c061,doc016,艾滋病防治条例,艾滋病防治条例.txt,133,VERBATIM_EXACT,True,False,VERIFIED_PASS
doc016#c062,doc016,艾滋病防治条例,艾滋病防治条例.txt,523,NORMALIZED_WHITESPACE,True,False,VERIFIED_PASS
doc016#c063,doc016,艾滋病防治条例,艾滋病防治条例.txt,223,NORMALIZED_WHITESPACE,True,False,VERIFIED_PASS
doc016#c064,doc016,艾滋病防治条例,艾滋病防治条例.txt,274,NORMALIZED_WHITESPACE,True,False,VERIFIED_PASS
doc016#c065,doc016,艾滋病防治条例,艾滋病防治条例.txt,110,VERBATIM_EXACT,True,False,VERIFIED_PASS
doc016#c066,doc016,艾滋病防治条例,艾滋病防治条例.txt,249,NORMALIZED_WHITESPACE,True,False,VERIFIED_PASS
doc016#c067,doc016,艾滋病防治条例,艾滋病防治条例.txt,68,VERBATIM_EXACT,True,False,VERIFIED_PASS
doc016#c068,doc016,艾滋病防治条例,艾滋病防治条例.txt,186,VERBATIM_EXACT,True,False,VERIFIED_PASS
doc016#c069,doc016,艾滋病防治条例,艾滋病防治条例.txt,56,VERBATIM_EXACT,True,False,VERIFIED_PASS
doc016#c070,doc016,艾滋病防治条例,艾滋病防治条例.txt,6,VERBATIM_EXACT,True,False,VERIFIED_PASS
doc016#c071,doc016,艾滋病防治条例,艾滋病防治条例.txt,677,NORMALIZED_WHITESPACE,True,False,VERIFIED_PASS
doc016#c072,doc016,艾滋病防治条例,艾滋病防治条例.txt,117,VERBATIM_EXACT,True,False,VERIFIED_PASS
doc017#c001,doc017,血吸虫病防治条例,血吸虫病防治条例.txt,142,VERBATIM_EXACT,True,False,VERIFIED_PASS
doc017#c002,doc017,血吸虫病防治条例,血吸虫病防治条例.txt,6,VERBATIM_EXACT,True,False,VERIFIED_PASS
doc017#c003,doc017,血吸虫病防治条例,血吸虫病防治条例.txt,66,VERBATIM_EXACT,True,False,VERIFIED_PASS
doc017#c004,doc017,血吸虫病防治条例,血吸虫病防治条例.txt,66,VERBATIM_EXACT,True,False,VERIFIED_PASS
doc017#c005,doc017,血吸虫病防治条例,血吸虫病防治条例.txt,190,VERBATIM_EXACT,True,False,VERIFIED_PASS
doc017#c006,doc017,血吸虫病防治条例,血吸虫病防治条例.txt,129,VERBATIM_EXACT,True,False,VERIFIED_PASS
doc017#c007,doc017,血吸虫病防治条例,血吸虫病防治条例.txt,73,VERBATIM_EXACT,True,False,VERIFIED_PASS
doc017#c008,doc017,血吸虫病防治条例,血吸虫病防治条例.txt,134,VERBATIM_EXACT,True,False,VERIFIED_PASS
doc017#c009,doc017,血吸虫病防治条例,血吸虫病防治条例.txt,69,VERBATIM_EXACT,True,False,VERIFIED_PASS
doc017#c010,doc017,血吸虫病防治条例,血吸虫病防治条例.txt,6,VERBATIM_EXACT,True,False,VERIFIED_PASS
doc017#c011,doc017,血吸虫病防治条例,血吸虫病防治条例.txt,70,VERBATIM_EXACT,True,False,VERIFIED_PASS
doc017#c012,doc017,血吸虫病防治条例,血吸虫病防治条例.txt,202,VERBATIM_EXACT,True,False,VERIFIED_PASS
doc017#c013,doc017,血吸虫病防治条例,血吸虫病防治条例.txt,210,VERBATIM_EXACT,True,False,VERIFIED_PASS
doc017#c014,doc017,血吸虫病防治条例,血吸虫病防治条例.txt,244,VERBATIM_EXACT,True,False,VERIFIED_PASS
doc017#c015,doc017,血吸虫病防治条例,血吸虫病防治条例.txt,105,VERBATIM_EXACT,True,False,VERIFIED_PASS
doc017#c016,doc017,血吸虫病防治条例,血吸虫病防治条例.txt,123,VERBATIM_EXACT,True,False,VERIFIED_PASS
doc017#c017,doc017,血吸虫病防治条例,血吸虫病防治条例.txt,146,VERBATIM_EXACT,True,False,VERIFIED_PASS
doc017#c018,doc017,血吸虫病防治条例,血吸虫病防治条例.txt,124,VERBATIM_EXACT,True,False,VERIFIED_PASS
doc017#c019,doc017,血吸虫病防治条例,血吸虫病防治条例.txt,186,VERBATIM_EXACT,True,False,VERIFIED_PASS
doc017#c020,doc017,血吸虫病防治条例,血吸虫病防治条例.txt,29,VERBATIM_EXACT,True,False,VERIFIED_PASS
doc017#c021,doc017,血吸虫病防治条例,血吸虫病防治条例.txt,103,VERBATIM_EXACT,True,False,VERIFIED_PASS
doc017#c022,doc017,血吸虫病防治条例,血吸虫病防治条例.txt,130,VERBATIM_EXACT,True,False,VERIFIED_PASS
doc017#c023,doc017,血吸虫病防治条例,血吸虫病防治条例.txt,213,VERBATIM_EXACT,True,False,VERIFIED_PASS
doc017#c024,doc017,血吸虫病防治条例,血吸虫病防治条例.txt,313,VERBATIM_EXACT,True,False,VERIFIED_PASS
doc017#c025,doc017,血吸虫病防治条例,血吸虫病防治条例.txt,188,VERBATIM_EXACT,True,False,VERIFIED_PASS
doc017#c026,doc017,血吸虫病防治条例,血吸虫病防治条例.txt,170,VERBATIM_EXACT,True,False,VERIFIED_PASS
doc017#c027,doc017,血吸虫病防治条例,血吸虫病防治条例.txt,8,VERBATIM_EXACT,True,False,VERIFIED_PASS
doc017#c028,doc017,血吸虫病防治条例,血吸虫病防治条例.txt,63,VERBATIM_EXACT,True,False,VERIFIED_PASS
doc017#c029,doc017,血吸虫病防治条例,血吸虫病防治条例.txt,209,VERBATIM_EXACT,True,False,VERIFIED_PASS
doc017#c030,doc017,血吸虫病防治条例,血吸虫病防治条例.txt,168,VERBATIM_EXACT,True,False,VERIFIED_PASS
doc017#c031,doc017,血吸虫病防治条例,血吸虫病防治条例.txt,182,VERBATIM_EXACT,True,False,VERIFIED_PASS
doc017#c032,doc017,血吸虫病防治条例,血吸虫病防治条例.txt,140,VERBATIM_EXACT,True,False,VERIFIED_PASS
doc017#c033,doc017,血吸虫病防治条例,血吸虫病防治条例.txt,166,VERBATIM_EXACT,True,False,VERIFIED_PASS
doc017#c034,doc017,血吸虫病防治条例,血吸虫病防治条例.txt,43,VERBATIM_EXACT,True,False,VERIFIED_PASS
doc017#c035,doc017,血吸虫病防治条例,血吸虫病防治条例.txt,8,VERBATIM_EXACT,True,False,VERIFIED_PASS
doc017#c036,doc017,血吸虫病防治条例,血吸虫病防治条例.txt,217,VERBATIM_EXACT,True,False,VERIFIED_PASS
doc017#c037,doc017,血吸虫病防治条例,血吸虫病防治条例.txt,81,VERBATIM_EXACT,True,False,VERIFIED_PASS
doc017#c038,doc017,血吸虫病防治条例,血吸虫病防治条例.txt,183,VERBATIM_EXACT,True,False,VERIFIED_PASS
doc017#c039,doc017,血吸虫病防治条例,血吸虫病防治条例.txt,52,VERBATIM_EXACT,True,False,VERIFIED_PASS
doc017#c040,doc017,血吸虫病防治条例,血吸虫病防治条例.txt,40,VERBATIM_EXACT,True,False,VERIFIED_PASS
doc017#c041,doc017,血吸虫病防治条例,血吸虫病防治条例.txt,73,VERBATIM_EXACT,True,False,VERIFIED_PASS
doc017#c042,doc017,血吸虫病防治条例,血吸虫病防治条例.txt,70,VERBATIM_EXACT,True,False,VERIFIED_PASS
doc017#c043,doc017,血吸虫病防治条例,血吸虫病防治条例.txt,172,VERBATIM_EXACT,True,False,VERIFIED_PASS
doc017#c044,doc017,血吸虫病防治条例,血吸虫病防治条例.txt,8,VERBATIM_EXACT,True,False,VERIFIED_PASS
doc017#c045,doc017,血吸虫病防治条例,血吸虫病防治条例.txt,65,VERBATIM_EXACT,True,False,VERIFIED_PASS
doc017#c046,doc017,血吸虫病防治条例,血吸虫病防治条例.txt,143,VERBATIM_EXACT,True,False,VERIFIED_PASS
doc017#c047,doc017,血吸虫病防治条例,血吸虫病防治条例.txt,73,VERBATIM_EXACT,True,False,VERIFIED_PASS
doc017#c048,doc017,血吸虫病防治条例,血吸虫病防治条例.txt,70,VERBATIM_EXACT,True,False,VERIFIED_PASS
doc017#c049,doc017,血吸虫病防治条例,血吸虫病防治条例.txt,129,VERBATIM_EXACT,True,False,VERIFIED_PASS
doc017#c050,doc017,血吸虫病防治条例,血吸虫病防治条例.txt,110,VERBATIM_EXACT,True,False,VERIFIED_PASS
doc017#c051,doc017,血吸虫病防治条例,血吸虫病防治条例.txt,59,VERBATIM_EXACT,True,False,VERIFIED_PASS
doc017#c052,doc017,血吸虫病防治条例,血吸虫病防治条例.txt,70,VERBATIM_EXACT,True,False,VERIFIED_PASS
doc017#c053,doc017,血吸虫病防治条例,血吸虫病防治条例.txt,8,VERBATIM_EXACT,True,False,VERIFIED_PASS
doc017#c054,doc017,血吸虫病防治条例,血吸虫病防治条例.txt,339,VERBATIM_EXACT,True,False,VERIFIED_PASS
doc017#c055,doc017,血吸虫病防治条例,血吸虫病防治条例.txt,552,VERBATIM_EXACT,True,False,VERIFIED_PASS
doc017#c056,doc017,血吸虫病防治条例,血吸虫病防治条例.txt,398,VERBATIM_EXACT,True,False,VERIFIED_PASS
doc017#c057,doc017,血吸虫病防治条例,血吸虫病防治条例.txt,237,VERBATIM_EXACT,True,False,VERIFIED_PASS
doc017#c058,doc017,血吸虫病防治条例,血吸虫病防治条例.txt,102,VERBATIM_EXACT,True,False,VERIFIED_PASS
doc017#c059,doc017,血吸虫病防治条例,血吸虫病防治条例.txt,340,VERBATIM_EXACT,True,False,VERIFIED_PASS
doc017#c060,doc017,血吸虫病防治条例,血吸虫病防治条例.txt,6,VERBATIM_EXACT,True,False,VERIFIED_PASS
doc017#c061,doc017,血吸虫病防治条例,血吸虫病防治条例.txt,71,VERBATIM_EXACT,True,False,VERIFIED_PASS
doc017#c062,doc017,血吸虫病防治条例,血吸虫病防治条例.txt,23,VERBATIM_EXACT,True,False,VERIFIED_PASS
doc018#c001,doc018,医疗纠纷预防和处理条例,医疗纠纷预防和处理条例.txt,138,VERBATIM_EXACT,True,False,VERIFIED_PASS
doc018#c002,doc018,医疗纠纷预防和处理条例,医疗纠纷预防和处理条例.txt,6,VERBATIM_EXACT,True,False,VERIFIED_PASS
doc018#c003,doc018,医疗纠纷预防和处理条例,医疗纠纷预防和处理条例.txt,50,VERBATIM_EXACT,True,False,VERIFIED_PASS
doc018#c004,doc018,医疗纠纷预防和处理条例,医疗纠纷预防和处理条例.txt,31,VERBATIM_EXACT,True,False,VERIFIED_PASS
doc018#c005,doc018,医疗纠纷预防和处理条例,医疗纠纷预防和处理条例.txt,101,VERBATIM_EXACT,True,False,VERIFIED_PASS
doc018#c006,doc018,医疗纠纷预防和处理条例,医疗纠纷预防和处理条例.txt,37,VERBATIM_EXACT,True,False,VERIFIED_PASS
doc018#c007,doc018,医疗纠纷预防和处理条例,医疗纠纷预防和处理条例.txt,72,VERBATIM_EXACT,True,False,VERIFIED_PASS
doc018#c008,doc018,医疗纠纷预防和处理条例,医疗纠纷预防和处理条例.txt,165,VERBATIM_EXACT,True,False,VERIFIED_PASS
doc018#c009,doc018,医疗纠纷预防和处理条例,医疗纠纷预防和处理条例.txt,81,VERBATIM_EXACT,True,False,VERIFIED_PASS
doc018#c010,doc018,医疗纠纷预防和处理条例,医疗纠纷预防和处理条例.txt,97,VERBATIM_EXACT,True,False,VERIFIED_PASS
doc018#c011,doc018,医疗纠纷预防和处理条例,医疗纠纷预防和处理条例.txt,121,VERBATIM_EXACT,True,False,VERIFIED_PASS
doc018#c012,doc018,医疗纠纷预防和处理条例,医疗纠纷预防和处理条例.txt,143,VERBATIM_EXACT,True,False,VERIFIED_PASS
doc018#c013,doc018,医疗纠纷预防和处理条例,医疗纠纷预防和处理条例.txt,108,VERBATIM_EXACT,True,False,VERIFIED_PASS
doc018#c014,doc018,医疗纠纷预防和处理条例,医疗纠纷预防和处理条例.txt,92,VERBATIM_EXACT,True,False,VERIFIED_PASS
doc018#c015,doc018,医疗纠纷预防和处理条例,医疗纠纷预防和处理条例.txt,222,VERBATIM_EXACT,True,False,VERIFIED_PASS
doc018#c016,doc018,医疗纠纷预防和处理条例,医疗纠纷预防和处理条例.txt,58,VERBATIM_EXACT,True,False,VERIFIED_PASS
doc018#c017,doc018,医疗纠纷预防和处理条例,医疗纠纷预防和处理条例.txt,116,VERBATIM_EXACT,True,False,VERIFIED_PASS
doc018#c018,doc018,医疗纠纷预防和处理条例,医疗纠纷预防和处理条例.txt,246,VERBATIM_EXACT,True,False,VERIFIED_PASS
doc018#c019,doc018,医疗纠纷预防和处理条例,医疗纠纷预防和处理条例.txt,115,VERBATIM_EXACT,True,False,VERIFIED_PASS
doc018#c020,doc018,医疗纠纷预防和处理条例,医疗纠纷预防和处理条例.txt,85,VERBATIM_EXACT,True,False,VERIFIED_PASS
doc018#c021,doc018,医疗纠纷预防和处理条例,医疗纠纷预防和处理条例.txt,70,VERBATIM_EXACT,True,False,VERIFIED_PASS
doc018#c022,doc018,医疗纠纷预防和处理条例,医疗纠纷预防和处理条例.txt,60,VERBATIM_EXACT,True,False,VERIFIED_PASS
doc018#c023,doc018,医疗纠纷预防和处理条例,医疗纠纷预防和处理条例.txt,57,VERBATIM_EXACT,True,False,VERIFIED_PASS
doc018#c024,doc018,医疗纠纷预防和处理条例,医疗纠纷预防和处理条例.txt,10,VERBATIM_EXACT,True,False,VERIFIED_PASS
doc018#c025,doc018,医疗纠纷预防和处理条例,医疗纠纷预防和处理条例.txt,92,VERBATIM_EXACT,True,False,VERIFIED_PASS
doc018#c026,doc018,医疗纠纷预防和处理条例,医疗纠纷预防和处理条例.txt,117,VERBATIM_EXACT,True,False,VERIFIED_PASS
doc018#c027,doc018,医疗纠纷预防和处理条例,医疗纠纷预防和处理条例.txt,208,VERBATIM_EXACT,True,False,VERIFIED_PASS
doc018#c028,doc018,医疗纠纷预防和处理条例,医疗纠纷预防和处理条例.txt,232,VERBATIM_EXACT,True,False,VERIFIED_PASS
doc018#c029,doc018,医疗纠纷预防和处理条例,医疗纠纷预防和处理条例.txt,189,VERBATIM_EXACT,True,False,VERIFIED_PASS
doc018#c030,doc018,医疗纠纷预防和处理条例,医疗纠纷预防和处理条例.txt,102,VERBATIM_EXACT,True,False,VERIFIED_PASS
doc018#c031,doc018,医疗纠纷预防和处理条例,医疗纠纷预防和处理条例.txt,89,VERBATIM_EXACT,True,False,VERIFIED_PASS
doc018#c032,doc018,医疗纠纷预防和处理条例,医疗纠纷预防和处理条例.txt,126,VERBATIM_EXACT,True,False,VERIFIED_PASS
doc018#c033,doc018,医疗纠纷预防和处理条例,医疗纠纷预防和处理条例.txt,233,VERBATIM_EXACT,True,False,VERIFIED_PASS
doc018#c034,doc018,医疗纠纷预防和处理条例,医疗纠纷预防和处理条例.txt,304,VERBATIM_EXACT,True,False,VERIFIED_PASS
doc018#c035,doc018,医疗纠纷预防和处理条例,医疗纠纷预防和处理条例.txt,231,VERBATIM_EXACT,True,False,VERIFIED_PASS
doc018#c036,doc018,医疗纠纷预防和处理条例,医疗纠纷预防和处理条例.txt,60,VERBATIM_EXACT,True,False,VERIFIED_PASS
doc018#c037,doc018,医疗纠纷预防和处理条例,医疗纠纷预防和处理条例.txt,329,VERBATIM_EXACT,True,False,VERIFIED_PASS
doc018#c038,doc018,医疗纠纷预防和处理条例,医疗纠纷预防和处理条例.txt,84,VERBATIM_EXACT,True,False,VERIFIED_PASS
doc018#c039,doc018,医疗纠纷预防和处理条例,医疗纠纷预防和处理条例.txt,115,VERBATIM_EXACT,True,False,VERIFIED_PASS
doc018#c040,doc018,医疗纠纷预防和处理条例,医疗纠纷预防和处理条例.txt,118,VERBATIM_EXACT,True,False,VERIFIED_PASS
doc018#c041,doc018,医疗纠纷预防和处理条例,医疗纠纷预防和处理条例.txt,120,VERBATIM_EXACT,True,False,VERIFIED_PASS
doc018#c042,doc018,医疗纠纷预防和处理条例,医疗纠纷预防和处理条例.txt,130,VERBATIM_EXACT,True,False,VERIFIED_PASS
doc018#c043,doc018,医疗纠纷预防和处理条例,医疗纠纷预防和处理条例.txt,238,VERBATIM_EXACT,True,False,VERIFIED_PASS
doc018#c044,doc018,医疗纠纷预防和处理条例,医疗纠纷预防和处理条例.txt,122,VERBATIM_EXACT,True,False,VERIFIED_PASS
doc018#c045,doc018,医疗纠纷预防和处理条例,医疗纠纷预防和处理条例.txt,107,VERBATIM_EXACT,True,False,VERIFIED_PASS
doc018#c046,doc018,医疗纠纷预防和处理条例,医疗纠纷预防和处理条例.txt,57,VERBATIM_EXACT,True,False,VERIFIED_PASS
doc018#c047,doc018,医疗纠纷预防和处理条例,医疗纠纷预防和处理条例.txt,33,VERBATIM_EXACT,True,False,VERIFIED_PASS
doc018#c048,doc018,医疗纠纷预防和处理条例,医疗纠纷预防和处理条例.txt,8,VERBATIM_EXACT,True,False,VERIFIED_PASS
doc018#c049,doc018,医疗纠纷预防和处理条例,医疗纠纷预防和处理条例.txt,185,VERBATIM_EXACT,True,False,VERIFIED_PASS
doc018#c050,doc018,医疗纠纷预防和处理条例,医疗纠纷预防和处理条例.txt,214,VERBATIM_EXACT,True,False,VERIFIED_PASS
doc018#c051,doc018,医疗纠纷预防和处理条例,医疗纠纷预防和处理条例.txt,408,VERBATIM_EXACT,True,False,VERIFIED_PASS
doc018#c052,doc018,医疗纠纷预防和处理条例,医疗纠纷预防和处理条例.txt,251,VERBATIM_EXACT,True,False,VERIFIED_PASS
doc018#c053,doc018,医疗纠纷预防和处理条例,医疗纠纷预防和处理条例.txt,219,VERBATIM_EXACT,True,False,VERIFIED_PASS
doc018#c054,doc018,医疗纠纷预防和处理条例,医疗纠纷预防和处理条例.txt,123,VERBATIM_EXACT,True,False,VERIFIED_PASS
doc018#c055,doc018,医疗纠纷预防和处理条例,医疗纠纷预防和处理条例.txt,91,VERBATIM_EXACT,True,False,VERIFIED_PASS
doc018#c056,doc018,医疗纠纷预防和处理条例,医疗纠纷预防和处理条例.txt,136,VERBATIM_EXACT,True,False,VERIFIED_PASS
doc018#c057,doc018,医疗纠纷预防和处理条例,医疗纠纷预防和处理条例.txt,86,VERBATIM_EXACT,True,False,VERIFIED_PASS
doc018#c058,doc018,医疗纠纷预防和处理条例,医疗纠纷预防和处理条例.txt,6,VERBATIM_EXACT,True,False,VERIFIED_PASS
doc018#c059,doc018,医疗纠纷预防和处理条例,医疗纠纷预防和处理条例.txt,55,VERBATIM_EXACT,True,False,VERIFIED_PASS
doc018#c060,doc018,医疗纠纷预防和处理条例,医疗纠纷预防和处理条例.txt,44,VERBATIM_EXACT,True,False,VERIFIED_PASS
doc018#c061,doc018,医疗纠纷预防和处理条例,医疗纠纷预防和处理条例.txt,24,VERBATIM_EXACT,True,False,VERIFIED_PASS
doc019#c001,doc019,医疗废物管理条例,医疗废物管理条例.txt,170,VERBATIM_EXACT,True,False,VERIFIED_PASS
doc019#c002,doc019,医疗废物管理条例,医疗废物管理条例.txt,7,VERBATIM_EXACT,True,False,VERIFIED_PASS
doc019#c003,doc019,医疗废物管理条例,医疗废物管理条例.txt,82,VERBATIM_EXACT,True,False,VERIFIED_PASS
doc019#c004,doc019,医疗废物管理条例,医疗废物管理条例.txt,109,VERBATIM_EXACT,True,False,VERIFIED_PASS
doc019#c005,doc019,医疗废物管理条例,医疗废物管理条例.txt,142,VERBATIM_EXACT,True,False,VERIFIED_PASS
doc019#c006,doc019,医疗废物管理条例,医疗废物管理条例.txt,99,VERBATIM_EXACT,True,False,VERIFIED_PASS
doc019#c007,doc019,医疗废物管理条例,医疗废物管理条例.txt,151,VERBATIM_EXACT,True,False,VERIFIED_PASS
doc019#c008,doc019,医疗废物管理条例,医疗废物管理条例.txt,63,VERBATIM_EXACT,True,False,VERIFIED_PASS
doc019#c009,doc019,医疗废物管理条例,医疗废物管理条例.txt,15,VERBATIM_EXACT,True,False,VERIFIED_PASS
doc019#c010,doc019,医疗废物管理条例,医疗废物管理条例.txt,81,VERBATIM_EXACT,True,False,VERIFIED_PASS
doc019#c011,doc019,医疗废物管理条例,医疗废物管理条例.txt,109,VERBATIM_EXACT,True,False,VERIFIED_PASS
doc019#c012,doc019,医疗废物管理条例,医疗废物管理条例.txt,86,VERBATIM_EXACT,True,False,VERIFIED_PASS
doc019#c013,doc019,医疗废物管理条例,医疗废物管理条例.txt,113,VERBATIM_EXACT,True,False,VERIFIED_PASS
doc019#c014,doc019,医疗废物管理条例,医疗废物管理条例.txt,66,VERBATIM_EXACT,True,False,VERIFIED_PASS
doc019#c015,doc019,医疗废物管理条例,医疗废物管理条例.txt,97,VERBATIM_EXACT,True,False,VERIFIED_PASS
doc019#c016,doc019,医疗废物管理条例,医疗废物管理条例.txt,166,VERBATIM_EXACT,True,False,VERIFIED_PASS
doc019#c017,doc019,医疗废物管理条例,医疗废物管理条例.txt,76,VERBATIM_EXACT,True,False,VERIFIED_PASS
doc019#c018,doc019,医疗废物管理条例,医疗废物管理条例.txt,165,VERBATIM_EXACT,True,False,VERIFIED_PASS
doc019#c019,doc019,医疗废物管理条例,医疗废物管理条例.txt,18,VERBATIM_EXACT,True,False,VERIFIED_PASS
doc019#c020,doc019,医疗废物管理条例,医疗废物管理条例.txt,143,VERBATIM_EXACT,True,False,VERIFIED_PASS
doc019#c021,doc019,医疗废物管理条例,医疗废物管理条例.txt,172,VERBATIM_EXACT,True,False,VERIFIED_PASS
doc019#c022,doc019,医疗废物管理条例,医疗废物管理条例.txt,101,VERBATIM_EXACT,True,False,VERIFIED_PASS
doc019#c023,doc019,医疗废物管理条例,医疗废物管理条例.txt,101,VERBATIM_EXACT,True,False,VERIFIED_PASS
doc019#c024,doc019,医疗废物管理条例,医疗废物管理条例.txt,73,VERBATIM_EXACT,True,False,VERIFIED_PASS
doc019#c025,doc019,医疗废物管理条例,医疗废物管理条例.txt,172,VERBATIM_EXACT,True,False,VERIFIED_PASS
doc019#c026,doc019,医疗废物管理条例,医疗废物管理条例.txt,13,VERBATIM_EXACT,True,False,VERIFIED_PASS
doc019#c027,doc019,医疗废物管理条例,医疗废物管理条例.txt,83,VERBATIM_EXACT,True,False,VERIFIED_PASS
doc019#c028,doc019,医疗废物管理条例,医疗废物管理条例.txt,137,VERBATIM_EXACT,True,False,VERIFIED_PASS
doc019#c029,doc019,医疗废物管理条例,医疗废物管理条例.txt,91,VERBATIM_EXACT,True,False,VERIFIED_PASS
doc019#c030,doc019,医疗废物管理条例,医疗废物管理条例.txt,56,VERBATIM_EXACT,True,False,VERIFIED_PASS
doc019#c031,doc019,医疗废物管理条例,医疗废物管理条例.txt,154,VERBATIM_EXACT,True,False,VERIFIED_PASS
doc019#c032,doc019,医疗废物管理条例,医疗废物管理条例.txt,45,VERBATIM_EXACT,True,False,VERIFIED_PASS
doc019#c033,doc019,医疗废物管理条例,医疗废物管理条例.txt,50,VERBATIM_EXACT,True,False,VERIFIED_PASS
doc019#c034,doc019,医疗废物管理条例,医疗废物管理条例.txt,45,VERBATIM_EXACT,True,False,VERIFIED_PASS
doc019#c035,doc019,医疗废物管理条例,医疗废物管理条例.txt,127,VERBATIM_EXACT,True,False,VERIFIED_PASS
doc019#c036,doc019,医疗废物管理条例,医疗废物管理条例.txt,81,VERBATIM_EXACT,True,False,VERIFIED_PASS
doc019#c037,doc019,医疗废物管理条例,医疗废物管理条例.txt,58,VERBATIM_EXACT,True,False,VERIFIED_PASS
doc019#c038,doc019,医疗废物管理条例,医疗废物管理条例.txt,200,VERBATIM_EXACT,True,False,VERIFIED_PASS
doc019#c039,doc019,医疗废物管理条例,医疗废物管理条例.txt,8,VERBATIM_EXACT,True,False,VERIFIED_PASS
doc019#c040,doc019,医疗废物管理条例,医疗废物管理条例.txt,79,VERBATIM_EXACT,True,False,VERIFIED_PASS
doc019#c041,doc019,医疗废物管理条例,医疗废物管理条例.txt,103,VERBATIM_EXACT,True,False,VERIFIED_PASS
doc019#c042,doc019,医疗废物管理条例,医疗废物管理条例.txt,92,VERBATIM_EXACT,True,False,VERIFIED_PASS
doc019#c043,doc019,医疗废物管理条例,医疗废物管理条例.txt,87,VERBATIM_EXACT,True,False,VERIFIED_PASS
doc019#c044,doc019,医疗废物管理条例,医疗废物管理条例.txt,90,VERBATIM_EXACT,True,False,VERIFIED_PASS
doc019#c045,doc019,医疗废物管理条例,医疗废物管理条例.txt,182,VERBATIM_EXACT,True,False,VERIFIED_PASS
doc019#c046,doc019,医疗废物管理条例,医疗废物管理条例.txt,134,VERBATIM_EXACT,True,False,VERIFIED_PASS
doc019#c047,doc019,医疗废物管理条例,医疗废物管理条例.txt,65,VERBATIM_EXACT,True,False,VERIFIED_PASS
doc019#c048,doc019,医疗废物管理条例,医疗废物管理条例.txt,8,VERBATIM_EXACT,True,False,VERIFIED_PASS
doc019#c049,doc019,医疗废物管理条例,医疗废物管理条例.txt,136,VERBATIM_EXACT,True,False,VERIFIED_PASS
doc019#c050,doc019,医疗废物管理条例,医疗废物管理条例.txt,249,VERBATIM_EXACT,True,False,VERIFIED_PASS
doc019#c051,doc019,医疗废物管理条例,医疗废物管理条例.txt,131,VERBATIM_EXACT,True,False,VERIFIED_PASS
doc019#c052,doc019,医疗废物管理条例,医疗废物管理条例.txt,379,VERBATIM_EXACT,True,False,VERIFIED_PASS
doc019#c053,doc019,医疗废物管理条例,医疗废物管理条例.txt,263,VERBATIM_EXACT,True,False,VERIFIED_PASS
doc019#c054,doc019,医疗废物管理条例,医疗废物管理条例.txt,441,VERBATIM_EXACT,True,False,VERIFIED_PASS
doc019#c055,doc019,医疗废物管理条例,医疗废物管理条例.txt,184,VERBATIM_EXACT,True,False,VERIFIED_PASS
doc019#c056,doc019,医疗废物管理条例,医疗废物管理条例.txt,201,VERBATIM_EXACT,True,False,VERIFIED_PASS
doc019#c057,doc019,医疗废物管理条例,医疗废物管理条例.txt,233,VERBATIM_EXACT,True,False,VERIFIED_PASS
doc019#c058,doc019,医疗废物管理条例,医疗废物管理条例.txt,169,VERBATIM_EXACT,True,False,VERIFIED_PASS
doc019#c059,doc019,医疗废物管理条例,医疗废物管理条例.txt,92,VERBATIM_EXACT,True,False,VERIFIED_PASS
doc019#c060,doc019,医疗废物管理条例,医疗废物管理条例.txt,250,VERBATIM_EXACT,True,False,VERIFIED_PASS
doc019#c061,doc019,医疗废物管理条例,医疗废物管理条例.txt,69,VERBATIM_EXACT,True,False,VERIFIED_PASS
doc019#c062,doc019,医疗废物管理条例,医疗废物管理条例.txt,6,VERBATIM_EXACT,True,False,VERIFIED_PASS
doc019#c063,doc019,医疗废物管理条例,医疗废物管理条例.txt,73,VERBATIM_EXACT,True,False,VERIFIED_PASS
doc019#c064,doc019,医疗废物管理条例,医疗废物管理条例.txt,47,VERBATIM_EXACT,True,False,VERIFIED_PASS
doc019#c065,doc019,医疗废物管理条例,医疗废物管理条例.txt,18,VERBATIM_EXACT,True,False,VERIFIED_PASS
doc020#c001,doc020,中华人民共和国中医药法,中华人民共和国中医药法.txt,184,VERBATIM_EXACT,True,False,VERIFIED_PASS
doc020#c002,doc020,中华人民共和国中医药法,中华人民共和国中医药法.txt,6,VERBATIM_EXACT,True,False,VERIFIED_PASS
doc020#c003,doc020,中华人民共和国中医药法,中华人民共和国中医药法.txt,40,VERBATIM_EXACT,True,False,VERIFIED_PASS
doc020#c004,doc020,中华人民共和国中医药法,中华人民共和国中医药法.txt,83,VERBATIM_EXACT,True,False,VERIFIED_PASS
doc020#c005,doc020,中华人民共和国中医药法,中华人民共和国中医药法.txt,192,VERBATIM_EXACT,True,False,VERIFIED_PASS
doc020#c006,doc020,中华人民共和国中医药法,中华人民共和国中医药法.txt,58,VERBATIM_EXACT,True,False,VERIFIED_PASS
doc020#c007,doc020,中华人民共和国中医药法,中华人民共和国中医药法.txt,130,VERBATIM_EXACT,True,False,VERIFIED_PASS
doc020#c008,doc020,中华人民共和国中医药法,中华人民共和国中医药法.txt,83,VERBATIM_EXACT,True,False,VERIFIED_PASS
doc020#c009,doc020,中华人民共和国中医药法,中华人民共和国中医药法.txt,59,VERBATIM_EXACT,True,False,VERIFIED_PASS
doc020#c010,doc020,中华人民共和国中医药法,中华人民共和国中医药法.txt,69,VERBATIM_EXACT,True,False,VERIFIED_PASS
doc020#c011,doc020,中华人民共和国中医药法,中华人民共和国中医药法.txt,33,VERBATIM_EXACT,True,False,VERIFIED_PASS
doc020#c012,doc020,中华人民共和国中医药法,中华人民共和国中医药法.txt,41,VERBATIM_EXACT,True,False,VERIFIED_PASS
doc020#c013,doc020,中华人民共和国中医药法,中华人民共和国中医药法.txt,9,VERBATIM_EXACT,True,False,VERIFIED_PASS
doc020#c014,doc020,中华人民共和国中医药法,中华人民共和国中医药法.txt,119,VERBATIM_EXACT,True,False,VERIFIED_PASS
doc020#c015,doc020,中华人民共和国中医药法,中华人民共和国中医药法.txt,97,VERBATIM_EXACT,True,False,VERIFIED_PASS
doc020#c016,doc020,中华人民共和国中医药法,中华人民共和国中医药法.txt,86,VERBATIM_EXACT,True,False,VERIFIED_PASS
doc020#c017,doc020,中华人民共和国中医药法,中华人民共和国中医药法.txt,201,VERBATIM_EXACT,True,False,VERIFIED_PASS
doc020#c018,doc020,中华人民共和国中医药法,中华人民共和国中医药法.txt,282,VERBATIM_EXACT,True,False,VERIFIED_PASS
doc020#c019,doc020,中华人民共和国中医药法,中华人民共和国中医药法.txt,204,VERBATIM_EXACT,True,False,VERIFIED_PASS
doc020#c020,doc020,中华人民共和国中医药法,中华人民共和国中医药法.txt,61,VERBATIM_EXACT,True,False,VERIFIED_PASS
doc020#c021,doc020,中华人民共和国中医药法,中华人民共和国中医药法.txt,149,VERBATIM_EXACT,True,False,VERIFIED_PASS
doc020#c022,doc020,中华人民共和国中医药法,中华人民共和国中医药法.txt,108,VERBATIM_EXACT,True,False,VERIFIED_PASS
doc020#c023,doc020,中华人民共和国中医药法,中华人民共和国中医药法.txt,185,VERBATIM_EXACT,True,False,VERIFIED_PASS
doc020#c024,doc020,中华人民共和国中医药法,中华人民共和国中医药法.txt,11,VERBATIM_EXACT,True,False,VERIFIED_PASS
doc020#c025,doc020,中华人民共和国中医药法,中华人民共和国中医药法.txt,67,VERBATIM_EXACT,True,False,VERIFIED_PASS
doc020#c026,doc020,中华人民共和国中医药法,中华人民共和国中医药法.txt,81,VERBATIM_EXACT,True,False,VERIFIED_PASS
doc020#c027,doc020,中华人民共和国中医药法,中华人民共和国中医药法.txt,164,VERBATIM_EXACT,True,False,VERIFIED_PASS
doc020#c028,doc020,中华人民共和国中医药法,中华人民共和国中医药法.txt,213,VERBATIM_EXACT,True,False,VERIFIED_PASS
doc020#c029,doc020,中华人民共和国中医药法,中华人民共和国中医药法.txt,101,VERBATIM_EXACT,True,False,VERIFIED_PASS
doc020#c030,doc020,中华人民共和国中医药法,中华人民共和国中医药法.txt,69,VERBATIM_EXACT,True,False,VERIFIED_PASS
doc020#c031,doc020,中华人民共和国中医药法,中华人民共和国中医药法.txt,62,VERBATIM_EXACT,True,False,VERIFIED_PASS
doc020#c032,doc020,中华人民共和国中医药法,中华人民共和国中医药法.txt,171,VERBATIM_EXACT,True,False,VERIFIED_PASS
doc020#c033,doc020,中华人民共和国中医药法,中华人民共和国中医药法.txt,74,VERBATIM_EXACT,True,False,VERIFIED_PASS
doc020#c034,doc020,中华人民共和国中医药法,中华人民共和国中医药法.txt,168,VERBATIM_EXACT,True,False,VERIFIED_PASS
doc020#c035,doc020,中华人民共和国中医药法,中华人民共和国中医药法.txt,260,VERBATIM_EXACT,True,False,VERIFIED_PASS
doc020#c036,doc020,中华人民共和国中医药法,中华人民共和国中医药法.txt,176,VERBATIM_EXACT,True,False,VERIFIED_PASS
doc020#c037,doc020,中华人民共和国中医药法,中华人民共和国中医药法.txt,11,VERBATIM_EXACT,True,False,VERIFIED_PASS
doc020#c038,doc020,中华人民共和国中医药法,中华人民共和国中医药法.txt,79,VERBATIM_EXACT,True,False,VERIFIED_PASS
doc020#c039,doc020,中华人民共和国中医药法,中华人民共和国中医药法.txt,122,VERBATIM_EXACT,True,False,VERIFIED_PASS
doc020#c040,doc020,中华人民共和国中医药法,中华人民共和国中医药法.txt,85,VERBATIM_EXACT,True,False,VERIFIED_PASS
doc020#c041,doc020,中华人民共和国中医药法,中华人民共和国中医药法.txt,63,VERBATIM_EXACT,True,False,VERIFIED_PASS
doc020#c042,doc020,中华人民共和国中医药法,中华人民共和国中医药法.txt,112,VERBATIM_EXACT,True,False,VERIFIED_PASS
doc020#c043,doc020,中华人民共和国中医药法,中华人民共和国中医药法.txt,11,VERBATIM_EXACT,True,False,VERIFIED_PASS
doc020#c044,doc020,中华人民共和国中医药法,中华人民共和国中医药法.txt,91,VERBATIM_EXACT,True,False,VERIFIED_PASS
doc020#c045,doc020,中华人民共和国中医药法,中华人民共和国中医药法.txt,106,VERBATIM_EXACT,True,False,VERIFIED_PASS
doc020#c046,doc020,中华人民共和国中医药法,中华人民共和国中医药法.txt,54,VERBATIM_EXACT,True,False,VERIFIED_PASS
doc020#c047,doc020,中华人民共和国中医药法,中华人民共和国中医药法.txt,93,VERBATIM_EXACT,True,False,VERIFIED_PASS
doc020#c048,doc020,中华人民共和国中医药法,中华人民共和国中医药法.txt,14,VERBATIM_EXACT,True,False,VERIFIED_PASS
doc020#c049,doc020,中华人民共和国中医药法,中华人民共和国中医药法.txt,166,VERBATIM_EXACT,True,False,VERIFIED_PASS
doc020#c050,doc020,中华人民共和国中医药法,中华人民共和国中医药法.txt,136,VERBATIM_EXACT,True,False,VERIFIED_PASS
doc020#c051,doc020,中华人民共和国中医药法,中华人民共和国中医药法.txt,66,VERBATIM_EXACT,True,False,VERIFIED_PASS
doc020#c052,doc020,中华人民共和国中医药法,中华人民共和国中医药法.txt,54,VERBATIM_EXACT,True,False,VERIFIED_PASS
doc020#c053,doc020,中华人民共和国中医药法,中华人民共和国中医药法.txt,116,VERBATIM_EXACT,True,False,VERIFIED_PASS
doc020#c054,doc020,中华人民共和国中医药法,中华人民共和国中医药法.txt,8,VERBATIM_EXACT,True,False,VERIFIED_PASS
doc020#c055,doc020,中华人民共和国中医药法,中华人民共和国中医药法.txt,132,VERBATIM_EXACT,True,False,VERIFIED_PASS
doc020#c056,doc020,中华人民共和国中医药法,中华人民共和国中医药法.txt,70,VERBATIM_EXACT,True,False,VERIFIED_PASS
doc020#c057,doc020,中华人民共和国中医药法,中华人民共和国中医药法.txt,103,VERBATIM_EXACT,True,False,VERIFIED_PASS
doc020#c058,doc020,中华人民共和国中医药法,中华人民共和国中医药法.txt,112,VERBATIM_EXACT,True,False,VERIFIED_PASS
doc020#c059,doc020,中华人民共和国中医药法,中华人民共和国中医药法.txt,68,VERBATIM_EXACT,True,False,VERIFIED_PASS
doc020#c060,doc020,中华人民共和国中医药法,中华人民共和国中医药法.txt,76,VERBATIM_EXACT,True,False,VERIFIED_PASS
doc020#c061,doc020,中华人民共和国中医药法,中华人民共和国中医药法.txt,8,VERBATIM_EXACT,True,False,VERIFIED_PASS
doc020#c062,doc020,中华人民共和国中医药法,中华人民共和国中医药法.txt,97,VERBATIM_EXACT,True,False,VERIFIED_PASS
doc020#c063,doc020,中华人民共和国中医药法,中华人民共和国中医药法.txt,201,VERBATIM_EXACT,True,False,VERIFIED_PASS
doc020#c064,doc020,中华人民共和国中医药法,中华人民共和国中医药法.txt,106,VERBATIM_EXACT,True,False,VERIFIED_PASS
doc020#c065,doc020,中华人民共和国中医药法,中华人民共和国中医药法.txt,233,VERBATIM_EXACT,True,False,VERIFIED_PASS
doc020#c066,doc020,中华人民共和国中医药法,中华人民共和国中医药法.txt,127,VERBATIM_EXACT,True,False,VERIFIED_PASS
doc020#c067,doc020,中华人民共和国中医药法,中华人民共和国中医药法.txt,95,VERBATIM_EXACT,True,False,VERIFIED_PASS
doc020#c068,doc020,中华人民共和国中医药法,中华人民共和国中医药法.txt,48,VERBATIM_EXACT,True,False,VERIFIED_PASS
doc020#c069,doc020,中华人民共和国中医药法,中华人民共和国中医药法.txt,6,VERBATIM_EXACT,True,False,VERIFIED_PASS
doc020#c070,doc020,中华人民共和国中医药法,中华人民共和国中医药法.txt,99,VERBATIM_EXACT,True,False,VERIFIED_PASS
doc020#c071,doc020,中华人民共和国中医药法,中华人民共和国中医药法.txt,70,VERBATIM_EXACT,True,False,VERIFIED_PASS
doc020#c072,doc020,中华人民共和国中医药法,中华人民共和国中医药法.txt,57,VERBATIM_EXACT,True,False,VERIFIED_PASS
doc020#c073,doc020,中华人民共和国中医药法,中华人民共和国中医药法.txt,22,VERBATIM_EXACT,True,False,VERIFIED_PASS
doc021#c001,doc021,突发公共卫生事件应急条例,突发公共卫生事件应急条例.txt,146,VERBATIM_EXACT,True,False,VERIFIED_PASS
doc021#c002,doc021,突发公共卫生事件应急条例,突发公共卫生事件应急条例.txt,6,VERBATIM_EXACT,True,False,VERIFIED_PASS
doc021#c003,doc021,突发公共卫生事件应急条例,突发公共卫生事件应急条例.txt,60,VERBATIM_EXACT,True,False,VERIFIED_PASS
doc021#c004,doc021,突发公共卫生事件应急条例,突发公共卫生事件应急条例.txt,97,VERBATIM_EXACT,True,False,VERIFIED_PASS
doc021#c005,doc021,突发公共卫生事件应急条例,突发公共卫生事件应急条例.txt,132,VERBATIM_EXACT,True,False,VERIFIED_PASS
doc021#c006,doc021,突发公共卫生事件应急条例,突发公共卫生事件应急条例.txt,174,VERBATIM_EXACT,True,False,VERIFIED_PASS
doc021#c007,doc021,突发公共卫生事件应急条例,突发公共卫生事件应急条例.txt,65,VERBATIM_EXACT,True,False,VERIFIED_PASS
doc021#c008,doc021,突发公共卫生事件应急条例,突发公共卫生事件应急条例.txt,140,VERBATIM_EXACT,True,False,VERIFIED_PASS
doc021#c009,doc021,突发公共卫生事件应急条例,突发公共卫生事件应急条例.txt,40,VERBATIM_EXACT,True,False,VERIFIED_PASS
doc021#c010,doc021,突发公共卫生事件应急条例,突发公共卫生事件应急条例.txt,79,VERBATIM_EXACT,True,False,VERIFIED_PASS
doc021#c011,doc021,突发公共卫生事件应急条例,突发公共卫生事件应急条例.txt,127,VERBATIM_EXACT,True,False,VERIFIED_PASS
doc021#c012,doc021,突发公共卫生事件应急条例,突发公共卫生事件应急条例.txt,11,VERBATIM_EXACT,True,False,VERIFIED_PASS
doc021#c013,doc021,突发公共卫生事件应急条例,突发公共卫生事件应急条例.txt,104,VERBATIM_EXACT,True,False,VERIFIED_PASS
doc021#c014,doc021,突发公共卫生事件应急条例,突发公共卫生事件应急条例.txt,210,VERBATIM_EXACT,True,False,VERIFIED_PASS
doc021#c015,doc021,突发公共卫生事件应急条例,突发公共卫生事件应急条例.txt,43,VERBATIM_EXACT,True,False,VERIFIED_PASS
doc021#c016,doc021,突发公共卫生事件应急条例,突发公共卫生事件应急条例.txt,124,VERBATIM_EXACT,True,False,VERIFIED_PASS
doc021#c017,doc021,突发公共卫生事件应急条例,突发公共卫生事件应急条例.txt,109,VERBATIM_EXACT,True,False,VERIFIED_PASS
doc021#c018,doc021,突发公共卫生事件应急条例,突发公共卫生事件应急条例.txt,89,VERBATIM_EXACT,True,False,VERIFIED_PASS
doc021#c019,doc021,突发公共卫生事件应急条例,突发公共卫生事件应急条例.txt,71,VERBATIM_EXACT,True,False,VERIFIED_PASS
doc021#c020,doc021,突发公共卫生事件应急条例,突发公共卫生事件应急条例.txt,145,VERBATIM_EXACT,True,False,VERIFIED_PASS
doc021#c021,doc021,突发公共卫生事件应急条例,突发公共卫生事件应急条例.txt,92,VERBATIM_EXACT,True,False,VERIFIED_PASS
doc021#c022,doc021,突发公共卫生事件应急条例,突发公共卫生事件应急条例.txt,11,VERBATIM_EXACT,True,False,VERIFIED_PASS
doc021#c023,doc021,突发公共卫生事件应急条例,突发公共卫生事件应急条例.txt,238,VERBATIM_EXACT,True,False,VERIFIED_PASS
doc021#c024,doc021,突发公共卫生事件应急条例,突发公共卫生事件应急条例.txt,213,VERBATIM_EXACT,True,False,VERIFIED_PASS
doc021#c025,doc021,突发公共卫生事件应急条例,突发公共卫生事件应急条例.txt,44,VERBATIM_EXACT,True,False,VERIFIED_PASS
doc021#c026,doc021,突发公共卫生事件应急条例,突发公共卫生事件应急条例.txt,80,VERBATIM_EXACT,True,False,VERIFIED_PASS
doc021#c027,doc021,突发公共卫生事件应急条例,突发公共卫生事件应急条例.txt,247,VERBATIM_EXACT,True,False,VERIFIED_PASS
doc021#c028,doc021,突发公共卫生事件应急条例,突发公共卫生事件应急条例.txt,231,VERBATIM_EXACT,True,False,VERIFIED_PASS
doc021#c029,doc021,突发公共卫生事件应急条例,突发公共卫生事件应急条例.txt,113,VERBATIM_EXACT,True,False,VERIFIED_PASS
doc021#c030,doc021,突发公共卫生事件应急条例,突发公共卫生事件应急条例.txt,8,VERBATIM_EXACT,True,False,VERIFIED_PASS
doc021#c031,doc021,突发公共卫生事件应急条例,突发公共卫生事件应急条例.txt,70,VERBATIM_EXACT,True,False,VERIFIED_PASS
doc021#c032,doc021,突发公共卫生事件应急条例,突发公共卫生事件应急条例.txt,107,VERBATIM_EXACT,True,False,VERIFIED_PASS
doc021#c033,doc021,突发公共卫生事件应急条例,突发公共卫生事件应急条例.txt,105,VERBATIM_EXACT,True,False,VERIFIED_PASS
doc021#c034,doc021,突发公共卫生事件应急条例,突发公共卫生事件应急条例.txt,74,VERBATIM_EXACT,True,False,VERIFIED_PASS
doc021#c035,doc021,突发公共卫生事件应急条例,突发公共卫生事件应急条例.txt,87,VERBATIM_EXACT,True,False,VERIFIED_PASS
doc021#c036,doc021,突发公共卫生事件应急条例,突发公共卫生事件应急条例.txt,204,VERBATIM_EXACT,True,False,VERIFIED_PASS
doc021#c037,doc021,突发公共卫生事件应急条例,突发公共卫生事件应急条例.txt,105,VERBATIM_EXACT,True,False,VERIFIED_PASS
doc021#c038,doc021,突发公共卫生事件应急条例,突发公共卫生事件应急条例.txt,92,VERBATIM_EXACT,True,False,VERIFIED_PASS
doc021#c039,doc021,突发公共卫生事件应急条例,突发公共卫生事件应急条例.txt,134,VERBATIM_EXACT,True,False,VERIFIED_PASS
doc021#c040,doc021,突发公共卫生事件应急条例,突发公共卫生事件应急条例.txt,56,VERBATIM_EXACT,True,False,VERIFIED_PASS
doc021#c041,doc021,突发公共卫生事件应急条例,突发公共卫生事件应急条例.txt,115,VERBATIM_EXACT,True,False,VERIFIED_PASS
doc021#c042,doc021,突发公共卫生事件应急条例,突发公共卫生事件应急条例.txt,77,VERBATIM_EXACT,True,False,VERIFIED_PASS
doc021#c043,doc021,突发公共卫生事件应急条例,突发公共卫生事件应急条例.txt,346,VERBATIM_EXACT,True,False,VERIFIED_PASS
doc021#c044,doc021,突发公共卫生事件应急条例,突发公共卫生事件应急条例.txt,268,VERBATIM_EXACT,True,False,VERIFIED_PASS
doc021#c045,doc021,突发公共卫生事件应急条例,突发公共卫生事件应急条例.txt,126,VERBATIM_EXACT,True,False,VERIFIED_PASS
doc021#c046,doc021,突发公共卫生事件应急条例,突发公共卫生事件应急条例.txt,129,VERBATIM_EXACT,True,False,VERIFIED_PASS
doc021#c047,doc021,突发公共卫生事件应急条例,突发公共卫生事件应急条例.txt,53,VERBATIM_EXACT,True,False,VERIFIED_PASS
doc021#c048,doc021,突发公共卫生事件应急条例,突发公共卫生事件应急条例.txt,86,VERBATIM_EXACT,True,False,VERIFIED_PASS
doc021#c049,doc021,突发公共卫生事件应急条例,突发公共卫生事件应急条例.txt,95,VERBATIM_EXACT,True,False,VERIFIED_PASS
doc021#c050,doc021,突发公共卫生事件应急条例,突发公共卫生事件应急条例.txt,8,VERBATIM_EXACT,True,False,VERIFIED_PASS
doc021#c051,doc021,突发公共卫生事件应急条例,突发公共卫生事件应急条例.txt,169,VERBATIM_EXACT,True,False,VERIFIED_PASS
doc021#c052,doc021,突发公共卫生事件应急条例,突发公共卫生事件应急条例.txt,176,VERBATIM_EXACT,True,False,VERIFIED_PASS
doc021#c053,doc021,突发公共卫生事件应急条例,突发公共卫生事件应急条例.txt,115,VERBATIM_EXACT,True,False,VERIFIED_PASS
doc021#c054,doc021,突发公共卫生事件应急条例,突发公共卫生事件应急条例.txt,191,VERBATIM_EXACT,True,False,VERIFIED_PASS
doc021#c055,doc021,突发公共卫生事件应急条例,突发公共卫生事件应急条例.txt,162,VERBATIM_EXACT,True,False,VERIFIED_PASS
doc021#c056,doc021,突发公共卫生事件应急条例,突发公共卫生事件应急条例.txt,264,VERBATIM_EXACT,True,False,VERIFIED_PASS
doc021#c057,doc021,突发公共卫生事件应急条例,突发公共卫生事件应急条例.txt,210,VERBATIM_EXACT,True,False,VERIFIED_PASS
doc021#c058,doc021,突发公共卫生事件应急条例,突发公共卫生事件应急条例.txt,84,VERBATIM_EXACT,True,False,VERIFIED_PASS
doc021#c059,doc021,突发公共卫生事件应急条例,突发公共卫生事件应急条例.txt,6,VERBATIM_EXACT,True,False,VERIFIED_PASS
doc021#c060,doc021,突发公共卫生事件应急条例,突发公共卫生事件应急条例.txt,57,VERBATIM_EXACT,True,False,VERIFIED_PASS
doc021#c061,doc021,突发公共卫生事件应急条例,突发公共卫生事件应急条例.txt,18,VERBATIM_EXACT,True,False,VERIFIED_PASS
doc022#c001,doc022,计划生育技术服务管理条例,计划生育技术服务管理条例.txt,148,VERBATIM_EXACT,True,False,VERIFIED_PASS
doc022#c002,doc022,计划生育技术服务管理条例,计划生育技术服务管理条例.txt,6,VERBATIM_EXACT,True,False,VERIFIED_PASS
doc022#c003,doc022,计划生育技术服务管理条例,计划生育技术服务管理条例.txt,55,VERBATIM_EXACT,True,False,VERIFIED_PASS
doc022#c004,doc022,计划生育技术服务管理条例,计划生育技术服务管理条例.txt,41,VERBATIM_EXACT,True,False,VERIFIED_PASS
doc022#c005,doc022,计划生育技术服务管理条例,计划生育技术服务管理条例.txt,132,VERBATIM_EXACT,True,False,VERIFIED_PASS
doc022#c006,doc022,计划生育技术服务管理条例,计划生育技术服务管理条例.txt,77,VERBATIM_EXACT,True,False,VERIFIED_PASS
doc022#c007,doc022,计划生育技术服务管理条例,计划生育技术服务管理条例.txt,103,VERBATIM_EXACT,True,False,VERIFIED_PASS
doc022#c008,doc022,计划生育技术服务管理条例,计划生育技术服务管理条例.txt,8,VERBATIM_EXACT,True,False,VERIFIED_PASS
doc022#c009,doc022,计划生育技术服务管理条例,计划生育技术服务管理条例.txt,42,VERBATIM_EXACT,True,False,VERIFIED_PASS
doc022#c010,doc022,计划生育技术服务管理条例,计划生育技术服务管理条例.txt,104,VERBATIM_EXACT,True,False,VERIFIED_PASS
doc022#c011,doc022,计划生育技术服务管理条例,计划生育技术服务管理条例.txt,176,VERBATIM_EXACT,True,False,VERIFIED_PASS
doc022#c012,doc022,计划生育技术服务管理条例,计划生育技术服务管理条例.txt,229,VERBATIM_EXACT,True,False,VERIFIED_PASS
doc022#c013,doc022,计划生育技术服务管理条例,计划生育技术服务管理条例.txt,255,VERBATIM_EXACT,True,False,VERIFIED_PASS
doc022#c014,doc022,计划生育技术服务管理条例,计划生育技术服务管理条例.txt,119,VERBATIM_EXACT,True,False,VERIFIED_PASS
doc022#c015,doc022,计划生育技术服务管理条例,计划生育技术服务管理条例.txt,201,VERBATIM_EXACT,True,False,VERIFIED_PASS
doc022#c016,doc022,计划生育技术服务管理条例,计划生育技术服务管理条例.txt,44,VERBATIM_EXACT,True,False,VERIFIED_PASS
doc022#c017,doc022,计划生育技术服务管理条例,计划生育技术服务管理条例.txt,58,VERBATIM_EXACT,True,False,VERIFIED_PASS
doc022#c018,doc022,计划生育技术服务管理条例,计划生育技术服务管理条例.txt,78,VERBATIM_EXACT,True,False,VERIFIED_PASS
doc022#c019,doc022,计划生育技术服务管理条例,计划生育技术服务管理条例.txt,49,VERBATIM_EXACT,True,False,VERIFIED_PASS
doc022#c020,doc022,计划生育技术服务管理条例,计划生育技术服务管理条例.txt,62,VERBATIM_EXACT,True,False,VERIFIED_PASS
doc022#c021,doc022,计划生育技术服务管理条例,计划生育技术服务管理条例.txt,42,VERBATIM_EXACT,True,False,VERIFIED_PASS
doc022#c022,doc022,计划生育技术服务管理条例,计划生育技术服务管理条例.txt,10,VERBATIM_EXACT,True,False,VERIFIED_PASS
doc022#c023,doc022,计划生育技术服务管理条例,计划生育技术服务管理条例.txt,50,VERBATIM_EXACT,True,False,VERIFIED_PASS
doc022#c024,doc022,计划生育技术服务管理条例,计划生育技术服务管理条例.txt,42,VERBATIM_EXACT,True,False,VERIFIED_PASS
doc022#c025,doc022,计划生育技术服务管理条例,计划生育技术服务管理条例.txt,102,VERBATIM_EXACT,True,False,VERIFIED_PASS
doc022#c026,doc022,计划生育技术服务管理条例,计划生育技术服务管理条例.txt,94,VERBATIM_EXACT,True,False,VERIFIED_PASS
doc022#c027,doc022,计划生育技术服务管理条例,计划生育技术服务管理条例.txt,165,VERBATIM_EXACT,True,False,VERIFIED_PASS
doc022#c028,doc022,计划生育技术服务管理条例,计划生育技术服务管理条例.txt,251,VERBATIM_EXACT,True,False,VERIFIED_PASS
doc022#c029,doc022,计划生育技术服务管理条例,计划生育技术服务管理条例.txt,144,VERBATIM_EXACT,True,False,VERIFIED_PASS
doc022#c030,doc022,计划生育技术服务管理条例,计划生育技术服务管理条例.txt,78,VERBATIM_EXACT,True,False,VERIFIED_PASS
doc022#c031,doc022,计划生育技术服务管理条例,计划生育技术服务管理条例.txt,51,VERBATIM_EXACT,True,False,VERIFIED_PASS
doc022#c032,doc022,计划生育技术服务管理条例,计划生育技术服务管理条例.txt,62,VERBATIM_EXACT,True,False,VERIFIED_PASS
doc022#c033,doc022,计划生育技术服务管理条例,计划生育技术服务管理条例.txt,216,VERBATIM_EXACT,True,False,VERIFIED_PASS
doc022#c034,doc022,计划生育技术服务管理条例,计划生育技术服务管理条例.txt,81,VERBATIM_EXACT,True,False,VERIFIED_PASS
doc022#c035,doc022,计划生育技术服务管理条例,计划生育技术服务管理条例.txt,8,VERBATIM_EXACT,True,False,VERIFIED_PASS
doc022#c036,doc022,计划生育技术服务管理条例,计划生育技术服务管理条例.txt,132,VERBATIM_EXACT,True,False,VERIFIED_PASS
doc022#c037,doc022,计划生育技术服务管理条例,计划生育技术服务管理条例.txt,304,VERBATIM_EXACT,True,False,VERIFIED_PASS
doc022#c038,doc022,计划生育技术服务管理条例,计划生育技术服务管理条例.txt,219,VERBATIM_EXACT,True,False,VERIFIED_PASS
doc022#c039,doc022,计划生育技术服务管理条例,计划生育技术服务管理条例.txt,6,VERBATIM_EXACT,True,False,VERIFIED_PASS
doc022#c040,doc022,计划生育技术服务管理条例,计划生育技术服务管理条例.txt,200,VERBATIM_EXACT,True,False,VERIFIED_PASS
doc022#c041,doc022,计划生育技术服务管理条例,计划生育技术服务管理条例.txt,211,VERBATIM_EXACT,True,False,VERIFIED_PASS
doc022#c042,doc022,计划生育技术服务管理条例,计划生育技术服务管理条例.txt,96,VERBATIM_EXACT,True,False,VERIFIED_PASS
doc022#c043,doc022,计划生育技术服务管理条例,计划生育技术服务管理条例.txt,161,VERBATIM_EXACT,True,False,VERIFIED_PASS
doc022#c044,doc022,计划生育技术服务管理条例,计划生育技术服务管理条例.txt,165,VERBATIM_EXACT,True,False,VERIFIED_PASS
doc022#c045,doc022,计划生育技术服务管理条例,计划生育技术服务管理条例.txt,170,VERBATIM_EXACT,True,False,VERIFIED_PASS
doc022#c046,doc022,计划生育技术服务管理条例,计划生育技术服务管理条例.txt,200,VERBATIM_EXACT,True,False,VERIFIED_PASS
doc022#c047,doc022,计划生育技术服务管理条例,计划生育技术服务管理条例.txt,173,VERBATIM_EXACT,True,False,VERIFIED_PASS
doc022#c048,doc022,计划生育技术服务管理条例,计划生育技术服务管理条例.txt,173,VERBATIM_EXACT,True,False,VERIFIED_PASS
doc022#c049,doc022,计划生育技术服务管理条例,计划生育技术服务管理条例.txt,6,VERBATIM_EXACT,True,False,VERIFIED_PASS
doc022#c050,doc022,计划生育技术服务管理条例,计划生育技术服务管理条例.txt,158,VERBATIM_EXACT,True,False,VERIFIED_PASS
doc022#c051,doc022,计划生育技术服务管理条例,计划生育技术服务管理条例.txt,160,VERBATIM_EXACT,True,False,VERIFIED_PASS
doc022#c052,doc022,计划生育技术服务管理条例,计划生育技术服务管理条例.txt,91,VERBATIM_EXACT,True,False,VERIFIED_PASS
doc022#c053,doc022,计划生育技术服务管理条例,计划生育技术服务管理条例.txt,24,VERBATIM_EXACT,True,False,VERIFIED_PASS
doc023#c001,doc023,反兴奋剂条例,反兴奋剂条例.txt,221,VERBATIM_EXACT,True,False,VERIFIED_PASS
doc023#c002,doc023,反兴奋剂条例,反兴奋剂条例.txt,6,VERBATIM_EXACT,True,False,VERIFIED_PASS
doc023#c003,doc023,反兴奋剂条例,反兴奋剂条例.txt,75,VERBATIM_EXACT,True,False,VERIFIED_PASS
doc023#c004,doc023,反兴奋剂条例,反兴奋剂条例.txt,91,VERBATIM_EXACT,True,False,VERIFIED_PASS
doc023#c005,doc023,反兴奋剂条例,反兴奋剂条例.txt,101,VERBATIM_EXACT,True,False,VERIFIED_PASS
doc023#c006,doc023,反兴奋剂条例,反兴奋剂条例.txt,95,VERBATIM_EXACT,True,False,VERIFIED_PASS
doc023#c007,doc023,反兴奋剂条例,反兴奋剂条例.txt,93,VERBATIM_EXACT,True,False,VERIFIED_PASS
doc023#c008,doc023,反兴奋剂条例,反兴奋剂条例.txt,43,VERBATIM_EXACT,True,False,VERIFIED_PASS
doc023#c009,doc023,反兴奋剂条例,反兴奋剂条例.txt,9,VERBATIM_EXACT,True,False,VERIFIED_PASS
doc023#c010,doc023,反兴奋剂条例,反兴奋剂条例.txt,46,VERBATIM_EXACT,True,False,VERIFIED_PASS
doc023#c011,doc023,反兴奋剂条例,反兴奋剂条例.txt,150,VERBATIM_EXACT,True,False,VERIFIED_PASS
doc023#c012,doc023,反兴奋剂条例,反兴奋剂条例.txt,214,VERBATIM_EXACT,True,False,VERIFIED_PASS
doc023#c013,doc023,反兴奋剂条例,反兴奋剂条例.txt,35,VERBATIM_EXACT,True,False,VERIFIED_PASS
doc023#c014,doc023,反兴奋剂条例,反兴奋剂条例.txt,200,VERBATIM_EXACT,True,False,VERIFIED_PASS
doc023#c015,doc023,反兴奋剂条例,反兴奋剂条例.txt,144,VERBATIM_EXACT,True,False,VERIFIED_PASS
doc023#c016,doc023,反兴奋剂条例,反兴奋剂条例.txt,162,VERBATIM_EXACT,True,False,VERIFIED_PASS
doc023#c017,doc023,反兴奋剂条例,反兴奋剂条例.txt,252,VERBATIM_EXACT,True,False,VERIFIED_PASS
doc023#c018,doc023,反兴奋剂条例,反兴奋剂条例.txt,55,VERBATIM_EXACT,True,False,VERIFIED_PASS
doc023#c019,doc023,反兴奋剂条例,反兴奋剂条例.txt,126,VERBATIM_EXACT,True,False,VERIFIED_PASS
doc023#c020,doc023,反兴奋剂条例,反兴奋剂条例.txt,60,VERBATIM_EXACT,True,False,VERIFIED_PASS
doc023#c021,doc023,反兴奋剂条例,反兴奋剂条例.txt,10,VERBATIM_EXACT,True,False,VERIFIED_PASS
doc023#c022,doc023,反兴奋剂条例,反兴奋剂条例.txt,131,VERBATIM_EXACT,True,False,VERIFIED_PASS
doc023#c023,doc023,反兴奋剂条例,反兴奋剂条例.txt,91,VERBATIM_EXACT,True,False,VERIFIED_PASS
doc023#c024,doc023,反兴奋剂条例,反兴奋剂条例.txt,92,VERBATIM_EXACT,True,False,VERIFIED_PASS
doc023#c025,doc023,反兴奋剂条例,反兴奋剂条例.txt,84,VERBATIM_EXACT,True,False,VERIFIED_PASS
doc023#c026,doc023,反兴奋剂条例,反兴奋剂条例.txt,188,VERBATIM_EXACT,True,False,VERIFIED_PASS
doc023#c027,doc023,反兴奋剂条例,反兴奋剂条例.txt,154,VERBATIM_EXACT,True,False,VERIFIED_PASS
doc023#c028,doc023,反兴奋剂条例,反兴奋剂条例.txt,23,VERBATIM_EXACT,True,False,VERIFIED_PASS
doc023#c029,doc023,反兴奋剂条例,反兴奋剂条例.txt,180,VERBATIM_EXACT,True,False,VERIFIED_PASS
doc023#c030,doc023,反兴奋剂条例,反兴奋剂条例.txt,74,VERBATIM_EXACT,True,False,VERIFIED_PASS
doc023#c031,doc023,反兴奋剂条例,反兴奋剂条例.txt,33,VERBATIM_EXACT,True,False,VERIFIED_PASS
doc023#c032,doc023,反兴奋剂条例,反兴奋剂条例.txt,48,VERBATIM_EXACT,True,False,VERIFIED_PASS
doc023#c033,doc023,反兴奋剂条例,反兴奋剂条例.txt,109,VERBATIM_EXACT,True,False,VERIFIED_PASS
doc023#c034,doc023,反兴奋剂条例,反兴奋剂条例.txt,51,VERBATIM_EXACT,True,False,VERIFIED_PASS
doc023#c035,doc023,反兴奋剂条例,反兴奋剂条例.txt,12,VERBATIM_EXACT,True,False,VERIFIED_PASS
doc023#c036,doc023,反兴奋剂条例,反兴奋剂条例.txt,40,VERBATIM_EXACT,True,False,VERIFIED_PASS
doc023#c037,doc023,反兴奋剂条例,反兴奋剂条例.txt,110,VERBATIM_EXACT,True,False,VERIFIED_PASS
doc023#c038,doc023,反兴奋剂条例,反兴奋剂条例.txt,56,VERBATIM_EXACT,True,False,VERIFIED_PASS
doc023#c039,doc023,反兴奋剂条例,反兴奋剂条例.txt,44,VERBATIM_EXACT,True,False,VERIFIED_PASS
doc023#c040,doc023,反兴奋剂条例,反兴奋剂条例.txt,172,VERBATIM_EXACT,True,False,VERIFIED_PASS
doc023#c041,doc023,反兴奋剂条例,反兴奋剂条例.txt,84,VERBATIM_EXACT,True,False,VERIFIED_PASS
doc023#c042,doc023,反兴奋剂条例,反兴奋剂条例.txt,8,VERBATIM_EXACT,True,False,VERIFIED_PASS
doc023#c043,doc023,反兴奋剂条例,反兴奋剂条例.txt,107,VERBATIM_EXACT,True,False,VERIFIED_PASS
doc023#c044,doc023,反兴奋剂条例,反兴奋剂条例.txt,296,VERBATIM_EXACT,True,False,VERIFIED_PASS
doc023#c045,doc023,反兴奋剂条例,反兴奋剂条例.txt,315,VERBATIM_EXACT,True,False,VERIFIED_PASS
doc023#c046,doc023,反兴奋剂条例,反兴奋剂条例.txt,346,VERBATIM_EXACT,True,False,VERIFIED_PASS
doc023#c047,doc023,反兴奋剂条例,反兴奋剂条例.txt,85,VERBATIM_EXACT,True,False,VERIFIED_PASS
doc023#c048,doc023,反兴奋剂条例,反兴奋剂条例.txt,118,VERBATIM_EXACT,True,False,VERIFIED_PASS
doc023#c049,doc023,反兴奋剂条例,反兴奋剂条例.txt,48,VERBATIM_EXACT,True,False,VERIFIED_PASS
doc023#c050,doc023,反兴奋剂条例,反兴奋剂条例.txt,79,VERBATIM_EXACT,True,False,VERIFIED_PASS
doc023#c051,doc023,反兴奋剂条例,反兴奋剂条例.txt,102,VERBATIM_EXACT,True,False,VERIFIED_PASS
doc023#c052,doc023,反兴奋剂条例,反兴奋剂条例.txt,96,VERBATIM_EXACT,True,False,VERIFIED_PASS
doc023#c053,doc023,反兴奋剂条例,反兴奋剂条例.txt,6,VERBATIM_EXACT,True,False,VERIFIED_PASS
doc023#c054,doc023,反兴奋剂条例,反兴奋剂条例.txt,23,VERBATIM_EXACT,True,False,VERIFIED_PASS
doc024#c001,doc024,中华人民共和国母婴保健法实施办法,中华人民共和国母婴保健法实施办法.txt,171,NORMALIZED_WHITESPACE,True,False,VERIFIED_PASS
doc024#c002,doc024,中华人民共和国母婴保健法实施办法,中华人民共和国母婴保健法实施办法.txt,6,VERBATIM_EXACT,True,False,VERIFIED_PASS
doc024#c003,doc024,中华人民共和国母婴保健法实施办法,中华人民共和国母婴保健法实施办法.txt,38,VERBATIM_EXACT,True,False,VERIFIED_PASS
doc024#c004,doc024,中华人民共和国母婴保健法实施办法,中华人民共和国母婴保健法实施办法.txt,94,NORMALIZED_WHITESPACE,True,False,VERIFIED_PASS
doc024#c005,doc024,中华人民共和国母婴保健法实施办法,中华人民共和国母婴保健法实施办法.txt,131,NORMALIZED_WHITESPACE,True,False,VERIFIED_PASS
doc024#c006,doc024,中华人民共和国母婴保健法实施办法,中华人民共和国母婴保健法实施办法.txt,40,VERBATIM_EXACT,True,False,VERIFIED_PASS
doc024#c007,doc024,中华人民共和国母婴保健法实施办法,中华人民共和国母婴保健法实施办法.txt,57,VERBATIM_EXACT,True,False,VERIFIED_PASS
doc024#c008,doc024,中华人民共和国母婴保健法实施办法,中华人民共和国母婴保健法实施办法.txt,130,NORMALIZED_WHITESPACE,True,False,VERIFIED_PASS
doc024#c009,doc024,中华人民共和国母婴保健法实施办法,中华人民共和国母婴保健法实施办法.txt,134,NORMALIZED_WHITESPACE,True,False,VERIFIED_PASS
doc024#c010,doc024,中华人民共和国母婴保健法实施办法,中华人民共和国母婴保健法实施办法.txt,68,VERBATIM_EXACT,True,False,VERIFIED_PASS
doc024#c011,doc024,中华人民共和国母婴保健法实施办法,中华人民共和国母婴保健法实施办法.txt,8,VERBATIM_EXACT,True,False,VERIFIED_PASS
doc024#c012,doc024,中华人民共和国母婴保健法实施办法,中华人民共和国母婴保健法实施办法.txt,186,NORMALIZED_WHITESPACE,True,False,VERIFIED_PASS
doc024#c013,doc024,中华人民共和国母婴保健法实施办法,中华人民共和国母婴保健法实施办法.txt,54,VERBATIM_EXACT,True,False,VERIFIED_PASS
doc024#c014,doc024,中华人民共和国母婴保健法实施办法,中华人民共和国母婴保健法实施办法.txt,70,VERBATIM_EXACT,True,False,VERIFIED_PASS
doc024#c015,doc024,中华人民共和国母婴保健法实施办法,中华人民共和国母婴保健法实施办法.txt,114,NORMALIZED_WHITESPACE,True,False,VERIFIED_PASS
doc024#c016,doc024,中华人民共和国母婴保健法实施办法,中华人民共和国母婴保健法实施办法.txt,89,NORMALIZED_WHITESPACE,True,False,VERIFIED_PASS
doc024#c017,doc024,中华人民共和国母婴保健法实施办法,中华人民共和国母婴保健法实施办法.txt,261,NORMALIZED_WHITESPACE,True,False,VERIFIED_PASS
doc024#c018,doc024,中华人民共和国母婴保健法实施办法,中华人民共和国母婴保健法实施办法.txt,60,VERBATIM_EXACT,True,False,VERIFIED_PASS
doc024#c019,doc024,中华人民共和国母婴保健法实施办法,中华人民共和国母婴保健法实施办法.txt,66,VERBATIM_EXACT,True,False,VERIFIED_PASS
doc024#c020,doc024,中华人民共和国母婴保健法实施办法,中华人民共和国母婴保健法实施办法.txt,9,VERBATIM_EXACT,True,False,VERIFIED_PASS
doc024#c021,doc024,中华人民共和国母婴保健法实施办法,中华人民共和国母婴保健法实施办法.txt,135,NORMALIZED_WHITESPACE,True,False,VERIFIED_PASS
doc024#c022,doc024,中华人民共和国母婴保健法实施办法,中华人民共和国母婴保健法实施办法.txt,216,NORMALIZED_WHITESPACE,True,False,VERIFIED_PASS
doc024#c023,doc024,中华人民共和国母婴保健法实施办法,中华人民共和国母婴保健法实施办法.txt,157,NORMALIZED_WHITESPACE,True,False,VERIFIED_PASS
doc024#c024,doc024,中华人民共和国母婴保健法实施办法,中华人民共和国母婴保健法实施办法.txt,135,NORMALIZED_WHITESPACE,True,False,VERIFIED_PASS
doc024#c025,doc024,中华人民共和国母婴保健法实施办法,中华人民共和国母婴保健法实施办法.txt,77,VERBATIM_EXACT,True,False,VERIFIED_PASS
doc024#c026,doc024,中华人民共和国母婴保健法实施办法,中华人民共和国母婴保健法实施办法.txt,140,VERBATIM_EXACT,True,False,VERIFIED_PASS
doc024#c027,doc024,中华人民共和国母婴保健法实施办法,中华人民共和国母婴保健法实施办法.txt,98,NORMALIZED_WHITESPACE,True,False,VERIFIED_PASS
doc024#c028,doc024,中华人民共和国母婴保健法实施办法,中华人民共和国母婴保健法实施办法.txt,186,NORMALIZED_WHITESPACE,True,False,VERIFIED_PASS
doc024#c029,doc024,中华人民共和国母婴保健法实施办法,中华人民共和国母婴保健法实施办法.txt,8,VERBATIM_EXACT,True,False,VERIFIED_PASS
doc024#c030,doc024,中华人民共和国母婴保健法实施办法,中华人民共和国母婴保健法实施办法.txt,50,VERBATIM_EXACT,True,False,VERIFIED_PASS
doc024#c031,doc024,中华人民共和国母婴保健法实施办法,中华人民共和国母婴保健法实施办法.txt,97,VERBATIM_EXACT,True,False,VERIFIED_PASS
doc024#c032,doc024,中华人民共和国母婴保健法实施办法,中华人民共和国母婴保健法实施办法.txt,57,NORMALIZED_WHITESPACE,True,False,VERIFIED_PASS
doc024#c033,doc024,中华人民共和国母婴保健法实施办法,中华人民共和国母婴保健法实施办法.txt,88,NORMALIZED_WHITESPACE,True,False,VERIFIED_PASS
doc024#c034,doc024,中华人民共和国母婴保健法实施办法,中华人民共和国母婴保健法实施办法.txt,87,NORMALIZED_WHITESPACE,True,False,VERIFIED_PASS
doc024#c035,doc024,中华人民共和国母婴保健法实施办法,中华人民共和国母婴保健法实施办法.txt,53,VERBATIM_EXACT,True,False,VERIFIED_PASS
doc024#c036,doc024,中华人民共和国母婴保健法实施办法,中华人民共和国母婴保健法实施办法.txt,8,VERBATIM_EXACT,True,False,VERIFIED_PASS
doc024#c037,doc024,中华人民共和国母婴保健法实施办法,中华人民共和国母婴保健法实施办法.txt,137,NORMALIZED_WHITESPACE,True,False,VERIFIED_PASS
doc024#c038,doc024,中华人民共和国母婴保健法实施办法,中华人民共和国母婴保健法实施办法.txt,203,NORMALIZED_WHITESPACE,True,False,VERIFIED_PASS
doc024#c039,doc024,中华人民共和国母婴保健法实施办法,中华人民共和国母婴保健法实施办法.txt,131,NORMALIZED_WHITESPACE,True,False,VERIFIED_PASS
doc024#c040,doc024,中华人民共和国母婴保健法实施办法,中华人民共和国母婴保健法实施办法.txt,8,VERBATIM_EXACT,True,False,VERIFIED_PASS
doc024#c041,doc024,中华人民共和国母婴保健法实施办法,中华人民共和国母婴保健法实施办法.txt,198,NORMALIZED_WHITESPACE,True,False,VERIFIED_PASS
doc024#c042,doc024,中华人民共和国母婴保健法实施办法,中华人民共和国母婴保健法实施办法.txt,156,NORMALIZED_WHITESPACE,True,False,VERIFIED_PASS
doc024#c043,doc024,中华人民共和国母婴保健法实施办法,中华人民共和国母婴保健法实施办法.txt,116,NORMALIZED_WHITESPACE,True,False,VERIFIED_PASS
doc024#c044,doc024,中华人民共和国母婴保健法实施办法,中华人民共和国母婴保健法实施办法.txt,192,NORMALIZED_WHITESPACE,True,False,VERIFIED_PASS
doc024#c045,doc024,中华人民共和国母婴保健法实施办法,中华人民共和国母婴保健法实施办法.txt,49,VERBATIM_EXACT,True,False,VERIFIED_PASS
doc024#c046,doc024,中华人民共和国母婴保健法实施办法,中华人民共和国母婴保健法实施办法.txt,36,VERBATIM_EXACT,True,False,VERIFIED_PASS
doc024#c047,doc024,中华人民共和国母婴保健法实施办法,中华人民共和国母婴保健法实施办法.txt,6,VERBATIM_EXACT,True,False,VERIFIED_PASS
doc024#c048,doc024,中华人民共和国母婴保健法实施办法,中华人民共和国母婴保健法实施办法.txt,173,VERBATIM_EXACT,True,False,VERIFIED_PASS
doc024#c049,doc024,中华人民共和国母婴保健法实施办法,中华人民共和国母婴保健法实施办法.txt,131,NORMALIZED_WHITESPACE,True,False,VERIFIED_PASS
doc024#c050,doc024,中华人民共和国母婴保健法实施办法,中华人民共和国母婴保健法实施办法.txt,142,VERBATIM_EXACT,True,False,VERIFIED_PASS
doc024#c051,doc024,中华人民共和国母婴保健法实施办法,中华人民共和国母婴保健法实施办法.txt,6,VERBATIM_EXACT,True,False,VERIFIED_PASS
doc024#c052,doc024,中华人民共和国母婴保健法实施办法,中华人民共和国母婴保健法实施办法.txt,30,VERBATIM_EXACT,True,False,VERIFIED_PASS
doc024#c053,doc024,中华人民共和国母婴保健法实施办法,中华人民共和国母婴保健法实施办法.txt,66,VERBATIM_EXACT,True,False,VERIFIED_PASS
doc024#c054,doc024,中华人民共和国母婴保健法实施办法,中华人民共和国母婴保健法实施办法.txt,18,VERBATIM_EXACT,True,False,VERIFIED_PASS
doc025#c001,doc025,乡村医生从业管理条例,乡村医生从业管理条例.txt,143,VERBATIM_EXACT,True,False,VERIFIED_PASS
doc025#c002,doc025,乡村医生从业管理条例,乡村医生从业管理条例.txt,6,VERBATIM_EXACT,True,False,VERIFIED_PASS
doc025#c003,doc025,乡村医生从业管理条例,乡村医生从业管理条例.txt,97,VERBATIM_EXACT,True,False,VERIFIED_PASS
doc025#c004,doc025,乡村医生从业管理条例,乡村医生从业管理条例.txt,105,VERBATIM_EXACT,True,False,VERIFIED_PASS
doc025#c005,doc025,乡村医生从业管理条例,乡村医生从业管理条例.txt,66,VERBATIM_EXACT,True,False,VERIFIED_PASS
doc025#c006,doc025,乡村医生从业管理条例,乡村医生从业管理条例.txt,49,VERBATIM_EXACT,True,False,VERIFIED_PASS
doc025#c007,doc025,乡村医生从业管理条例,乡村医生从业管理条例.txt,42,VERBATIM_EXACT,True,False,VERIFIED_PASS
doc025#c008,doc025,乡村医生从业管理条例,乡村医生从业管理条例.txt,92,VERBATIM_EXACT,True,False,VERIFIED_PASS
doc025#c009,doc025,乡村医生从业管理条例,乡村医生从业管理条例.txt,51,VERBATIM_EXACT,True,False,VERIFIED_PASS
doc025#c010,doc025,乡村医生从业管理条例,乡村医生从业管理条例.txt,66,VERBATIM_EXACT,True,False,VERIFIED_PASS
doc025#c011,doc025,乡村医生从业管理条例,乡村医生从业管理条例.txt,8,VERBATIM_EXACT,True,False,VERIFIED_PASS
doc025#c012,doc025,乡村医生从业管理条例,乡村医生从业管理条例.txt,47,VERBATIM_EXACT,True,False,VERIFIED_PASS
doc025#c013,doc025,乡村医生从业管理条例,乡村医生从业管理条例.txt,200,VERBATIM_EXACT,True,False,VERIFIED_PASS
doc025#c014,doc025,乡村医生从业管理条例,乡村医生从业管理条例.txt,269,VERBATIM_EXACT,True,False,VERIFIED_PASS
doc025#c015,doc025,乡村医生从业管理条例,乡村医生从业管理条例.txt,158,VERBATIM_EXACT,True,False,VERIFIED_PASS
doc025#c016,doc025,乡村医生从业管理条例,乡村医生从业管理条例.txt,182,VERBATIM_EXACT,True,False,VERIFIED_PASS
doc025#c017,doc025,乡村医生从业管理条例,乡村医生从业管理条例.txt,120,VERBATIM_EXACT,True,False,VERIFIED_PASS
doc025#c018,doc025,乡村医生从业管理条例,乡村医生从业管理条例.txt,73,VERBATIM_EXACT,True,False,VERIFIED_PASS
doc025#c019,doc025,乡村医生从业管理条例,乡村医生从业管理条例.txt,170,VERBATIM_EXACT,True,False,VERIFIED_PASS
doc025#c020,doc025,乡村医生从业管理条例,乡村医生从业管理条例.txt,67,VERBATIM_EXACT,True,False,VERIFIED_PASS
doc025#c021,doc025,乡村医生从业管理条例,乡村医生从业管理条例.txt,124,VERBATIM_EXACT,True,False,VERIFIED_PASS
doc025#c022,doc025,乡村医生从业管理条例,乡村医生从业管理条例.txt,110,VERBATIM_EXACT,True,False,VERIFIED_PASS
doc025#c023,doc025,乡村医生从业管理条例,乡村医生从业管理条例.txt,68,VERBATIM_EXACT,True,False,VERIFIED_PASS
doc025#c024,doc025,乡村医生从业管理条例,乡村医生从业管理条例.txt,103,VERBATIM_EXACT,True,False,VERIFIED_PASS
doc025#c025,doc025,乡村医生从业管理条例,乡村医生从业管理条例.txt,73,VERBATIM_EXACT,True,False,VERIFIED_PASS
doc025#c026,doc025,乡村医生从业管理条例,乡村医生从业管理条例.txt,8,VERBATIM_EXACT,True,False,VERIFIED_PASS
doc025#c027,doc025,乡村医生从业管理条例,乡村医生从业管理条例.txt,154,VERBATIM_EXACT,True,False,VERIFIED_PASS
doc025#c028,doc025,乡村医生从业管理条例,乡村医生从业管理条例.txt,161,VERBATIM_EXACT,True,False,VERIFIED_PASS
doc025#c029,doc025,乡村医生从业管理条例,乡村医生从业管理条例.txt,75,VERBATIM_EXACT,True,False,VERIFIED_PASS
doc025#c030,doc025,乡村医生从业管理条例,乡村医生从业管理条例.txt,63,VERBATIM_EXACT,True,False,VERIFIED_PASS
doc025#c031,doc025,乡村医生从业管理条例,乡村医生从业管理条例.txt,101,VERBATIM_EXACT,True,False,VERIFIED_PASS
doc025#c032,doc025,乡村医生从业管理条例,乡村医生从业管理条例.txt,51,VERBATIM_EXACT,True,False,VERIFIED_PASS
doc025#c033,doc025,乡村医生从业管理条例,乡村医生从业管理条例.txt,83,VERBATIM_EXACT,True,False,VERIFIED_PASS
doc025#c034,doc025,乡村医生从业管理条例,乡村医生从业管理条例.txt,49,VERBATIM_EXACT,True,False,VERIFIED_PASS
doc025#c035,doc025,乡村医生从业管理条例,乡村医生从业管理条例.txt,9,VERBATIM_EXACT,True,False,VERIFIED_PASS
doc025#c036,doc025,乡村医生从业管理条例,乡村医生从业管理条例.txt,174,VERBATIM_EXACT,True,False,VERIFIED_PASS
doc025#c037,doc025,乡村医生从业管理条例,乡村医生从业管理条例.txt,95,VERBATIM_EXACT,True,False,VERIFIED_PASS
doc025#c038,doc025,乡村医生从业管理条例,乡村医生从业管理条例.txt,47,VERBATIM_EXACT,True,False,VERIFIED_PASS
doc025#c039,doc025,乡村医生从业管理条例,乡村医生从业管理条例.txt,112,VERBATIM_EXACT,True,False,VERIFIED_PASS
doc025#c040,doc025,乡村医生从业管理条例,乡村医生从业管理条例.txt,116,VERBATIM_EXACT,True,False,VERIFIED_PASS
doc025#c041,doc025,乡村医生从业管理条例,乡村医生从业管理条例.txt,104,VERBATIM_EXACT,True,False,VERIFIED_PASS
doc025#c042,doc025,乡村医生从业管理条例,乡村医生从业管理条例.txt,68,VERBATIM_EXACT,True,False,VERIFIED_PASS
doc025#c043,doc025,乡村医生从业管理条例,乡村医生从业管理条例.txt,8,VERBATIM_EXACT,True,False,VERIFIED_PASS
doc025#c044,doc025,乡村医生从业管理条例,乡村医生从业管理条例.txt,221,VERBATIM_EXACT,True,False,VERIFIED_PASS
doc025#c045,doc025,乡村医生从业管理条例,乡村医生从业管理条例.txt,124,VERBATIM_EXACT,True,False,VERIFIED_PASS
doc025#c046,doc025,乡村医生从业管理条例,乡村医生从业管理条例.txt,68,VERBATIM_EXACT,True,False,VERIFIED_PASS
doc025#c047,doc025,乡村医生从业管理条例,乡村医生从业管理条例.txt,76,VERBATIM_EXACT,True,False,VERIFIED_PASS
doc025#c048,doc025,乡村医生从业管理条例,乡村医生从业管理条例.txt,175,VERBATIM_EXACT,True,False,VERIFIED_PASS
doc025#c049,doc025,乡村医生从业管理条例,乡村医生从业管理条例.txt,107,VERBATIM_EXACT,True,False,VERIFIED_PASS
doc025#c050,doc025,乡村医生从业管理条例,乡村医生从业管理条例.txt,142,VERBATIM_EXACT,True,False,VERIFIED_PASS
doc025#c051,doc025,乡村医生从业管理条例,乡村医生从业管理条例.txt,155,VERBATIM_EXACT,True,False,VERIFIED_PASS
doc025#c052,doc025,乡村医生从业管理条例,乡村医生从业管理条例.txt,138,VERBATIM_EXACT,True,False,VERIFIED_PASS
doc025#c053,doc025,乡村医生从业管理条例,乡村医生从业管理条例.txt,77,VERBATIM_EXACT,True,False,VERIFIED_PASS
doc025#c054,doc025,乡村医生从业管理条例,乡村医生从业管理条例.txt,6,VERBATIM_EXACT,True,False,VERIFIED_PASS
doc025#c055,doc025,乡村医生从业管理条例,乡村医生从业管理条例.txt,31,VERBATIM_EXACT,True,False,VERIFIED_PASS
doc025#c056,doc025,乡村医生从业管理条例,乡村医生从业管理条例.txt,23,VERBATIM_EXACT,True,False,VERIFIED_PASS
doc026#c001,doc026,卫生部关于中医执业的14个批复,卫生部关于中医执业的14个批复.txt,1048,VERBATIM_EXACT,True,False,VERIFIED_PASS
doc026#c002,doc026,卫生部关于中医执业的14个批复,卫生部关于中医执业的14个批复.txt,1096,VERBATIM_EXACT,True,False,VERIFIED_PASS
doc026#c003,doc026,卫生部关于中医执业的14个批复,卫生部关于中医执业的14个批复.txt,1060,VERBATIM_EXACT,True,False,VERIFIED_PASS
doc026#c004,doc026,卫生部关于中医执业的14个批复,卫生部关于中医执业的14个批复.txt,1154,VERBATIM_EXACT,True,False,VERIFIED_PASS
doc026#c005,doc026,卫生部关于中医执业的14个批复,卫生部关于中医执业的14个批复.txt,1067,VERBATIM_EXACT,True,False,VERIFIED_PASS
doc026#c006,doc026,卫生部关于中医执业的14个批复,卫生部关于中医执业的14个批复.txt,63,VERBATIM_EXACT,True,False,VERIFIED_PASS
doc027#c001,doc027,国务院关于加强食品等产品安全监督管理的特别规定,国务院关于加强食品等产品安全监督管理的特别规定.txt,80,VERBATIM_EXACT,True,False,VERIFIED_PASS
doc027#c002,doc027,国务院关于加强食品等产品安全监督管理的特别规定,国务院关于加强食品等产品安全监督管理的特别规定.txt,82,VERBATIM_EXACT,True,False,VERIFIED_PASS
doc027#c003,doc027,国务院关于加强食品等产品安全监督管理的特别规定,国务院关于加强食品等产品安全监督管理的特别规定.txt,90,VERBATIM_EXACT,True,False,VERIFIED_PASS
doc027#c004,doc027,国务院关于加强食品等产品安全监督管理的特别规定,国务院关于加强食品等产品安全监督管理的特别规定.txt,674,VERBATIM_EXACT,True,False,VERIFIED_PASS
doc027#c005,doc027,国务院关于加强食品等产品安全监督管理的特别规定,国务院关于加强食品等产品安全监督管理的特别规定.txt,239,VERBATIM_EXACT,True,False,VERIFIED_PASS
doc027#c006,doc027,国务院关于加强食品等产品安全监督管理的特别规定,国务院关于加强食品等产品安全监督管理的特别规定.txt,403,VERBATIM_EXACT,True,False,VERIFIED_PASS
doc027#c007,doc027,国务院关于加强食品等产品安全监督管理的特别规定,国务院关于加强食品等产品安全监督管理的特别规定.txt,225,VERBATIM_EXACT,True,False,VERIFIED_PASS
doc027#c008,doc027,国务院关于加强食品等产品安全监督管理的特别规定,国务院关于加强食品等产品安全监督管理的特别规定.txt,296,VERBATIM_EXACT,True,False,VERIFIED_PASS
doc027#c009,doc027,国务院关于加强食品等产品安全监督管理的特别规定,国务院关于加强食品等产品安全监督管理的特别规定.txt,327,VERBATIM_EXACT,True,False,VERIFIED_PASS
doc027#c010,doc027,国务院关于加强食品等产品安全监督管理的特别规定,国务院关于加强食品等产品安全监督管理的特别规定.txt,312,VERBATIM_EXACT,True,False,VERIFIED_PASS
doc027#c011,doc027,国务院关于加强食品等产品安全监督管理的特别规定,国务院关于加强食品等产品安全监督管理的特别规定.txt,318,VERBATIM_EXACT,True,False,VERIFIED_PASS
doc027#c012,doc027,国务院关于加强食品等产品安全监督管理的特别规定,国务院关于加强食品等产品安全监督管理的特别规定.txt,78,VERBATIM_EXACT,True,False,VERIFIED_PASS
doc027#c013,doc027,国务院关于加强食品等产品安全监督管理的特别规定,国务院关于加强食品等产品安全监督管理的特别规定.txt,259,VERBATIM_EXACT,True,False,VERIFIED_PASS
doc027#c014,doc027,国务院关于加强食品等产品安全监督管理的特别规定,国务院关于加强食品等产品安全监督管理的特别规定.txt,712,VERBATIM_EXACT,True,False,VERIFIED_PASS
doc027#c015,doc027,国务院关于加强食品等产品安全监督管理的特别规定,国务院关于加强食品等产品安全监督管理的特别规定.txt,164,VERBATIM_EXACT,True,False,VERIFIED_PASS
doc027#c016,doc027,国务院关于加强食品等产品安全监督管理的特别规定,国务院关于加强食品等产品安全监督管理的特别规定.txt,189,VERBATIM_EXACT,True,False,VERIFIED_PASS
doc027#c017,doc027,国务院关于加强食品等产品安全监督管理的特别规定,国务院关于加强食品等产品安全监督管理的特别规定.txt,87,VERBATIM_EXACT,True,False,VERIFIED_PASS
doc027#c018,doc027,国务院关于加强食品等产品安全监督管理的特别规定,国务院关于加强食品等产品安全监督管理的特别规定.txt,81,VERBATIM_EXACT,True,False,VERIFIED_PASS
doc027#c019,doc027,国务院关于加强食品等产品安全监督管理的特别规定,国务院关于加强食品等产品安全监督管理的特别规定.txt,114,VERBATIM_EXACT,True,False,VERIFIED_PASS
doc027#c020,doc027,国务院关于加强食品等产品安全监督管理的特别规定,国务院关于加强食品等产品安全监督管理的特别规定.txt,202,VERBATIM_EXACT,True,False,VERIFIED_PASS
doc027#c021,doc027,国务院关于加强食品等产品安全监督管理的特别规定,国务院关于加强食品等产品安全监督管理的特别规定.txt,17,VERBATIM_EXACT,True,False,VERIFIED_PASS
doc028#c001,doc028,残疾预防和残疾人康复条例,残疾预防和残疾人康复条例.txt,138,VERBATIM_EXACT,True,False,VERIFIED_PASS
doc028#c002,doc028,残疾预防和残疾人康复条例,残疾预防和残疾人康复条例.txt,6,VERBATIM_EXACT,True,False,VERIFIED_PASS
doc028#c003,doc028,残疾预防和残疾人康复条例,残疾预防和残疾人康复条例.txt,92,VERBATIM_EXACT,True,False,VERIFIED_PASS
doc028#c004,doc028,残疾预防和残疾人康复条例,残疾预防和残疾人康复条例.txt,166,VERBATIM_EXACT,True,False,VERIFIED_PASS
doc028#c005,doc028,残疾预防和残疾人康复条例,残疾预防和残疾人康复条例.txt,91,VERBATIM_EXACT,True,False,VERIFIED_PASS
doc028#c006,doc028,残疾预防和残疾人康复条例,残疾预防和残疾人康复条例.txt,253,VERBATIM_EXACT,True,False,VERIFIED_PASS
doc028#c007,doc028,残疾预防和残疾人康复条例,残疾预防和残疾人康复条例.txt,92,VERBATIM_EXACT,True,False,VERIFIED_PASS
doc028#c008,doc028,残疾预防和残疾人康复条例,残疾预防和残疾人康复条例.txt,81,VERBATIM_EXACT,True,False,VERIFIED_PASS
doc028#c009,doc028,残疾预防和残疾人康复条例,残疾预防和残疾人康复条例.txt,110,VERBATIM_EXACT,True,False,VERIFIED_PASS
doc028#c010,doc028,残疾预防和残疾人康复条例,残疾预防和残疾人康复条例.txt,77,VERBATIM_EXACT,True,False,VERIFIED_PASS
doc028#c011,doc028,残疾预防和残疾人康复条例,残疾预防和残疾人康复条例.txt,48,VERBATIM_EXACT,True,False,VERIFIED_PASS
doc028#c012,doc028,残疾预防和残疾人康复条例,残疾预防和残疾人康复条例.txt,8,VERBATIM_EXACT,True,False,VERIFIED_PASS
doc028#c013,doc028,残疾预防和残疾人康复条例,残疾预防和残疾人康复条例.txt,49,VERBATIM_EXACT,True,False,VERIFIED_PASS
doc028#c014,doc028,残疾预防和残疾人康复条例,残疾预防和残疾人康复条例.txt,176,VERBATIM_EXACT,True,False,VERIFIED_PASS
doc028#c015,doc028,残疾预防和残疾人康复条例,残疾预防和残疾人康复条例.txt,255,VERBATIM_EXACT,True,False,VERIFIED_PASS
doc028#c016,doc028,残疾预防和残疾人康复条例,残疾预防和残疾人康复条例.txt,56,VERBATIM_EXACT,True,False,VERIFIED_PASS
doc028#c017,doc028,残疾预防和残疾人康复条例,残疾预防和残疾人康复条例.txt,121,VERBATIM_EXACT,True,False,VERIFIED_PASS
doc028#c018,doc028,残疾预防和残疾人康复条例,残疾预防和残疾人康复条例.txt,75,VERBATIM_EXACT,True,False,VERIFIED_PASS
doc028#c019,doc028,残疾预防和残疾人康复条例,残疾预防和残疾人康复条例.txt,146,VERBATIM_EXACT,True,False,VERIFIED_PASS
doc028#c020,doc028,残疾预防和残疾人康复条例,残疾预防和残疾人康复条例.txt,8,VERBATIM_EXACT,True,False,VERIFIED_PASS
doc028#c021,doc028,残疾预防和残疾人康复条例,残疾预防和残疾人康复条例.txt,183,VERBATIM_EXACT,True,False,VERIFIED_PASS
doc028#c022,doc028,残疾预防和残疾人康复条例,残疾预防和残疾人康复条例.txt,185,VERBATIM_EXACT,True,False,VERIFIED_PASS
doc028#c023,doc028,残疾预防和残疾人康复条例,残疾预防和残疾人康复条例.txt,301,VERBATIM_EXACT,True,False,VERIFIED_PASS
doc028#c024,doc028,残疾预防和残疾人康复条例,残疾预防和残疾人康复条例.txt,199,VERBATIM_EXACT,True,False,VERIFIED_PASS
doc028#c025,doc028,残疾预防和残疾人康复条例,残疾预防和残疾人康复条例.txt,153,VERBATIM_EXACT,True,False,VERIFIED_PASS
doc028#c026,doc028,残疾预防和残疾人康复条例,残疾预防和残疾人康复条例.txt,92,VERBATIM_EXACT,True,False,VERIFIED_PASS
doc028#c027,doc028,残疾预防和残疾人康复条例,残疾预防和残疾人康复条例.txt,51,VERBATIM_EXACT,True,False,VERIFIED_PASS
doc028#c028,doc028,残疾预防和残疾人康复条例,残疾预防和残疾人康复条例.txt,101,VERBATIM_EXACT,True,False,VERIFIED_PASS
doc028#c029,doc028,残疾预防和残疾人康复条例,残疾预防和残疾人康复条例.txt,8,VERBATIM_EXACT,True,False,VERIFIED_PASS
doc028#c030,doc028,残疾预防和残疾人康复条例,残疾预防和残疾人康复条例.txt,143,VERBATIM_EXACT,True,False,VERIFIED_PASS
doc028#c031,doc028,残疾预防和残疾人康复条例,残疾预防和残疾人康复条例.txt,321,VERBATIM_EXACT,True,False,VERIFIED_PASS
doc028#c032,doc028,残疾预防和残疾人康复条例,残疾预防和残疾人康复条例.txt,124,VERBATIM_EXACT,True,False,VERIFIED_PASS
doc028#c033,doc028,残疾预防和残疾人康复条例,残疾预防和残疾人康复条例.txt,135,VERBATIM_EXACT,True,False,VERIFIED_PASS
doc028#c034,doc028,残疾预防和残疾人康复条例,残疾预防和残疾人康复条例.txt,86,VERBATIM_EXACT,True,False,VERIFIED_PASS
doc028#c035,doc028,残疾预防和残疾人康复条例,残疾预防和残疾人康复条例.txt,64,VERBATIM_EXACT,True,False,VERIFIED_PASS
doc028#c036,doc028,残疾预防和残疾人康复条例,残疾预防和残疾人康复条例.txt,109,VERBATIM_EXACT,True,False,VERIFIED_PASS
doc028#c037,doc028,残疾预防和残疾人康复条例,残疾预防和残疾人康复条例.txt,8,VERBATIM_EXACT,True,False,VERIFIED_PASS
doc028#c038,doc028,残疾预防和残疾人康复条例,残疾预防和残疾人康复条例.txt,140,VERBATIM_EXACT,True,False,VERIFIED_PASS
doc028#c039,doc028,残疾预防和残疾人康复条例,残疾预防和残疾人康复条例.txt,113,VERBATIM_EXACT,True,False,VERIFIED_PASS
doc028#c040,doc028,残疾预防和残疾人康复条例,残疾预防和残疾人康复条例.txt,157,VERBATIM_EXACT,True,False,VERIFIED_PASS
doc028#c041,doc028,残疾预防和残疾人康复条例,残疾预防和残疾人康复条例.txt,49,VERBATIM_EXACT,True,False,VERIFIED_PASS
doc028#c042,doc028,残疾预防和残疾人康复条例,残疾预防和残疾人康复条例.txt,6,VERBATIM_EXACT,True,False,VERIFIED_PASS
doc028#c043,doc028,残疾预防和残疾人康复条例,残疾预防和残疾人康复条例.txt,23,VERBATIM_EXACT,True,False,VERIFIED_PASS
doc029#c001,doc029,中华人民共和国人口与计划生育法,中华人民共和国人口与计划生育法.txt,213,VERBATIM_EXACT,True,False,VERIFIED_PASS
doc029#c002,doc029,中华人民共和国人口与计划生育法,中华人民共和国人口与计划生育法.txt,6,VERBATIM_EXACT,True,False,VERIFIED_PASS
doc029#c003,doc029,中华人民共和国人口与计划生育法,中华人民共和国人口与计划生育法.txt,72,VERBATIM_EXACT,True,False,VERIFIED_PASS
doc029#c004,doc029,中华人民共和国人口与计划生育法,中华人民共和国人口与计划生育法.txt,102,VERBATIM_EXACT,True,False,VERIFIED_PASS
doc029#c005,doc029,中华人民共和国人口与计划生育法,中华人民共和国人口与计划生育法.txt,49,VERBATIM_EXACT,True,False,VERIFIED_PASS
doc029#c006,doc029,中华人民共和国人口与计划生育法,中华人民共和国人口与计划生育法.txt,79,VERBATIM_EXACT,True,False,VERIFIED_PASS
doc029#c007,doc029,中华人民共和国人口与计划生育法,中华人民共和国人口与计划生育法.txt,50,VERBATIM_EXACT,True,False,VERIFIED_PASS
doc029#c008,doc029,中华人民共和国人口与计划生育法,中华人民共和国人口与计划生育法.txt,131,VERBATIM_EXACT,True,False,VERIFIED_PASS
doc029#c009,doc029,中华人民共和国人口与计划生育法,中华人民共和国人口与计划生育法.txt,62,VERBATIM_EXACT,True,False,VERIFIED_PASS
doc029#c010,doc029,中华人民共和国人口与计划生育法,中华人民共和国人口与计划生育法.txt,36,VERBATIM_EXACT,True,False,VERIFIED_PASS
doc029#c011,doc029,中华人民共和国人口与计划生育法,中华人民共和国人口与计划生育法.txt,16,VERBATIM_EXACT,True,False,VERIFIED_PASS
doc029#c012,doc029,中华人民共和国人口与计划生育法,中华人民共和国人口与计划生育法.txt,112,VERBATIM_EXACT,True,False,VERIFIED_PASS
doc029#c013,doc029,中华人民共和国人口与计划生育法,中华人民共和国人口与计划生育法.txt,138,VERBATIM_EXACT,True,False,VERIFIED_PASS
doc029#c014,doc029,中华人民共和国人口与计划生育法,中华人民共和国人口与计划生育法.txt,44,VERBATIM_EXACT,True,False,VERIFIED_PASS
doc029#c015,doc029,中华人民共和国人口与计划生育法,中华人民共和国人口与计划生育法.txt,62,VERBATIM_EXACT,True,False,VERIFIED_PASS
doc029#c016,doc029,中华人民共和国人口与计划生育法,中华人民共和国人口与计划生育法.txt,134,VERBATIM_EXACT,True,False,VERIFIED_PASS
doc029#c017,doc029,中华人民共和国人口与计划生育法,中华人民共和国人口与计划生育法.txt,48,VERBATIM_EXACT,True,False,VERIFIED_PASS
doc029#c018,doc029,中华人民共和国人口与计划生育法,中华人民共和国人口与计划生育法.txt,169,VERBATIM_EXACT,True,False,VERIFIED_PASS
doc029#c019,doc029,中华人民共和国人口与计划生育法,中华人民共和国人口与计划生育法.txt,34,VERBATIM_EXACT,True,False,VERIFIED_PASS
doc029#c020,doc029,中华人民共和国人口与计划生育法,中华人民共和国人口与计划生育法.txt,8,VERBATIM_EXACT,True,False,VERIFIED_PASS
doc029#c021,doc029,中华人民共和国人口与计划生育法,中华人民共和国人口与计划生育法.txt,48,VERBATIM_EXACT,True,False,VERIFIED_PASS
doc029#c022,doc029,中华人民共和国人口与计划生育法,中华人民共和国人口与计划生育法.txt,173,VERBATIM_EXACT,True,False,VERIFIED_PASS
doc029#c023,doc029,中华人民共和国人口与计划生育法,中华人民共和国人口与计划生育法.txt,70,VERBATIM_EXACT,True,False,VERIFIED_PASS
doc029#c024,doc029,中华人民共和国人口与计划生育法,中华人民共和国人口与计划生育法.txt,35,VERBATIM_EXACT,True,False,VERIFIED_PASS
doc029#c025,doc029,中华人民共和国人口与计划生育法,中华人民共和国人口与计划生育法.txt,76,VERBATIM_EXACT,True,False,VERIFIED_PASS
doc029#c026,doc029,中华人民共和国人口与计划生育法,中华人民共和国人口与计划生育法.txt,40,VERBATIM_EXACT,True,False,VERIFIED_PASS
doc029#c027,doc029,中华人民共和国人口与计划生育法,中华人民共和国人口与计划生育法.txt,11,VERBATIM_EXACT,True,False,VERIFIED_PASS
doc029#c028,doc029,中华人民共和国人口与计划生育法,中华人民共和国人口与计划生育法.txt,28,VERBATIM_EXACT,True,False,VERIFIED_PASS
doc029#c029,doc029,中华人民共和国人口与计划生育法,中华人民共和国人口与计划生育法.txt,116,VERBATIM_EXACT,True,False,VERIFIED_PASS
doc029#c030,doc029,中华人民共和国人口与计划生育法,中华人民共和国人口与计划生育法.txt,44,VERBATIM_EXACT,True,False,VERIFIED_PASS
doc029#c031,doc029,中华人民共和国人口与计划生育法,中华人民共和国人口与计划生育法.txt,81,VERBATIM_EXACT,True,False,VERIFIED_PASS
doc029#c032,doc029,中华人民共和国人口与计划生育法,中华人民共和国人口与计划生育法.txt,252,VERBATIM_EXACT,True,False,VERIFIED_PASS
doc029#c033,doc029,中华人民共和国人口与计划生育法,中华人民共和国人口与计划生育法.txt,94,VERBATIM_EXACT,True,False,VERIFIED_PASS
doc029#c034,doc029,中华人民共和国人口与计划生育法,中华人民共和国人口与计划生育法.txt,88,VERBATIM_EXACT,True,False,VERIFIED_PASS
doc029#c035,doc029,中华人民共和国人口与计划生育法,中华人民共和国人口与计划生育法.txt,12,VERBATIM_EXACT,True,False,VERIFIED_PASS
doc029#c036,doc029,中华人民共和国人口与计划生育法,中华人民共和国人口与计划生育法.txt,44,VERBATIM_EXACT,True,False,VERIFIED_PASS
doc029#c037,doc029,中华人民共和国人口与计划生育法,中华人民共和国人口与计划生育法.txt,46,VERBATIM_EXACT,True,False,VERIFIED_PASS
doc029#c038,doc029,中华人民共和国人口与计划生育法,中华人民共和国人口与计划生育法.txt,100,VERBATIM_EXACT,True,False,VERIFIED_PASS
doc029#c039,doc029,中华人民共和国人口与计划生育法,中华人民共和国人口与计划生育法.txt,115,VERBATIM_EXACT,True,False,VERIFIED_PASS
doc029#c040,doc029,中华人民共和国人口与计划生育法,中华人民共和国人口与计划生育法.txt,93,VERBATIM_EXACT,True,False,VERIFIED_PASS
doc029#c041,doc029,中华人民共和国人口与计划生育法,中华人民共和国人口与计划生育法.txt,56,VERBATIM_EXACT,True,False,VERIFIED_PASS
doc029#c042,doc029,中华人民共和国人口与计划生育法,中华人民共和国人口与计划生育法.txt,8,VERBATIM_EXACT,True,False,VERIFIED_PASS
doc029#c043,doc029,中华人民共和国人口与计划生育法,中华人民共和国人口与计划生育法.txt,247,VERBATIM_EXACT,True,False,VERIFIED_PASS
doc029#c044,doc029,中华人民共和国人口与计划生育法,中华人民共和国人口与计划生育法.txt,190,VERBATIM_EXACT,True,False,VERIFIED_PASS
doc029#c045,doc029,中华人民共和国人口与计划生育法,中华人民共和国人口与计划生育法.txt,62,VERBATIM_EXACT,True,False,VERIFIED_PASS
doc029#c046,doc029,中华人民共和国人口与计划生育法,中华人民共和国人口与计划生育法.txt,196,VERBATIM_EXACT,True,False,VERIFIED_PASS
doc029#c047,doc029,中华人民共和国人口与计划生育法,中华人民共和国人口与计划生育法.txt,77,VERBATIM_EXACT,True,False,VERIFIED_PASS
doc029#c048,doc029,中华人民共和国人口与计划生育法,中华人民共和国人口与计划生育法.txt,119,VERBATIM_EXACT,True,False,VERIFIED_PASS
doc029#c049,doc029,中华人民共和国人口与计划生育法,中华人民共和国人口与计划生育法.txt,73,VERBATIM_EXACT,True,False,VERIFIED_PASS
doc029#c050,doc029,中华人民共和国人口与计划生育法,中华人民共和国人口与计划生育法.txt,92,VERBATIM_EXACT,True,False,VERIFIED_PASS
doc029#c051,doc029,中华人民共和国人口与计划生育法,中华人民共和国人口与计划生育法.txt,62,VERBATIM_EXACT,True,False,VERIFIED_PASS
doc029#c052,doc029,中华人民共和国人口与计划生育法,中华人民共和国人口与计划生育法.txt,6,VERBATIM_EXACT,True,False,VERIFIED_PASS
doc029#c053,doc029,中华人民共和国人口与计划生育法,中华人民共和国人口与计划生育法.txt,60,VERBATIM_EXACT,True,False,VERIFIED_PASS
doc029#c054,doc029,中华人民共和国人口与计划生育法,中华人民共和国人口与计划生育法.txt,38,VERBATIM_EXACT,True,False,VERIFIED_PASS
doc029#c055,doc029,中华人民共和国人口与计划生育法,中华人民共和国人口与计划生育法.txt,22,VERBATIM_EXACT,True,False,VERIFIED_PASS
doc030#c001,doc030,流动人口计划生育工作条例,流动人口计划生育工作条例.txt,80,VERBATIM_EXACT,True,False,VERIFIED_PASS
doc030#c002,doc030,流动人口计划生育工作条例,流动人口计划生育工作条例.txt,74,VERBATIM_EXACT,True,False,VERIFIED_PASS
doc030#c003,doc030,流动人口计划生育工作条例,流动人口计划生育工作条例.txt,141,VERBATIM_EXACT,True,False,VERIFIED_PASS
doc030#c004,doc030,流动人口计划生育工作条例,流动人口计划生育工作条例.txt,147,VERBATIM_EXACT,True,False,VERIFIED_PASS
doc030#c005,doc030,流动人口计划生育工作条例,流动人口计划生育工作条例.txt,65,VERBATIM_EXACT,True,False,VERIFIED_PASS
doc030#c006,doc030,流动人口计划生育工作条例,流动人口计划生育工作条例.txt,345,VERBATIM_EXACT,True,False,VERIFIED_PASS
doc030#c007,doc030,流动人口计划生育工作条例,流动人口计划生育工作条例.txt,242,VERBATIM_EXACT,True,False,VERIFIED_PASS
doc030#c008,doc030,流动人口计划生育工作条例,流动人口计划生育工作条例.txt,184,VERBATIM_EXACT,True,False,VERIFIED_PASS
doc030#c009,doc030,流动人口计划生育工作条例,流动人口计划生育工作条例.txt,272,VERBATIM_EXACT,True,False,VERIFIED_PASS
doc030#c010,doc030,流动人口计划生育工作条例,流动人口计划生育工作条例.txt,188,VERBATIM_EXACT,True,False,VERIFIED_PASS
doc030#c011,doc030,流动人口计划生育工作条例,流动人口计划生育工作条例.txt,231,VERBATIM_EXACT,True,False,VERIFIED_PASS
doc030#c012,doc030,流动人口计划生育工作条例,流动人口计划生育工作条例.txt,140,VERBATIM_EXACT,True,False,VERIFIED_PASS
doc030#c013,doc030,流动人口计划生育工作条例,流动人口计划生育工作条例.txt,50,VERBATIM_EXACT,True,False,VERIFIED_PASS
doc030#c014,doc030,流动人口计划生育工作条例,流动人口计划生育工作条例.txt,222,VERBATIM_EXACT,True,False,VERIFIED_PASS
doc030#c015,doc030,流动人口计划生育工作条例,流动人口计划生育工作条例.txt,166,VERBATIM_EXACT,True,False,VERIFIED_PASS
doc030#c016,doc030,流动人口计划生育工作条例,流动人口计划生育工作条例.txt,104,VERBATIM_EXACT,True,False,VERIFIED_PASS
doc030#c017,doc030,流动人口计划生育工作条例,流动人口计划生育工作条例.txt,427,VERBATIM_EXACT,True,False,VERIFIED_PASS
doc030#c018,doc030,流动人口计划生育工作条例,流动人口计划生育工作条例.txt,62,VERBATIM_EXACT,True,False,VERIFIED_PASS
doc030#c019,doc030,流动人口计划生育工作条例,流动人口计划生育工作条例.txt,70,VERBATIM_EXACT,True,False,VERIFIED_PASS
doc030#c020,doc030,流动人口计划生育工作条例,流动人口计划生育工作条例.txt,119,VERBATIM_EXACT,True,False,VERIFIED_PASS
doc030#c021,doc030,流动人口计划生育工作条例,流动人口计划生育工作条例.txt,320,VERBATIM_EXACT,True,False,VERIFIED_PASS
doc030#c022,doc030,流动人口计划生育工作条例,流动人口计划生育工作条例.txt,340,VERBATIM_EXACT,True,False,VERIFIED_PASS
doc030#c023,doc030,流动人口计划生育工作条例,流动人口计划生育工作条例.txt,93,VERBATIM_EXACT,True,False,VERIFIED_PASS
doc030#c024,doc030,流动人口计划生育工作条例,流动人口计划生育工作条例.txt,109,VERBATIM_EXACT,True,False,VERIFIED_PASS
doc030#c025,doc030,流动人口计划生育工作条例,流动人口计划生育工作条例.txt,139,VERBATIM_EXACT,True,False,VERIFIED_PASS
doc030#c026,doc030,流动人口计划生育工作条例,流动人口计划生育工作条例.txt,83,VERBATIM_EXACT,True,False,VERIFIED_PASS
doc031#c001,doc031,护士条例,护士条例.txt,140,VERBATIM_EXACT,True,False,VERIFIED_PASS
doc031#c002,doc031,护士条例,护士条例.txt,6,VERBATIM_EXACT,True,False,VERIFIED_PASS
doc031#c003,doc031,护士条例,护士条例.txt,50,VERBATIM_EXACT,True,False,VERIFIED_PASS
doc031#c004,doc031,护士条例,护士条例.txt,68,VERBATIM_EXACT,True,False,VERIFIED_PASS
doc031#c005,doc031,护士条例,护士条例.txt,45,VERBATIM_EXACT,True,False,VERIFIED_PASS
doc031#c006,doc031,护士条例,护士条例.txt,126,VERBATIM_EXACT,True,False,VERIFIED_PASS
doc031#c007,doc031,护士条例,护士条例.txt,60,VERBATIM_EXACT,True,False,VERIFIED_PASS
doc031#c008,doc031,护士条例,护士条例.txt,183,VERBATIM_EXACT,True,False,VERIFIED_PASS
doc031#c009,doc031,护士条例,护士条例.txt,8,VERBATIM_EXACT,True,False,VERIFIED_PASS
doc031#c010,doc031,护士条例,护士条例.txt,350,VERBATIM_EXACT,True,False,VERIFIED_PASS
doc031#c011,doc031,护士条例,护士条例.txt,150,VERBATIM_EXACT,True,False,VERIFIED_PASS
doc031#c012,doc031,护士条例,护士条例.txt,138,VERBATIM_EXACT,True,False,VERIFIED_PASS
doc031#c013,doc031,护士条例,护士条例.txt,194,VERBATIM_EXACT,True,False,VERIFIED_PASS
doc031#c014,doc031,护士条例,护士条例.txt,161,VERBATIM_EXACT,True,False,VERIFIED_PASS
doc031#c015,doc031,护士条例,护士条例.txt,10,VERBATIM_EXACT,True,False,VERIFIED_PASS
doc031#c016,doc031,护士条例,护士条例.txt,74,VERBATIM_EXACT,True,False,VERIFIED_PASS
doc031#c017,doc031,护士条例,护士条例.txt,125,VERBATIM_EXACT,True,False,VERIFIED_PASS
doc031#c018,doc031,护士条例,护士条例.txt,81,VERBATIM_EXACT,True,False,VERIFIED_PASS
doc031#c019,doc031,护士条例,护士条例.txt,67,VERBATIM_EXACT,True,False,VERIFIED_PASS
doc031#c020,doc031,护士条例,护士条例.txt,33,VERBATIM_EXACT,True,False,VERIFIED_PASS
doc031#c021,doc031,护士条例,护士条例.txt,146,VERBATIM_EXACT,True,False,VERIFIED_PASS
doc031#c022,doc031,护士条例,护士条例.txt,28,VERBATIM_EXACT,True,False,VERIFIED_PASS
doc031#c023,doc031,护士条例,护士条例.txt,97,VERBATIM_EXACT,True,False,VERIFIED_PASS
doc031#c024,doc031,护士条例,护士条例.txt,13,VERBATIM_EXACT,True,False,VERIFIED_PASS
doc031#c025,doc031,护士条例,护士条例.txt,41,VERBATIM_EXACT,True,False,VERIFIED_PASS
doc031#c026,doc031,护士条例,护士条例.txt,148,VERBATIM_EXACT,True,False,VERIFIED_PASS
doc031#c027,doc031,护士条例,护士条例.txt,46,VERBATIM_EXACT,True,False,VERIFIED_PASS
doc031#c028,doc031,护士条例,护士条例.txt,138,VERBATIM_EXACT,True,False,VERIFIED_PASS
doc031#c029,doc031,护士条例,护士条例.txt,95,VERBATIM_EXACT,True,False,VERIFIED_PASS
doc031#c030,doc031,护士条例,护士条例.txt,55,VERBATIM_EXACT,True,False,VERIFIED_PASS
doc031#c031,doc031,护士条例,护士条例.txt,107,VERBATIM_EXACT,True,False,VERIFIED_PASS
doc031#c032,doc031,护士条例,护士条例.txt,8,VERBATIM_EXACT,True,False,VERIFIED_PASS
doc031#c033,doc031,护士条例,护士条例.txt,86,VERBATIM_EXACT,True,False,VERIFIED_PASS
doc031#c034,doc031,护士条例,护士条例.txt,296,VERBATIM_EXACT,True,False,VERIFIED_PASS
doc031#c035,doc031,护士条例,护士条例.txt,256,VERBATIM_EXACT,True,False,VERIFIED_PASS
doc031#c036,doc031,护士条例,护士条例.txt,111,VERBATIM_EXACT,True,False,VERIFIED_PASS
doc031#c037,doc031,护士条例,护士条例.txt,265,VERBATIM_EXACT,True,False,VERIFIED_PASS
doc031#c038,doc031,护士条例,护士条例.txt,40,VERBATIM_EXACT,True,False,VERIFIED_PASS
doc031#c039,doc031,护士条例,护士条例.txt,91,VERBATIM_EXACT,True,False,VERIFIED_PASS
doc031#c040,doc031,护士条例,护士条例.txt,6,VERBATIM_EXACT,True,False,VERIFIED_PASS
doc031#c041,doc031,护士条例,护士条例.txt,156,VERBATIM_EXACT,True,False,VERIFIED_PASS
doc031#c042,doc031,护士条例,护士条例.txt,24,VERBATIM_EXACT,True,False,VERIFIED_PASS
doc032#c001,doc032,人体器官移植条例,人体器官移植条例.txt,137,VERBATIM_EXACT,True,False,VERIFIED_PASS
doc032#c002,doc032,人体器官移植条例,人体器官移植条例.txt,6,VERBATIM_EXACT,True,False,VERIFIED_PASS
doc032#c003,doc032,人体器官移植条例,人体器官移植条例.txt,45,VERBATIM_EXACT,True,False,VERIFIED_PASS
doc032#c004,doc032,人体器官移植条例,人体器官移植条例.txt,134,VERBATIM_EXACT,True,False,VERIFIED_PASS
doc032#c005,doc032,人体器官移植条例,人体器官移植条例.txt,43,VERBATIM_EXACT,True,False,VERIFIED_PASS
doc032#c006,doc032,人体器官移植条例,人体器官移植条例.txt,92,VERBATIM_EXACT,True,False,VERIFIED_PASS
doc032#c007,doc032,人体器官移植条例,人体器官移植条例.txt,144,VERBATIM_EXACT,True,False,VERIFIED_PASS
doc032#c008,doc032,人体器官移植条例,人体器官移植条例.txt,64,VERBATIM_EXACT,True,False,VERIFIED_PASS
doc032#c009,doc032,人体器官移植条例,人体器官移植条例.txt,11,VERBATIM_EXACT,True,False,VERIFIED_PASS
doc032#c010,doc032,人体器官移植条例,人体器官移植条例.txt,72,VERBATIM_EXACT,True,False,VERIFIED_PASS
doc032#c011,doc032,人体器官移植条例,人体器官移植条例.txt,177,VERBATIM_EXACT,True,False,VERIFIED_PASS
doc032#c012,doc032,人体器官移植条例,人体器官移植条例.txt,34,VERBATIM_EXACT,True,False,VERIFIED_PASS
doc032#c013,doc032,人体器官移植条例,人体器官移植条例.txt,71,VERBATIM_EXACT,True,False,VERIFIED_PASS
doc032#c014,doc032,人体器官移植条例,人体器官移植条例.txt,11,VERBATIM_EXACT,True,False,VERIFIED_PASS
doc032#c015,doc032,人体器官移植条例,人体器官移植条例.txt,248,VERBATIM_EXACT,True,False,VERIFIED_PASS
doc032#c016,doc032,人体器官移植条例,人体器官移植条例.txt,140,VERBATIM_EXACT,True,False,VERIFIED_PASS
doc032#c017,doc032,人体器官移植条例,人体器官移植条例.txt,111,VERBATIM_EXACT,True,False,VERIFIED_PASS
doc032#c018,doc032,人体器官移植条例,人体器官移植条例.txt,139,VERBATIM_EXACT,True,False,VERIFIED_PASS
doc032#c019,doc032,人体器官移植条例,人体器官移植条例.txt,46,VERBATIM_EXACT,True,False,VERIFIED_PASS
doc032#c020,doc032,人体器官移植条例,人体器官移植条例.txt,77,VERBATIM_EXACT,True,False,VERIFIED_PASS
doc032#c021,doc032,人体器官移植条例,人体器官移植条例.txt,140,VERBATIM_EXACT,True,False,VERIFIED_PASS
doc032#c022,doc032,人体器官移植条例,人体器官移植条例.txt,197,VERBATIM_EXACT,True,False,VERIFIED_PASS
doc032#c023,doc032,人体器官移植条例,人体器官移植条例.txt,237,VERBATIM_EXACT,True,False,VERIFIED_PASS
doc032#c024,doc032,人体器官移植条例,人体器官移植条例.txt,135,VERBATIM_EXACT,True,False,VERIFIED_PASS
doc032#c025,doc032,人体器官移植条例,人体器官移植条例.txt,164,VERBATIM_EXACT,True,False,VERIFIED_PASS
doc032#c026,doc032,人体器官移植条例,人体器官移植条例.txt,119,VERBATIM_EXACT,True,False,VERIFIED_PASS
doc032#c027,doc032,人体器官移植条例,人体器官移植条例.txt,78,VERBATIM_EXACT,True,False,VERIFIED_PASS
doc032#c028,doc032,人体器官移植条例,人体器官移植条例.txt,8,VERBATIM_EXACT,True,False,VERIFIED_PASS
doc032#c029,doc032,人体器官移植条例,人体器官移植条例.txt,109,VERBATIM_EXACT,True,False,VERIFIED_PASS
doc032#c030,doc032,人体器官移植条例,人体器官移植条例.txt,264,VERBATIM_EXACT,True,False,VERIFIED_PASS
doc032#c031,doc032,人体器官移植条例,人体器官移植条例.txt,303,VERBATIM_EXACT,True,False,VERIFIED_PASS
doc032#c032,doc032,人体器官移植条例,人体器官移植条例.txt,205,VERBATIM_EXACT,True,False,VERIFIED_PASS
doc032#c033,doc032,人体器官移植条例,人体器官移植条例.txt,338,VERBATIM_EXACT,True,False,VERIFIED_PASS
doc032#c034,doc032,人体器官移植条例,人体器官移植条例.txt,94,VERBATIM_EXACT,True,False,VERIFIED_PASS
doc032#c035,doc032,人体器官移植条例,人体器官移植条例.txt,73,VERBATIM_EXACT,True,False,VERIFIED_PASS
doc032#c036,doc032,人体器官移植条例,人体器官移植条例.txt,6,VERBATIM_EXACT,True,False,VERIFIED_PASS
doc032#c037,doc032,人体器官移植条例,人体器官移植条例.txt,23,VERBATIM_EXACT,True,False,VERIFIED_PASS
doc033#c001,doc033,医疗机构管理条例,医疗机构管理条例.txt,144,VERBATIM_EXACT,True,False,VERIFIED_PASS
doc033#c002,doc033,医疗机构管理条例,医疗机构管理条例.txt,6,VERBATIM_EXACT,True,False,VERIFIED_PASS
doc033#c003,doc033,医疗机构管理条例,医疗机构管理条例.txt,42,VERBATIM_EXACT,True,False,VERIFIED_PASS
doc033#c004,doc033,医疗机构管理条例,医疗机构管理条例.txt,57,VERBATIM_EXACT,True,False,VERIFIED_PASS
doc033#c005,doc033,医疗机构管理条例,医疗机构管理条例.txt,31,VERBATIM_EXACT,True,False,VERIFIED_PASS
doc033#c006,doc033,医疗机构管理条例,医疗机构管理条例.txt,29,VERBATIM_EXACT,True,False,VERIFIED_PASS
doc033#c007,doc033,医疗机构管理条例,医疗机构管理条例.txt,108,VERBATIM_EXACT,True,False,VERIFIED_PASS
doc033#c008,doc033,医疗机构管理条例,医疗机构管理条例.txt,13,VERBATIM_EXACT,True,False,VERIFIED_PASS
doc033#c009,doc033,医疗机构管理条例,医疗机构管理条例.txt,111,VERBATIM_EXACT,True,False,VERIFIED_PASS
doc033#c010,doc033,医疗机构管理条例,医疗机构管理条例.txt,50,VERBATIM_EXACT,True,False,VERIFIED_PASS
doc033#c011,doc033,医疗机构管理条例,医疗机构管理条例.txt,54,VERBATIM_EXACT,True,False,VERIFIED_PASS
doc033#c012,doc033,医疗机构管理条例,医疗机构管理条例.txt,54,VERBATIM_EXACT,True,False,VERIFIED_PASS
doc033#c013,doc033,医疗机构管理条例,医疗机构管理条例.txt,63,VERBATIM_EXACT,True,False,VERIFIED_PASS
doc033#c014,doc033,医疗机构管理条例,医疗机构管理条例.txt,120,VERBATIM_EXACT,True,False,VERIFIED_PASS
doc033#c015,doc033,医疗机构管理条例,医疗机构管理条例.txt,71,VERBATIM_EXACT,True,False,VERIFIED_PASS
doc033#c016,doc033,医疗机构管理条例,医疗机构管理条例.txt,33,VERBATIM_EXACT,True,False,VERIFIED_PASS
doc033#c017,doc033,医疗机构管理条例,医疗机构管理条例.txt,71,VERBATIM_EXACT,True,False,VERIFIED_PASS
doc033#c018,doc033,医疗机构管理条例,医疗机构管理条例.txt,6,VERBATIM_EXACT,True,False,VERIFIED_PASS
doc033#c019,doc033,医疗机构管理条例,医疗机构管理条例.txt,33,VERBATIM_EXACT,True,False,VERIFIED_PASS
doc033#c020,doc033,医疗机构管理条例,医疗机构管理条例.txt,137,VERBATIM_EXACT,True,False,VERIFIED_PASS
doc033#c021,doc033,医疗机构管理条例,医疗机构管理条例.txt,148,VERBATIM_EXACT,True,False,VERIFIED_PASS
doc033#c022,doc033,医疗机构管理条例,医疗机构管理条例.txt,66,VERBATIM_EXACT,True,False,VERIFIED_PASS
doc033#c023,doc033,医疗机构管理条例,医疗机构管理条例.txt,105,VERBATIM_EXACT,True,False,VERIFIED_PASS
doc033#c024,doc033,医疗机构管理条例,医疗机构管理条例.txt,46,VERBATIM_EXACT,True,False,VERIFIED_PASS
doc033#c025,doc033,医疗机构管理条例,医疗机构管理条例.txt,81,VERBATIM_EXACT,True,False,VERIFIED_PASS
doc033#c026,doc033,医疗机构管理条例,医疗机构管理条例.txt,85,VERBATIM_EXACT,True,False,VERIFIED_PASS
doc033#c027,doc033,医疗机构管理条例,医疗机构管理条例.txt,69,VERBATIM_EXACT,True,False,VERIFIED_PASS
doc033#c028,doc033,医疗机构管理条例,医疗机构管理条例.txt,6,VERBATIM_EXACT,True,False,VERIFIED_PASS
doc033#c029,doc033,医疗机构管理条例,医疗机构管理条例.txt,39,VERBATIM_EXACT,True,False,VERIFIED_PASS
doc033#c030,doc033,医疗机构管理条例,医疗机构管理条例.txt,32,VERBATIM_EXACT,True,False,VERIFIED_PASS
doc033#c031,doc033,医疗机构管理条例,医疗机构管理条例.txt,47,VERBATIM_EXACT,True,False,VERIFIED_PASS
doc033#c032,doc033,医疗机构管理条例,医疗机构管理条例.txt,30,VERBATIM_EXACT,True,False,VERIFIED_PASS
doc033#c033,doc033,医疗机构管理条例,医疗机构管理条例.txt,32,VERBATIM_EXACT,True,False,VERIFIED_PASS
doc033#c034,doc033,医疗机构管理条例,医疗机构管理条例.txt,25,VERBATIM_EXACT,True,False,VERIFIED_PASS
doc033#c035,doc033,医疗机构管理条例,医疗机构管理条例.txt,39,VERBATIM_EXACT,True,False,VERIFIED_PASS
doc033#c036,doc033,医疗机构管理条例,医疗机构管理条例.txt,48,VERBATIM_EXACT,True,False,VERIFIED_PASS
doc033#c037,doc033,医疗机构管理条例,医疗机构管理条例.txt,90,VERBATIM_EXACT,True,False,VERIFIED_PASS
doc033#c038,doc033,医疗机构管理条例,医疗机构管理条例.txt,155,VERBATIM_EXACT,True,False,VERIFIED_PASS
doc033#c039,doc033,医疗机构管理条例,医疗机构管理条例.txt,28,VERBATIM_EXACT,True,False,VERIFIED_PASS
doc033#c040,doc033,医疗机构管理条例,医疗机构管理条例.txt,53,VERBATIM_EXACT,True,False,VERIFIED_PASS
doc033#c041,doc033,医疗机构管理条例,医疗机构管理条例.txt,34,VERBATIM_EXACT,True,False,VERIFIED_PASS
doc033#c042,doc033,医疗机构管理条例,医疗机构管理条例.txt,47,VERBATIM_EXACT,True,False,VERIFIED_PASS
doc033#c043,doc033,医疗机构管理条例,医疗机构管理条例.txt,62,VERBATIM_EXACT,True,False,VERIFIED_PASS
doc033#c044,doc033,医疗机构管理条例,医疗机构管理条例.txt,63,VERBATIM_EXACT,True,False,VERIFIED_PASS
doc033#c045,doc033,医疗机构管理条例,医疗机构管理条例.txt,8,VERBATIM_EXACT,True,False,VERIFIED_PASS
doc033#c046,doc033,医疗机构管理条例,医疗机构管理条例.txt,110,VERBATIM_EXACT,True,False,VERIFIED_PASS
doc033#c047,doc033,医疗机构管理条例,医疗机构管理条例.txt,98,VERBATIM_EXACT,True,False,VERIFIED_PASS
doc033#c048,doc033,医疗机构管理条例,医疗机构管理条例.txt,108,VERBATIM_EXACT,True,False,VERIFIED_PASS
doc033#c049,doc033,医疗机构管理条例,医疗机构管理条例.txt,78,VERBATIM_EXACT,True,False,VERIFIED_PASS
doc033#c050,doc033,医疗机构管理条例,医疗机构管理条例.txt,6,VERBATIM_EXACT,True,False,VERIFIED_PASS
doc033#c051,doc033,医疗机构管理条例,医疗机构管理条例.txt,95,VERBATIM_EXACT,True,False,VERIFIED_PASS
doc033#c052,doc033,医疗机构管理条例,医疗机构管理条例.txt,92,VERBATIM_EXACT,True,False,VERIFIED_PASS
doc033#c053,doc033,医疗机构管理条例,医疗机构管理条例.txt,99,VERBATIM_EXACT,True,False,VERIFIED_PASS
doc033#c054,doc033,医疗机构管理条例,医疗机构管理条例.txt,98,VERBATIM_EXACT,True,False,VERIFIED_PASS
doc033#c055,doc033,医疗机构管理条例,医疗机构管理条例.txt,100,VERBATIM_EXACT,True,False,VERIFIED_PASS
doc033#c056,doc033,医疗机构管理条例,医疗机构管理条例.txt,98,VERBATIM_EXACT,True,False,VERIFIED_PASS
doc033#c057,doc033,医疗机构管理条例,医疗机构管理条例.txt,20,VERBATIM_EXACT,True,False,VERIFIED_PASS
doc033#c058,doc033,医疗机构管理条例,医疗机构管理条例.txt,118,VERBATIM_EXACT,True,False,VERIFIED_PASS
doc033#c059,doc033,医疗机构管理条例,医疗机构管理条例.txt,6,VERBATIM_EXACT,True,False,VERIFIED_PASS
doc033#c060,doc033,医疗机构管理条例,医疗机构管理条例.txt,69,VERBATIM_EXACT,True,False,VERIFIED_PASS
doc033#c061,doc033,医疗机构管理条例,医疗机构管理条例.txt,66,VERBATIM_EXACT,True,False,VERIFIED_PASS
doc033#c062,doc033,医疗机构管理条例,医疗机构管理条例.txt,24,VERBATIM_EXACT,True,False,VERIFIED_PASS
doc033#c063,doc033,医疗机构管理条例,医疗机构管理条例.txt,53,VERBATIM_EXACT,True,False,VERIFIED_PASS
doc034#c001,doc034,医疗器械监督管理条例,医疗器械监督管理条例.txt,145,VERBATIM_EXACT,True,True,METADATA_CONTAMINATED
doc034#c002,doc034,医疗器械监督管理条例,医疗器械监督管理条例.txt,7,VERBATIM_EXACT,True,True,METADATA_CONTAMINATED
doc034#c003,doc034,医疗器械监督管理条例,医疗器械监督管理条例.txt,7,VERBATIM_EXACT,True,True,METADATA_CONTAMINATED
doc034#c004,doc034,医疗器械监督管理条例,医疗器械监督管理条例.txt,7,VERBATIM_EXACT,True,True,METADATA_CONTAMINATED
doc034#c005,doc034,医疗器械监督管理条例,医疗器械监督管理条例.txt,9,VERBATIM_EXACT,True,True,METADATA_CONTAMINATED
doc034#c006,doc034,医疗器械监督管理条例,医疗器械监督管理条例.txt,9,VERBATIM_EXACT,True,True,METADATA_CONTAMINATED
doc034#c007,doc034,医疗器械监督管理条例,医疗器械监督管理条例.txt,8,VERBATIM_EXACT,True,True,METADATA_CONTAMINATED
doc034#c008,doc034,医疗器械监督管理条例,医疗器械监督管理条例.txt,7,VERBATIM_EXACT,True,True,METADATA_CONTAMINATED
doc034#c009,doc034,医疗器械监督管理条例,医疗器械监督管理条例.txt,7,VERBATIM_EXACT,True,True,METADATA_CONTAMINATED
doc034#c010,doc034,医疗器械监督管理条例,医疗器械监督管理条例.txt,62,VERBATIM_EXACT,True,True,METADATA_CONTAMINATED
doc034#c011,doc034,医疗器械监督管理条例,医疗器械监督管理条例.txt,44,VERBATIM_EXACT,True,True,METADATA_CONTAMINATED
doc034#c012,doc034,医疗器械监督管理条例,医疗器械监督管理条例.txt,145,VERBATIM_EXACT,True,True,METADATA_CONTAMINATED
doc034#c013,doc034,医疗器械监督管理条例,医疗器械监督管理条例.txt,130,VERBATIM_EXACT,True,True,METADATA_CONTAMINATED
doc034#c014,doc034,医疗器械监督管理条例,医疗器械监督管理条例.txt,46,VERBATIM_EXACT,True,True,METADATA_CONTAMINATED
doc034#c015,doc034,医疗器械监督管理条例,医疗器械监督管理条例.txt,48,VERBATIM_EXACT,True,True,METADATA_CONTAMINATED
doc034#c016,doc034,医疗器械监督管理条例,医疗器械监督管理条例.txt,7,VERBATIM_EXACT,True,True,METADATA_CONTAMINATED
doc034#c017,doc034,医疗器械监督管理条例,医疗器械监督管理条例.txt,115,VERBATIM_EXACT,True,True,METADATA_CONTAMINATED
doc034#c018,doc034,医疗器械监督管理条例,医疗器械监督管理条例.txt,171,VERBATIM_EXACT,True,True,METADATA_CONTAMINATED
doc034#c019,doc034,医疗器械监督管理条例,医疗器械监督管理条例.txt,51,VERBATIM_EXACT,True,True,METADATA_CONTAMINATED
doc034#c020,doc034,医疗器械监督管理条例,医疗器械监督管理条例.txt,51,VERBATIM_EXACT,True,True,METADATA_CONTAMINATED
doc034#c021,doc034,医疗器械监督管理条例,医疗器械监督管理条例.txt,7,VERBATIM_EXACT,True,True,METADATA_CONTAMINATED
doc034#c022,doc034,医疗器械监督管理条例,医疗器械监督管理条例.txt,357,VERBATIM_EXACT,True,True,METADATA_CONTAMINATED
doc034#c023,doc034,医疗器械监督管理条例,医疗器械监督管理条例.txt,74,VERBATIM_EXACT,True,True,METADATA_CONTAMINATED
doc034#c024,doc034,医疗器械监督管理条例,医疗器械监督管理条例.txt,39,VERBATIM_EXACT,True,True,METADATA_CONTAMINATED
doc034#c025,doc034,医疗器械监督管理条例,医疗器械监督管理条例.txt,9,VERBATIM_EXACT,True,True,METADATA_CONTAMINATED
doc034#c026,doc034,医疗器械监督管理条例,医疗器械监督管理条例.txt,164,VERBATIM_EXACT,True,True,METADATA_CONTAMINATED
doc034#c027,doc034,医疗器械监督管理条例,医疗器械监督管理条例.txt,48,VERBATIM_EXACT,True,True,METADATA_CONTAMINATED
doc034#c028,doc034,医疗器械监督管理条例,医疗器械监督管理条例.txt,58,VERBATIM_EXACT,True,True,METADATA_CONTAMINATED
doc034#c029,doc034,医疗器械监督管理条例,医疗器械监督管理条例.txt,9,VERBATIM_EXACT,True,True,METADATA_CONTAMINATED
doc034#c030,doc034,医疗器械监督管理条例,医疗器械监督管理条例.txt,88,VERBATIM_EXACT,True,True,METADATA_CONTAMINATED
doc034#c031,doc034,医疗器械监督管理条例,医疗器械监督管理条例.txt,31,VERBATIM_EXACT,True,True,METADATA_CONTAMINATED
doc034#c032,doc034,医疗器械监督管理条例,医疗器械监督管理条例.txt,46,VERBATIM_EXACT,True,True,METADATA_CONTAMINATED
doc034#c033,doc034,医疗器械监督管理条例,医疗器械监督管理条例.txt,104,VERBATIM_EXACT,True,True,METADATA_CONTAMINATED
doc034#c034,doc034,医疗器械监督管理条例,医疗器械监督管理条例.txt,173,VERBATIM_EXACT,True,True,METADATA_CONTAMINATED
doc034#c035,doc034,医疗器械监督管理条例,医疗器械监督管理条例.txt,154,VERBATIM_EXACT,True,True,METADATA_CONTAMINATED
doc034#c036,doc034,医疗器械监督管理条例,医疗器械监督管理条例.txt,65,VERBATIM_EXACT,True,True,METADATA_CONTAMINATED
doc034#c037,doc034,医疗器械监督管理条例,医疗器械监督管理条例.txt,71,VERBATIM_EXACT,True,True,METADATA_CONTAMINATED
doc034#c038,doc034,医疗器械监督管理条例,医疗器械监督管理条例.txt,35,VERBATIM_EXACT,True,True,METADATA_CONTAMINATED
doc034#c039,doc034,医疗器械监督管理条例,医疗器械监督管理条例.txt,8,VERBATIM_EXACT,True,True,METADATA_CONTAMINATED
doc034#c040,doc034,医疗器械监督管理条例,医疗器械监督管理条例.txt,245,VERBATIM_EXACT,True,True,METADATA_CONTAMINATED
doc034#c041,doc034,医疗器械监督管理条例,医疗器械监督管理条例.txt,255,VERBATIM_EXACT,True,True,METADATA_CONTAMINATED
doc034#c042,doc034,医疗器械监督管理条例,医疗器械监督管理条例.txt,87,VERBATIM_EXACT,True,True,METADATA_CONTAMINATED
doc034#c043,doc034,医疗器械监督管理条例,医疗器械监督管理条例.txt,7,VERBATIM_EXACT,True,True,METADATA_CONTAMINATED
doc034#c044,doc034,医疗器械监督管理条例,医疗器械监督管理条例.txt,352,VERBATIM_EXACT,True,True,METADATA_CONTAMINATED
doc034#c045,doc034,医疗器械监督管理条例,医疗器械监督管理条例.txt,247,VERBATIM_EXACT,True,True,METADATA_CONTAMINATED
doc035#c001,doc035,学校卫生工作条例,学校卫生工作条例.txt,150,VERBATIM_EXACT,True,False,VERIFIED_PASS
doc035#c002,doc035,学校卫生工作条例,学校卫生工作条例.txt,6,VERBATIM_EXACT,True,False,VERIFIED_PASS
doc035#c003,doc035,学校卫生工作条例,学校卫生工作条例.txt,30,VERBATIM_EXACT,True,False,VERIFIED_PASS
doc035#c004,doc035,学校卫生工作条例,学校卫生工作条例.txt,83,VERBATIM_EXACT,True,False,VERIFIED_PASS
doc035#c005,doc035,学校卫生工作条例,学校卫生工作条例.txt,50,VERBATIM_EXACT,True,False,VERIFIED_PASS
doc035#c006,doc035,学校卫生工作条例,学校卫生工作条例.txt,45,VERBATIM_EXACT,True,False,VERIFIED_PASS
doc035#c007,doc035,学校卫生工作条例,学校卫生工作条例.txt,12,VERBATIM_EXACT,True,False,VERIFIED_PASS
doc035#c008,doc035,学校卫生工作条例,学校卫生工作条例.txt,100,VERBATIM_EXACT,True,False,VERIFIED_PASS
doc035#c009,doc035,学校卫生工作条例,学校卫生工作条例.txt,118,VERBATIM_EXACT,True,False,VERIFIED_PASS
doc035#c010,doc035,学校卫生工作条例,学校卫生工作条例.txt,77,VERBATIM_EXACT,True,False,VERIFIED_PASS
doc035#c011,doc035,学校卫生工作条例,学校卫生工作条例.txt,42,VERBATIM_EXACT,True,False,VERIFIED_PASS
doc035#c012,doc035,学校卫生工作条例,学校卫生工作条例.txt,47,VERBATIM_EXACT,True,False,VERIFIED_PASS
doc035#c013,doc035,学校卫生工作条例,学校卫生工作条例.txt,64,VERBATIM_EXACT,True,False,VERIFIED_PASS
doc035#c014,doc035,学校卫生工作条例,学校卫生工作条例.txt,204,VERBATIM_EXACT,True,False,VERIFIED_PASS
doc035#c015,doc035,学校卫生工作条例,学校卫生工作条例.txt,45,VERBATIM_EXACT,True,False,VERIFIED_PASS
doc035#c016,doc035,学校卫生工作条例,学校卫生工作条例.txt,96,VERBATIM_EXACT,True,False,VERIFIED_PASS
doc035#c017,doc035,学校卫生工作条例,学校卫生工作条例.txt,118,VERBATIM_EXACT,True,False,VERIFIED_PASS
doc035#c018,doc035,学校卫生工作条例,学校卫生工作条例.txt,27,VERBATIM_EXACT,True,False,VERIFIED_PASS
doc035#c019,doc035,学校卫生工作条例,学校卫生工作条例.txt,65,VERBATIM_EXACT,True,False,VERIFIED_PASS
doc035#c020,doc035,学校卫生工作条例,学校卫生工作条例.txt,64,VERBATIM_EXACT,True,False,VERIFIED_PASS
doc035#c021,doc035,学校卫生工作条例,学校卫生工作条例.txt,12,VERBATIM_EXACT,True,False,VERIFIED_PASS
doc035#c022,doc035,学校卫生工作条例,学校卫生工作条例.txt,45,VERBATIM_EXACT,True,False,VERIFIED_PASS
doc035#c023,doc035,学校卫生工作条例,学校卫生工作条例.txt,66,VERBATIM_EXACT,True,False,VERIFIED_PASS
doc035#c024,doc035,学校卫生工作条例,学校卫生工作条例.txt,173,VERBATIM_EXACT,True,False,VERIFIED_PASS
doc035#c025,doc035,学校卫生工作条例,学校卫生工作条例.txt,129,VERBATIM_EXACT,True,False,VERIFIED_PASS
doc035#c026,doc035,学校卫生工作条例,学校卫生工作条例.txt,88,VERBATIM_EXACT,True,False,VERIFIED_PASS
doc035#c027,doc035,学校卫生工作条例,学校卫生工作条例.txt,65,VERBATIM_EXACT,True,False,VERIFIED_PASS
doc035#c028,doc035,学校卫生工作条例,学校卫生工作条例.txt,40,VERBATIM_EXACT,True,False,VERIFIED_PASS
doc035#c029,doc035,学校卫生工作条例,学校卫生工作条例.txt,58,VERBATIM_EXACT,True,False,VERIFIED_PASS
doc035#c030,doc035,学校卫生工作条例,学校卫生工作条例.txt,135,VERBATIM_EXACT,True,False,VERIFIED_PASS
doc035#c031,doc035,学校卫生工作条例,学校卫生工作条例.txt,38,VERBATIM_EXACT,True,False,VERIFIED_PASS
doc035#c032,doc035,学校卫生工作条例,学校卫生工作条例.txt,12,VERBATIM_EXACT,True,False,VERIFIED_PASS
doc035#c033,doc035,学校卫生工作条例,学校卫生工作条例.txt,204,VERBATIM_EXACT,True,False,VERIFIED_PASS
doc035#c034,doc035,学校卫生工作条例,学校卫生工作条例.txt,97,VERBATIM_EXACT,True,False,VERIFIED_PASS
doc035#c035,doc035,学校卫生工作条例,学校卫生工作条例.txt,110,VERBATIM_EXACT,True,False,VERIFIED_PASS
doc035#c036,doc035,学校卫生工作条例,学校卫生工作条例.txt,9,VERBATIM_EXACT,True,False,VERIFIED_PASS
doc035#c037,doc035,学校卫生工作条例,学校卫生工作条例.txt,51,VERBATIM_EXACT,True,False,VERIFIED_PASS
doc035#c038,doc035,学校卫生工作条例,学校卫生工作条例.txt,78,VERBATIM_EXACT,True,False,VERIFIED_PASS
doc035#c039,doc035,学校卫生工作条例,学校卫生工作条例.txt,84,VERBATIM_EXACT,True,False,VERIFIED_PASS
doc035#c040,doc035,学校卫生工作条例,学校卫生工作条例.txt,60,VERBATIM_EXACT,True,False,VERIFIED_PASS
doc035#c041,doc035,学校卫生工作条例,学校卫生工作条例.txt,92,VERBATIM_EXACT,True,False,VERIFIED_PASS
doc035#c042,doc035,学校卫生工作条例,学校卫生工作条例.txt,90,VERBATIM_EXACT,True,False,VERIFIED_PASS
doc035#c043,doc035,学校卫生工作条例,学校卫生工作条例.txt,146,VERBATIM_EXACT,True,False,VERIFIED_PASS
doc035#c044,doc035,学校卫生工作条例,学校卫生工作条例.txt,6,VERBATIM_EXACT,True,False,VERIFIED_PASS
doc035#c045,doc035,学校卫生工作条例,学校卫生工作条例.txt,37,VERBATIM_EXACT,True,False,VERIFIED_PASS
doc035#c046,doc035,学校卫生工作条例,学校卫生工作条例.txt,84,VERBATIM_EXACT,True,False,VERIFIED_PASS
doc035#c047,doc035,学校卫生工作条例,学校卫生工作条例.txt,25,VERBATIM_EXACT,True,False,VERIFIED_PASS
doc035#c048,doc035,学校卫生工作条例,学校卫生工作条例.txt,95,VERBATIM_EXACT,True,False,VERIFIED_PASS
doc036#c001,doc036,中华人民共和国母婴保健法,中华人民共和国母婴保健法.txt,249,VERBATIM_EXACT,True,False,VERIFIED_PASS
doc036#c002,doc036,中华人民共和国母婴保健法,中华人民共和国母婴保健法.txt,6,VERBATIM_EXACT,True,False,VERIFIED_PASS
doc036#c003,doc036,中华人民共和国母婴保健法,中华人民共和国母婴保健法.txt,35,VERBATIM_EXACT,True,False,VERIFIED_PASS
doc036#c004,doc036,中华人民共和国母婴保健法,中华人民共和国母婴保健法.txt,64,VERBATIM_EXACT,True,False,VERIFIED_PASS
doc036#c005,doc036,中华人民共和国母婴保健法,中华人民共和国母婴保健法.txt,42,VERBATIM_EXACT,True,False,VERIFIED_PASS
doc036#c006,doc036,中华人民共和国母婴保健法,中华人民共和国母婴保健法.txt,96,VERBATIM_EXACT,True,False,VERIFIED_PASS
doc036#c007,doc036,中华人民共和国母婴保健法,中华人民共和国母婴保健法.txt,52,VERBATIM_EXACT,True,False,VERIFIED_PASS
doc036#c008,doc036,中华人民共和国母婴保健法,中华人民共和国母婴保健法.txt,50,VERBATIM_EXACT,True,False,VERIFIED_PASS
doc036#c009,doc036,中华人民共和国母婴保健法,中华人民共和国母婴保健法.txt,8,VERBATIM_EXACT,True,False,VERIFIED_PASS
doc036#c010,doc036,中华人民共和国母婴保健法,中华人民共和国母婴保健法.txt,143,VERBATIM_EXACT,True,False,VERIFIED_PASS
doc036#c011,doc036,中华人民共和国母婴保健法,中华人民共和国母婴保健法.txt,81,VERBATIM_EXACT,True,False,VERIFIED_PASS
doc036#c012,doc036,中华人民共和国母婴保健法,中华人民共和国母婴保健法.txt,65,VERBATIM_EXACT,True,False,VERIFIED_PASS
doc036#c013,doc036,中华人民共和国母婴保健法,中华人民共和国母婴保健法.txt,114,VERBATIM_EXACT,True,False,VERIFIED_PASS
doc036#c014,doc036,中华人民共和国母婴保健法,中华人民共和国母婴保健法.txt,47,VERBATIM_EXACT,True,False,VERIFIED_PASS
doc036#c015,doc036,中华人民共和国母婴保健法,中华人民共和国母婴保健法.txt,37,VERBATIM_EXACT,True,False,VERIFIED_PASS
doc036#c016,doc036,中华人民共和国母婴保健法,中华人民共和国母婴保健法.txt,102,VERBATIM_EXACT,True,False,VERIFIED_PASS
doc036#c017,doc036,中华人民共和国母婴保健法,中华人民共和国母婴保健法.txt,9,VERBATIM_EXACT,True,False,VERIFIED_PASS
doc036#c018,doc036,中华人民共和国母婴保健法,中华人民共和国母婴保健法.txt,220,VERBATIM_EXACT,True,False,VERIFIED_PASS
doc036#c019,doc036,中华人民共和国母婴保健法,中华人民共和国母婴保健法.txt,68,VERBATIM_EXACT,True,False,VERIFIED_PASS
doc036#c020,doc036,中华人民共和国母婴保健法,中华人民共和国母婴保健法.txt,59,VERBATIM_EXACT,True,False,VERIFIED_PASS
doc036#c021,doc036,中华人民共和国母婴保健法,中华人民共和国母婴保健法.txt,37,VERBATIM_EXACT,True,False,VERIFIED_PASS
doc036#c022,doc036,中华人民共和国母婴保健法,中华人民共和国母婴保健法.txt,113,VERBATIM_EXACT,True,False,VERIFIED_PASS
doc036#c023,doc036,中华人民共和国母婴保健法,中华人民共和国母婴保健法.txt,91,VERBATIM_EXACT,True,False,VERIFIED_PASS
doc036#c024,doc036,中华人民共和国母婴保健法,中华人民共和国母婴保健法.txt,47,VERBATIM_EXACT,True,False,VERIFIED_PASS
doc036#c025,doc036,中华人民共和国母婴保健法,中华人民共和国母婴保健法.txt,46,VERBATIM_EXACT,True,False,VERIFIED_PASS
doc036#c026,doc036,中华人民共和国母婴保健法,中华人民共和国母婴保健法.txt,43,VERBATIM_EXACT,True,False,VERIFIED_PASS
doc036#c027,doc036,中华人民共和国母婴保健法,中华人民共和国母婴保健法.txt,87,VERBATIM_EXACT,True,False,VERIFIED_PASS
doc036#c028,doc036,中华人民共和国母婴保健法,中华人民共和国母婴保健法.txt,88,VERBATIM_EXACT,True,False,VERIFIED_PASS
doc036#c029,doc036,中华人民共和国母婴保健法,中华人民共和国母婴保健法.txt,8,VERBATIM_EXACT,True,False,VERIFIED_PASS
doc036#c030,doc036,中华人民共和国母婴保健法,中华人民共和国母婴保健法.txt,64,VERBATIM_EXACT,True,False,VERIFIED_PASS
doc036#c031,doc036,中华人民共和国母婴保健法,中华人民共和国母婴保健法.txt,86,VERBATIM_EXACT,True,False,VERIFIED_PASS
doc036#c032,doc036,中华人民共和国母婴保健法,中华人民共和国母婴保健法.txt,47,VERBATIM_EXACT,True,False,VERIFIED_PASS
doc036#c033,doc036,中华人民共和国母婴保健法,中华人民共和国母婴保健法.txt,8,VERBATIM_EXACT,True,False,VERIFIED_PASS
doc036#c034,doc036,中华人民共和国母婴保健法,中华人民共和国母婴保健法.txt,83,VERBATIM_EXACT,True,False,VERIFIED_PASS
doc036#c035,doc036,中华人民共和国母婴保健法,中华人民共和国母婴保健法.txt,38,VERBATIM_EXACT,True,False,VERIFIED_PASS
doc036#c036,doc036,中华人民共和国母婴保健法,中华人民共和国母婴保健法.txt,54,VERBATIM_EXACT,True,False,VERIFIED_PASS
doc036#c037,doc036,中华人民共和国母婴保健法,中华人民共和国母婴保健法.txt,87,VERBATIM_EXACT,True,False,VERIFIED_PASS
doc036#c038,doc036,中华人民共和国母婴保健法,中华人民共和国母婴保健法.txt,130,VERBATIM_EXACT,True,False,VERIFIED_PASS
doc036#c039,doc036,中华人民共和国母婴保健法,中华人民共和国母婴保健法.txt,132,VERBATIM_EXACT,True,False,VERIFIED_PASS
doc036#c040,doc036,中华人民共和国母婴保健法,中华人民共和国母婴保健法.txt,37,VERBATIM_EXACT,True,False,VERIFIED_PASS
doc036#c041,doc036,中华人民共和国母婴保健法,中华人民共和国母婴保健法.txt,8,VERBATIM_EXACT,True,False,VERIFIED_PASS
doc036#c042,doc036,中华人民共和国母婴保健法,中华人民共和国母婴保健法.txt,157,VERBATIM_EXACT,True,False,VERIFIED_PASS
doc036#c043,doc036,中华人民共和国母婴保健法,中华人民共和国母婴保健法.txt,79,VERBATIM_EXACT,True,False,VERIFIED_PASS
doc036#c044,doc036,中华人民共和国母婴保健法,中华人民共和国母婴保健法.txt,87,VERBATIM_EXACT,True,False,VERIFIED_PASS
doc036#c045,doc036,中华人民共和国母婴保健法,中华人民共和国母婴保健法.txt,6,VERBATIM_EXACT,True,False,VERIFIED_PASS
doc036#c046,doc036,中华人民共和国母婴保健法,中华人民共和国母婴保健法.txt,202,VERBATIM_EXACT,True,False,VERIFIED_PASS
doc036#c047,doc036,中华人民共和国母婴保健法,中华人民共和国母婴保健法.txt,22,VERBATIM_EXACT,True,False,VERIFIED_PASS
doc037#c001,doc037,行政执法机关移送涉嫌犯罪案件的规定,行政执法机关移送涉嫌犯罪案件的规定.txt,89,VERBATIM_EXACT,True,False,VERIFIED_PASS
doc037#c002,doc037,行政执法机关移送涉嫌犯罪案件的规定,行政执法机关移送涉嫌犯罪案件的规定.txt,84,VERBATIM_EXACT,True,False,VERIFIED_PASS
doc037#c003,doc037,行政执法机关移送涉嫌犯罪案件的规定,行政执法机关移送涉嫌犯罪案件的规定.txt,115,VERBATIM_EXACT,True,False,VERIFIED_PASS
doc037#c004,doc037,行政执法机关移送涉嫌犯罪案件的规定,行政执法机关移送涉嫌犯罪案件的规定.txt,294,VERBATIM_EXACT,True,False,VERIFIED_PASS
doc037#c005,doc037,行政执法机关移送涉嫌犯罪案件的规定,行政执法机关移送涉嫌犯罪案件的规定.txt,171,VERBATIM_EXACT,True,False,VERIFIED_PASS
doc037#c006,doc037,行政执法机关移送涉嫌犯罪案件的规定,行政执法机关移送涉嫌犯罪案件的规定.txt,200,VERBATIM_EXACT,True,False,VERIFIED_PASS
doc037#c007,doc037,行政执法机关移送涉嫌犯罪案件的规定,行政执法机关移送涉嫌犯罪案件的规定.txt,109,VERBATIM_EXACT,True,False,VERIFIED_PASS
doc037#c008,doc037,行政执法机关移送涉嫌犯罪案件的规定,行政执法机关移送涉嫌犯罪案件的规定.txt,92,VERBATIM_EXACT,True,False,VERIFIED_PASS
doc037#c009,doc037,行政执法机关移送涉嫌犯罪案件的规定,行政执法机关移送涉嫌犯罪案件的规定.txt,215,VERBATIM_EXACT,True,False,VERIFIED_PASS
doc037#c010,doc037,行政执法机关移送涉嫌犯罪案件的规定,行政执法机关移送涉嫌犯罪案件的规定.txt,257,VERBATIM_EXACT,True,False,VERIFIED_PASS
doc037#c011,doc037,行政执法机关移送涉嫌犯罪案件的规定,行政执法机关移送涉嫌犯罪案件的规定.txt,74,VERBATIM_EXACT,True,False,VERIFIED_PASS
doc037#c012,doc037,行政执法机关移送涉嫌犯罪案件的规定,行政执法机关移送涉嫌犯罪案件的规定.txt,174,VERBATIM_EXACT,True,False,VERIFIED_PASS
doc037#c013,doc037,行政执法机关移送涉嫌犯罪案件的规定,行政执法机关移送涉嫌犯罪案件的规定.txt,91,VERBATIM_EXACT,True,False,VERIFIED_PASS
doc037#c014,doc037,行政执法机关移送涉嫌犯罪案件的规定,行政执法机关移送涉嫌犯罪案件的规定.txt,105,VERBATIM_EXACT,True,False,VERIFIED_PASS
doc037#c015,doc037,行政执法机关移送涉嫌犯罪案件的规定,行政执法机关移送涉嫌犯罪案件的规定.txt,110,VERBATIM_EXACT,True,False,VERIFIED_PASS
doc037#c016,doc037,行政执法机关移送涉嫌犯罪案件的规定,行政执法机关移送涉嫌犯罪案件的规定.txt,154,VERBATIM_EXACT,True,False,VERIFIED_PASS
doc037#c017,doc037,行政执法机关移送涉嫌犯罪案件的规定,行政执法机关移送涉嫌犯罪案件的规定.txt,313,VERBATIM_EXACT,True,False,VERIFIED_PASS
doc037#c018,doc037,行政执法机关移送涉嫌犯罪案件的规定,行政执法机关移送涉嫌犯罪案件的规定.txt,180,VERBATIM_EXACT,True,False,VERIFIED_PASS
doc037#c019,doc037,行政执法机关移送涉嫌犯罪案件的规定,行政执法机关移送涉嫌犯罪案件的规定.txt,102,VERBATIM_EXACT,True,False,VERIFIED_PASS
doc037#c020,doc037,行政执法机关移送涉嫌犯罪案件的规定,行政执法机关移送涉嫌犯罪案件的规定.txt,119,VERBATIM_EXACT,True,False,VERIFIED_PASS
doc037#c021,doc037,行政执法机关移送涉嫌犯罪案件的规定,行政执法机关移送涉嫌犯罪案件的规定.txt,17,VERBATIM_EXACT,True,False,VERIFIED_PASS
doc038#c001,doc038,国内交通卫生检疫条例,国内交通卫生检疫条例.txt,53,VERBATIM_EXACT,True,False,VERIFIED_PASS
doc038#c002,doc038,国内交通卫生检疫条例,国内交通卫生检疫条例.txt,88,VERBATIM_EXACT,True,False,VERIFIED_PASS
doc038#c003,doc038,国内交通卫生检疫条例,国内交通卫生检疫条例.txt,157,VERBATIM_EXACT,True,False,VERIFIED_PASS
doc038#c004,doc038,国内交通卫生检疫条例,国内交通卫生检疫条例.txt,77,VERBATIM_EXACT,True,False,VERIFIED_PASS
doc038#c005,doc038,国内交通卫生检疫条例,国内交通卫生检疫条例.txt,169,VERBATIM_EXACT,True,False,VERIFIED_PASS
doc038#c006,doc038,国内交通卫生检疫条例,国内交通卫生检疫条例.txt,71,VERBATIM_EXACT,True,False,VERIFIED_PASS
doc038#c007,doc038,国内交通卫生检疫条例,国内交通卫生检疫条例.txt,308,VERBATIM_EXACT,True,False,VERIFIED_PASS
doc038#c008,doc038,国内交通卫生检疫条例,国内交通卫生检疫条例.txt,369,VERBATIM_EXACT,True,False,VERIFIED_PASS
doc038#c009,doc038,国内交通卫生检疫条例,国内交通卫生检疫条例.txt,398,VERBATIM_EXACT,True,False,VERIFIED_PASS
doc038#c010,doc038,国内交通卫生检疫条例,国内交通卫生检疫条例.txt,197,VERBATIM_EXACT,True,False,VERIFIED_PASS
doc038#c011,doc038,国内交通卫生检疫条例,国内交通卫生检疫条例.txt,181,VERBATIM_EXACT,True,False,VERIFIED_PASS
doc038#c012,doc038,国内交通卫生检疫条例,国内交通卫生检疫条例.txt,161,VERBATIM_EXACT,True,False,VERIFIED_PASS
doc038#c013,doc038,国内交通卫生检疫条例,国内交通卫生检疫条例.txt,90,VERBATIM_EXACT,True,False,VERIFIED_PASS
doc038#c014,doc038,国内交通卫生检疫条例,国内交通卫生检疫条例.txt,210,VERBATIM_EXACT,True,False,VERIFIED_PASS
doc038#c015,doc038,国内交通卫生检疫条例,国内交通卫生检疫条例.txt,188,VERBATIM_EXACT,True,False,VERIFIED_PASS
doc038#c016,doc038,国内交通卫生检疫条例,国内交通卫生检疫条例.txt,244,VERBATIM_EXACT,True,False,VERIFIED_PASS
doc038#c017,doc038,国内交通卫生检疫条例,国内交通卫生检疫条例.txt,76,VERBATIM_EXACT,True,False,VERIFIED_PASS
doc039#c001,doc039,食盐加碘消除碘缺乏危害管理条例,食盐加碘消除碘缺乏危害管理条例.txt,151,VERBATIM_EXACT,True,False,VERIFIED_PASS
doc039#c002,doc039,食盐加碘消除碘缺乏危害管理条例,食盐加碘消除碘缺乏危害管理条例.txt,6,VERBATIM_EXACT,True,False,VERIFIED_PASS
doc039#c003,doc039,食盐加碘消除碘缺乏危害管理条例,食盐加碘消除碘缺乏危害管理条例.txt,29,VERBATIM_EXACT,True,False,VERIFIED_PASS
doc039#c004,doc039,食盐加碘消除碘缺乏危害管理条例,食盐加碘消除碘缺乏危害管理条例.txt,58,VERBATIM_EXACT,True,False,VERIFIED_PASS
doc039#c005,doc039,食盐加碘消除碘缺乏危害管理条例,食盐加碘消除碘缺乏危害管理条例.txt,43,VERBATIM_EXACT,True,False,VERIFIED_PASS
doc039#c006,doc039,食盐加碘消除碘缺乏危害管理条例,食盐加碘消除碘缺乏危害管理条例.txt,83,VERBATIM_EXACT,True,False,VERIFIED_PASS
doc039#c007,doc039,食盐加碘消除碘缺乏危害管理条例,食盐加碘消除碘缺乏危害管理条例.txt,95,VERBATIM_EXACT,True,False,VERIFIED_PASS
doc039#c008,doc039,食盐加碘消除碘缺乏危害管理条例,食盐加碘消除碘缺乏危害管理条例.txt,75,VERBATIM_EXACT,True,False,VERIFIED_PASS
doc039#c009,doc039,食盐加碘消除碘缺乏危害管理条例,食盐加碘消除碘缺乏危害管理条例.txt,15,VERBATIM_EXACT,True,False,VERIFIED_PASS
doc039#c010,doc039,食盐加碘消除碘缺乏危害管理条例,食盐加碘消除碘缺乏危害管理条例.txt,75,VERBATIM_EXACT,True,False,VERIFIED_PASS
doc039#c011,doc039,食盐加碘消除碘缺乏危害管理条例,食盐加碘消除碘缺乏危害管理条例.txt,52,VERBATIM_EXACT,True,False,VERIFIED_PASS
doc039#c012,doc039,食盐加碘消除碘缺乏危害管理条例,食盐加碘消除碘缺乏危害管理条例.txt,34,VERBATIM_EXACT,True,False,VERIFIED_PASS
doc039#c013,doc039,食盐加碘消除碘缺乏危害管理条例,食盐加碘消除碘缺乏危害管理条例.txt,62,VERBATIM_EXACT,True,False,VERIFIED_PASS
doc039#c014,doc039,食盐加碘消除碘缺乏危害管理条例,食盐加碘消除碘缺乏危害管理条例.txt,104,VERBATIM_EXACT,True,False,VERIFIED_PASS
doc039#c015,doc039,食盐加碘消除碘缺乏危害管理条例,食盐加碘消除碘缺乏危害管理条例.txt,116,VERBATIM_EXACT,True,False,VERIFIED_PASS
doc039#c016,doc039,食盐加碘消除碘缺乏危害管理条例,食盐加碘消除碘缺乏危害管理条例.txt,41,VERBATIM_EXACT,True,False,VERIFIED_PASS
doc039#c017,doc039,食盐加碘消除碘缺乏危害管理条例,食盐加碘消除碘缺乏危害管理条例.txt,9,VERBATIM_EXACT,True,False,VERIFIED_PASS
doc039#c018,doc039,食盐加碘消除碘缺乏危害管理条例,食盐加碘消除碘缺乏危害管理条例.txt,80,VERBATIM_EXACT,True,False,VERIFIED_PASS
doc039#c019,doc039,食盐加碘消除碘缺乏危害管理条例,食盐加碘消除碘缺乏危害管理条例.txt,116,VERBATIM_EXACT,True,False,VERIFIED_PASS
doc039#c020,doc039,食盐加碘消除碘缺乏危害管理条例,食盐加碘消除碘缺乏危害管理条例.txt,183,VERBATIM_EXACT,True,False,VERIFIED_PASS
doc039#c021,doc039,食盐加碘消除碘缺乏危害管理条例,食盐加碘消除碘缺乏危害管理条例.txt,116,VERBATIM_EXACT,True,False,VERIFIED_PASS
doc039#c022,doc039,食盐加碘消除碘缺乏危害管理条例,食盐加碘消除碘缺乏危害管理条例.txt,47,VERBATIM_EXACT,True,False,VERIFIED_PASS
doc039#c023,doc039,食盐加碘消除碘缺乏危害管理条例,食盐加碘消除碘缺乏危害管理条例.txt,69,VERBATIM_EXACT,True,False,VERIFIED_PASS
doc039#c024,doc039,食盐加碘消除碘缺乏危害管理条例,食盐加碘消除碘缺乏危害管理条例.txt,129,VERBATIM_EXACT,True,False,VERIFIED_PASS
doc039#c025,doc039,食盐加碘消除碘缺乏危害管理条例,食盐加碘消除碘缺乏危害管理条例.txt,9,VERBATIM_EXACT,True,False,VERIFIED_PASS
doc039#c026,doc039,食盐加碘消除碘缺乏危害管理条例,食盐加碘消除碘缺乏危害管理条例.txt,100,VERBATIM_EXACT,True,False,VERIFIED_PASS
doc039#c027,doc039,食盐加碘消除碘缺乏危害管理条例,食盐加碘消除碘缺乏危害管理条例.txt,90,VERBATIM_EXACT,True,False,VERIFIED_PASS
doc039#c028,doc039,食盐加碘消除碘缺乏危害管理条例,食盐加碘消除碘缺乏危害管理条例.txt,73,VERBATIM_EXACT,True,False,VERIFIED_PASS
doc039#c029,doc039,食盐加碘消除碘缺乏危害管理条例,食盐加碘消除碘缺乏危害管理条例.txt,6,VERBATIM_EXACT,True,False,VERIFIED_PASS
doc039#c030,doc039,食盐加碘消除碘缺乏危害管理条例,食盐加碘消除碘缺乏危害管理条例.txt,99,VERBATIM_EXACT,True,False,VERIFIED_PASS
doc039#c031,doc039,食盐加碘消除碘缺乏危害管理条例,食盐加碘消除碘缺乏危害管理条例.txt,199,VERBATIM_EXACT,True,False,VERIFIED_PASS
doc039#c032,doc039,食盐加碘消除碘缺乏危害管理条例,食盐加碘消除碘缺乏危害管理条例.txt,114,VERBATIM_EXACT,True,False,VERIFIED_PASS
doc039#c033,doc039,食盐加碘消除碘缺乏危害管理条例,食盐加碘消除碘缺乏危害管理条例.txt,82,VERBATIM_EXACT,True,False,VERIFIED_PASS
doc039#c034,doc039,食盐加碘消除碘缺乏危害管理条例,食盐加碘消除碘缺乏危害管理条例.txt,76,VERBATIM_EXACT,True,False,VERIFIED_PASS
doc039#c035,doc039,食盐加碘消除碘缺乏危害管理条例,食盐加碘消除碘缺乏危害管理条例.txt,83,VERBATIM_EXACT,True,False,VERIFIED_PASS
doc039#c036,doc039,食盐加碘消除碘缺乏危害管理条例,食盐加碘消除碘缺乏危害管理条例.txt,23,VERBATIM_EXACT,True,False,VERIFIED_PASS
doc039#c037,doc039,食盐加碘消除碘缺乏危害管理条例,食盐加碘消除碘缺乏危害管理条例.txt,33,VERBATIM_EXACT,True,False,VERIFIED_PASS
doc039#c038,doc039,食盐加碘消除碘缺乏危害管理条例,食盐加碘消除碘缺乏危害管理条例.txt,80,VERBATIM_EXACT,True,False,VERIFIED_PASS
doc039#c039,doc039,食盐加碘消除碘缺乏危害管理条例,食盐加碘消除碘缺乏危害管理条例.txt,65,VERBATIM_EXACT,True,False,VERIFIED_PASS
doc040#c001,doc040,中华人民共和国国境卫生检疫法,中华人民共和国国境卫生检疫法.txt,176,VERBATIM_EXACT,True,False,VERIFIED_PASS
doc040#c002,doc040,中华人民共和国国境卫生检疫法,中华人民共和国国境卫生检疫法.txt,7,VERBATIM_EXACT,True,False,VERIFIED_PASS
doc040#c003,doc040,中华人民共和国国境卫生检疫法,中华人民共和国国境卫生检疫法.txt,7,VERBATIM_EXACT,True,False,VERIFIED_PASS
doc040#c004,doc040,中华人民共和国国境卫生检疫法,中华人民共和国国境卫生检疫法.txt,9,VERBATIM_EXACT,True,False,VERIFIED_PASS
doc040#c005,doc040,中华人民共和国国境卫生检疫法,中华人民共和国国境卫生检疫法.txt,8,VERBATIM_EXACT,True,False,VERIFIED_PASS
doc040#c006,doc040,中华人民共和国国境卫生检疫法,中华人民共和国国境卫生检疫法.txt,8,VERBATIM_EXACT,True,False,VERIFIED_PASS
doc040#c007,doc040,中华人民共和国国境卫生检疫法,中华人民共和国国境卫生检疫法.txt,7,VERBATIM_EXACT,True,False,VERIFIED_PASS
doc040#c008,doc040,中华人民共和国国境卫生检疫法,中华人民共和国国境卫生检疫法.txt,7,VERBATIM_EXACT,True,False,VERIFIED_PASS
doc040#c009,doc040,中华人民共和国国境卫生检疫法,中华人民共和国国境卫生检疫法.txt,45,VERBATIM_EXACT,True,False,VERIFIED_PASS
doc040#c010,doc040,中华人民共和国国境卫生检疫法,中华人民共和国国境卫生检疫法.txt,80,VERBATIM_EXACT,True,False,VERIFIED_PASS
doc040#c011,doc040,中华人民共和国国境卫生检疫法,中华人民共和国国境卫生检疫法.txt,82,VERBATIM_EXACT,True,False,VERIFIED_PASS
doc040#c012,doc040,中华人民共和国国境卫生检疫法,中华人民共和国国境卫生检疫法.txt,89,VERBATIM_EXACT,True,False,VERIFIED_PASS
doc040#c013,doc040,中华人民共和国国境卫生检疫法,中华人民共和国国境卫生检疫法.txt,142,VERBATIM_EXACT,True,False,VERIFIED_PASS
doc040#c014,doc040,中华人民共和国国境卫生检疫法,中华人民共和国国境卫生检疫法.txt,49,VERBATIM_EXACT,True,False,VERIFIED_PASS
doc040#c015,doc040,中华人民共和国国境卫生检疫法,中华人民共和国国境卫生检疫法.txt,7,VERBATIM_EXACT,True,False,VERIFIED_PASS
doc040#c016,doc040,中华人民共和国国境卫生检疫法,中华人民共和国国境卫生检疫法.txt,98,VERBATIM_EXACT,True,False,VERIFIED_PASS
doc040#c017,doc040,中华人民共和国国境卫生检疫法,中华人民共和国国境卫生检疫法.txt,32,VERBATIM_EXACT,True,False,VERIFIED_PASS
doc040#c018,doc040,中华人民共和国国境卫生检疫法,中华人民共和国国境卫生检疫法.txt,135,VERBATIM_EXACT,True,False,VERIFIED_PASS
doc040#c019,doc040,中华人民共和国国境卫生检疫法,中华人民共和国国境卫生检疫法.txt,87,VERBATIM_EXACT,True,False,VERIFIED_PASS
doc040#c020,doc040,中华人民共和国国境卫生检疫法,中华人民共和国国境卫生检疫法.txt,66,VERBATIM_EXACT,True,False,VERIFIED_PASS
doc040#c021,doc040,中华人民共和国国境卫生检疫法,中华人民共和国国境卫生检疫法.txt,102,VERBATIM_EXACT,True,False,VERIFIED_PASS
doc040#c022,doc040,中华人民共和国国境卫生检疫法,中华人民共和国国境卫生检疫法.txt,166,VERBATIM_EXACT,True,False,VERIFIED_PASS
doc040#c023,doc040,中华人民共和国国境卫生检疫法,中华人民共和国国境卫生检疫法.txt,139,VERBATIM_EXACT,True,False,VERIFIED_PASS
doc040#c024,doc040,中华人民共和国国境卫生检疫法,中华人民共和国国境卫生检疫法.txt,9,VERBATIM_EXACT,True,False,VERIFIED_PASS
doc040#c025,doc040,中华人民共和国国境卫生检疫法,中华人民共和国国境卫生检疫法.txt,45,VERBATIM_EXACT,True,False,VERIFIED_PASS
doc040#c026,doc040,中华人民共和国国境卫生检疫法,中华人民共和国国境卫生检疫法.txt,61,VERBATIM_EXACT,True,False,VERIFIED_PASS
doc040#c027,doc040,中华人民共和国国境卫生检疫法,中华人民共和国国境卫生检疫法.txt,126,VERBATIM_EXACT,True,False,VERIFIED_PASS
doc040#c028,doc040,中华人民共和国国境卫生检疫法,中华人民共和国国境卫生检疫法.txt,8,VERBATIM_EXACT,True,False,VERIFIED_PASS
doc040#c029,doc040,中华人民共和国国境卫生检疫法,中华人民共和国国境卫生检疫法.txt,185,VERBATIM_EXACT,True,False,VERIFIED_PASS
doc040#c030,doc040,中华人民共和国国境卫生检疫法,中华人民共和国国境卫生检疫法.txt,136,VERBATIM_EXACT,True,False,VERIFIED_PASS
doc040#c031,doc040,中华人民共和国国境卫生检疫法,中华人民共和国国境卫生检疫法.txt,8,VERBATIM_EXACT,True,False,VERIFIED_PASS
doc040#c032,doc040,中华人民共和国国境卫生检疫法,中华人民共和国国境卫生检疫法.txt,142,VERBATIM_EXACT,True,False,VERIFIED_PASS
doc040#c033,doc040,中华人民共和国国境卫生检疫法,中华人民共和国国境卫生检疫法.txt,86,VERBATIM_EXACT,True,False,VERIFIED_PASS
doc040#c034,doc040,中华人民共和国国境卫生检疫法,中华人民共和国国境卫生检疫法.txt,55,VERBATIM_EXACT,True,False,VERIFIED_PASS
doc040#c035,doc040,中华人民共和国国境卫生检疫法,中华人民共和国国境卫生检疫法.txt,85,VERBATIM_EXACT,True,False,VERIFIED_PASS
doc040#c036,doc040,中华人民共和国国境卫生检疫法,中华人民共和国国境卫生检疫法.txt,7,VERBATIM_EXACT,True,False,VERIFIED_PASS
doc040#c037,doc040,中华人民共和国国境卫生检疫法,中华人民共和国国境卫生检疫法.txt,72,VERBATIM_EXACT,True,False,VERIFIED_PASS
doc040#c038,doc040,中华人民共和国国境卫生检疫法,中华人民共和国国境卫生检疫法.txt,110,VERBATIM_EXACT,True,False,VERIFIED_PASS
doc040#c039,doc040,中华人民共和国国境卫生检疫法,中华人民共和国国境卫生检疫法.txt,244,VERBATIM_EXACT,True,False,VERIFIED_PASS
doc041#c001,doc041,关于眼科门诊部（诊室）设置审批的批复,关于眼科门诊部（诊室）设置审批的批复.txt,1050,VERBATIM_EXACT,True,False,VERIFIED_PASS
doc041#c002,doc041,关于眼科门诊部（诊室）设置审批的批复,关于眼科门诊部（诊室）设置审批的批复.txt,1066,VERBATIM_EXACT,True,False,VERIFIED_PASS
doc041#c003,doc041,关于眼科门诊部（诊室）设置审批的批复,关于眼科门诊部（诊室）设置审批的批复.txt,845,VERBATIM_EXACT,True,False,VERIFIED_PASS
doc042#c001,doc042,卫生部关于乡村医生执业的六个批复,卫生部关于乡村医生执业的六个批复.txt,1056,VERBATIM_EXACT,True,False,VERIFIED_PASS
doc042#c002,doc042,卫生部关于乡村医生执业的六个批复,卫生部关于乡村医生执业的六个批复.txt,1077,VERBATIM_EXACT,True,False,VERIFIED_PASS
doc042#c003,doc042,卫生部关于乡村医生执业的六个批复,卫生部关于乡村医生执业的六个批复.txt,356,VERBATIM_EXACT,True,False,VERIFIED_PASS
doc043#c001,doc043,中华人民共和国尘肺病防治条例,中华人民共和国尘肺病防治条例.txt,106,VERBATIM_EXACT,True,False,VERIFIED_PASS
doc043#c002,doc043,中华人民共和国尘肺病防治条例,中华人民共和国尘肺病防治条例.txt,6,VERBATIM_EXACT,True,False,VERIFIED_PASS
doc043#c003,doc043,中华人民共和国尘肺病防治条例,中华人民共和国尘肺病防治条例.txt,40,VERBATIM_EXACT,True,False,VERIFIED_PASS
doc043#c004,doc043,中华人民共和国尘肺病防治条例,中华人民共和国尘肺病防治条例.txt,26,VERBATIM_EXACT,True,False,VERIFIED_PASS
doc043#c005,doc043,中华人民共和国尘肺病防治条例,中华人民共和国尘肺病防治条例.txt,35,VERBATIM_EXACT,True,False,VERIFIED_PASS
doc043#c006,doc043,中华人民共和国尘肺病防治条例,中华人民共和国尘肺病防治条例.txt,59,VERBATIM_EXACT,True,False,VERIFIED_PASS
doc043#c007,doc043,中华人民共和国尘肺病防治条例,中华人民共和国尘肺病防治条例.txt,116,VERBATIM_EXACT,True,False,VERIFIED_PASS
doc043#c008,doc043,中华人民共和国尘肺病防治条例,中华人民共和国尘肺病防治条例.txt,62,VERBATIM_EXACT,True,False,VERIFIED_PASS
doc043#c009,doc043,中华人民共和国尘肺病防治条例,中华人民共和国尘肺病防治条例.txt,6,VERBATIM_EXACT,True,False,VERIFIED_PASS
doc043#c010,doc043,中华人民共和国尘肺病防治条例,中华人民共和国尘肺病防治条例.txt,77,VERBATIM_EXACT,True,False,VERIFIED_PASS
doc043#c011,doc043,中华人民共和国尘肺病防治条例,中华人民共和国尘肺病防治条例.txt,50,VERBATIM_EXACT,True,False,VERIFIED_PASS
doc043#c012,doc043,中华人民共和国尘肺病防治条例,中华人民共和国尘肺病防治条例.txt,75,VERBATIM_EXACT,True,False,VERIFIED_PASS
doc043#c013,doc043,中华人民共和国尘肺病防治条例,中华人民共和国尘肺病防治条例.txt,36,VERBATIM_EXACT,True,False,VERIFIED_PASS
doc043#c014,doc043,中华人民共和国尘肺病防治条例,中华人民共和国尘肺病防治条例.txt,85,VERBATIM_EXACT,True,False,VERIFIED_PASS
doc043#c015,doc043,中华人民共和国尘肺病防治条例,中华人民共和国尘肺病防治条例.txt,135,VERBATIM_EXACT,True,False,VERIFIED_PASS
doc043#c016,doc043,中华人民共和国尘肺病防治条例,中华人民共和国尘肺病防治条例.txt,132,VERBATIM_EXACT,True,False,VERIFIED_PASS
doc043#c017,doc043,中华人民共和国尘肺病防治条例,中华人民共和国尘肺病防治条例.txt,51,VERBATIM_EXACT,True,False,VERIFIED_PASS
doc043#c018,doc043,中华人民共和国尘肺病防治条例,中华人民共和国尘肺病防治条例.txt,9,VERBATIM_EXACT,True,False,VERIFIED_PASS
doc043#c019,doc043,中华人民共和国尘肺病防治条例,中华人民共和国尘肺病防治条例.txt,52,VERBATIM_EXACT,True,False,VERIFIED_PASS
doc043#c020,doc043,中华人民共和国尘肺病防治条例,中华人民共和国尘肺病防治条例.txt,88,VERBATIM_EXACT,True,False,VERIFIED_PASS
doc043#c021,doc043,中华人民共和国尘肺病防治条例,中华人民共和国尘肺病防治条例.txt,99,VERBATIM_EXACT,True,False,VERIFIED_PASS
doc043#c022,doc043,中华人民共和国尘肺病防治条例,中华人民共和国尘肺病防治条例.txt,63,VERBATIM_EXACT,True,False,VERIFIED_PASS
doc043#c023,doc043,中华人民共和国尘肺病防治条例,中华人民共和国尘肺病防治条例.txt,8,VERBATIM_EXACT,True,False,VERIFIED_PASS
doc043#c024,doc043,中华人民共和国尘肺病防治条例,中华人民共和国尘肺病防治条例.txt,99,VERBATIM_EXACT,True,False,VERIFIED_PASS
doc043#c025,doc043,中华人民共和国尘肺病防治条例,中华人民共和国尘肺病防治条例.txt,72,VERBATIM_EXACT,True,False,VERIFIED_PASS
doc043#c026,doc043,中华人民共和国尘肺病防治条例,中华人民共和国尘肺病防治条例.txt,69,VERBATIM_EXACT,True,False,VERIFIED_PASS
doc043#c027,doc043,中华人民共和国尘肺病防治条例,中华人民共和国尘肺病防治条例.txt,9,VERBATIM_EXACT,True,False,VERIFIED_PASS
doc043#c028,doc043,中华人民共和国尘肺病防治条例,中华人民共和国尘肺病防治条例.txt,42,VERBATIM_EXACT,True,False,VERIFIED_PASS
doc043#c029,doc043,中华人民共和国尘肺病防治条例,中华人民共和国尘肺病防治条例.txt,320,VERBATIM_EXACT,True,False,VERIFIED_PASS
doc043#c030,doc043,中华人民共和国尘肺病防治条例,中华人民共和国尘肺病防治条例.txt,121,VERBATIM_EXACT,True,False,VERIFIED_PASS
doc043#c031,doc043,中华人民共和国尘肺病防治条例,中华人民共和国尘肺病防治条例.txt,101,VERBATIM_EXACT,True,False,VERIFIED_PASS
doc043#c032,doc043,中华人民共和国尘肺病防治条例,中华人民共和国尘肺病防治条例.txt,6,VERBATIM_EXACT,True,False,VERIFIED_PASS
doc043#c033,doc043,中华人民共和国尘肺病防治条例,中华人民共和国尘肺病防治条例.txt,31,VERBATIM_EXACT,True,False,VERIFIED_PASS
doc043#c034,doc043,中华人民共和国尘肺病防治条例,中华人民共和国尘肺病防治条例.txt,42,VERBATIM_EXACT,True,False,VERIFIED_PASS
doc043#c035,doc043,中华人民共和国尘肺病防治条例,中华人民共和国尘肺病防治条例.txt,18,VERBATIM_EXACT,True,False,VERIFIED_PASS
doc044#c001,doc044,中华人民共和国献血法,中华人民共和国献血法.txt,68,VERBATIM_EXACT,True,False,VERIFIED_PASS
doc044#c002,doc044,中华人民共和国献血法,中华人民共和国献血法.txt,65,VERBATIM_EXACT,True,False,VERIFIED_PASS
doc044#c003,doc044,中华人民共和国献血法,中华人民共和国献血法.txt,40,VERBATIM_EXACT,True,False,VERIFIED_PASS
doc044#c004,doc044,中华人民共和国献血法,中华人民共和国献血法.txt,51,VERBATIM_EXACT,True,False,VERIFIED_PASS
doc044#c005,doc044,中华人民共和国献血法,中华人民共和国献血法.txt,48,VERBATIM_EXACT,True,False,VERIFIED_PASS
doc044#c006,doc044,中华人民共和国献血法,中华人民共和国献血法.txt,75,VERBATIM_EXACT,True,False,VERIFIED_PASS
doc044#c007,doc044,中华人民共和国献血法,中华人民共和国献血法.txt,135,VERBATIM_EXACT,True,False,VERIFIED_PASS
doc044#c008,doc044,中华人民共和国献血法,中华人民共和国献血法.txt,45,VERBATIM_EXACT,True,False,VERIFIED_PASS
doc044#c009,doc044,中华人民共和国献血法,中华人民共和国献血法.txt,132,VERBATIM_EXACT,True,False,VERIFIED_PASS
doc044#c010,doc044,中华人民共和国献血法,中华人民共和国献血法.txt,152,VERBATIM_EXACT,True,False,VERIFIED_PASS
doc044#c011,doc044,中华人民共和国献血法,中华人民共和国献血法.txt,140,VERBATIM_EXACT,True,False,VERIFIED_PASS
doc044#c012,doc044,中华人民共和国献血法,中华人民共和国献血法.txt,60,VERBATIM_EXACT,True,False,VERIFIED_PASS
doc044#c013,doc044,中华人民共和国献血法,中华人民共和国献血法.txt,36,VERBATIM_EXACT,True,False,VERIFIED_PASS
doc044#c014,doc044,中华人民共和国献血法,中华人民共和国献血法.txt,41,VERBATIM_EXACT,True,False,VERIFIED_PASS
doc044#c015,doc044,中华人民共和国献血法,中华人民共和国献血法.txt,144,VERBATIM_EXACT,True,False,VERIFIED_PASS
doc044#c016,doc044,中华人民共和国献血法,中华人民共和国献血法.txt,101,VERBATIM_EXACT,True,False,VERIFIED_PASS
doc044#c017,doc044,中华人民共和国献血法,中华人民共和国献血法.txt,108,VERBATIM_EXACT,True,False,VERIFIED_PASS
doc044#c018,doc044,中华人民共和国献血法,中华人民共和国献血法.txt,48,VERBATIM_EXACT,True,False,VERIFIED_PASS
doc044#c019,doc044,中华人民共和国献血法,中华人民共和国献血法.txt,121,VERBATIM_EXACT,True,False,VERIFIED_PASS
doc044#c020,doc044,中华人民共和国献血法,中华人民共和国献血法.txt,108,VERBATIM_EXACT,True,False,VERIFIED_PASS
doc044#c021,doc044,中华人民共和国献血法,中华人民共和国献血法.txt,76,VERBATIM_EXACT,True,False,VERIFIED_PASS
doc044#c022,doc044,中华人民共和国献血法,中华人民共和国献血法.txt,136,VERBATIM_EXACT,True,False,VERIFIED_PASS
doc044#c023,doc044,中华人民共和国献血法,中华人民共和国献血法.txt,125,VERBATIM_EXACT,True,False,VERIFIED_PASS
doc044#c024,doc044,中华人民共和国献血法,中华人民共和国献血法.txt,77,VERBATIM_EXACT,True,False,VERIFIED_PASS
doc044#c025,doc044,中华人民共和国献血法,中华人民共和国献血法.txt,23,VERBATIM_EXACT,True,False,VERIFIED_PASS
doc045#c001,doc045,关于医疗美容的七个批复文件,关于医疗美容的七个批复文件.txt,1088,VERBATIM_EXACT,True,False,VERIFIED_PASS
doc045#c002,doc045,关于医疗美容的七个批复文件,关于医疗美容的七个批复文件.txt,1099,VERBATIM_EXACT,True,False,VERIFIED_PASS
doc045#c003,doc045,关于医疗美容的七个批复文件,关于医疗美容的七个批复文件.txt,36,VERBATIM_EXACT,True,False,VERIFIED_PASS
doc046#c001,doc046,公共场所卫生管理条例,公共场所卫生管理条例.txt,156,VERBATIM_EXACT,True,False,VERIFIED_PASS
doc046#c002,doc046,公共场所卫生管理条例,公共场所卫生管理条例.txt,6,VERBATIM_EXACT,True,False,VERIFIED_PASS
doc046#c003,doc046,公共场所卫生管理条例,公共场所卫生管理条例.txt,37,VERBATIM_EXACT,True,False,VERIFIED_PASS
doc046#c004,doc046,公共场所卫生管理条例,公共场所卫生管理条例.txt,172,VERBATIM_EXACT,True,False,VERIFIED_PASS
doc046#c005,doc046,公共场所卫生管理条例,公共场所卫生管理条例.txt,115,VERBATIM_EXACT,True,False,VERIFIED_PASS
doc046#c006,doc046,公共场所卫生管理条例,公共场所卫生管理条例.txt,44,VERBATIM_EXACT,True,False,VERIFIED_PASS
doc046#c007,doc046,公共场所卫生管理条例,公共场所卫生管理条例.txt,8,VERBATIM_EXACT,True,False,VERIFIED_PASS
doc046#c008,doc046,公共场所卫生管理条例,公共场所卫生管理条例.txt,80,VERBATIM_EXACT,True,False,VERIFIED_PASS
doc046#c009,doc046,公共场所卫生管理条例,公共场所卫生管理条例.txt,59,VERBATIM_EXACT,True,False,VERIFIED_PASS
doc046#c010,doc046,公共场所卫生管理条例,公共场所卫生管理条例.txt,102,VERBATIM_EXACT,True,False,VERIFIED_PASS
doc046#c011,doc046,公共场所卫生管理条例,公共场所卫生管理条例.txt,69,VERBATIM_EXACT,True,False,VERIFIED_PASS
doc046#c012,doc046,公共场所卫生管理条例,公共场所卫生管理条例.txt,51,VERBATIM_EXACT,True,False,VERIFIED_PASS
doc046#c013,doc046,公共场所卫生管理条例,公共场所卫生管理条例.txt,8,VERBATIM_EXACT,True,False,VERIFIED_PASS
doc046#c014,doc046,公共场所卫生管理条例,公共场所卫生管理条例.txt,89,VERBATIM_EXACT,True,False,VERIFIED_PASS
doc046#c015,doc046,公共场所卫生管理条例,公共场所卫生管理条例.txt,106,VERBATIM_EXACT,True,False,VERIFIED_PASS
doc046#c016,doc046,公共场所卫生管理条例,公共场所卫生管理条例.txt,86,VERBATIM_EXACT,True,False,VERIFIED_PASS
doc046#c017,doc046,公共场所卫生管理条例,公共场所卫生管理条例.txt,92,VERBATIM_EXACT,True,False,VERIFIED_PASS
doc046#c018,doc046,公共场所卫生管理条例,公共场所卫生管理条例.txt,6,VERBATIM_EXACT,True,False,VERIFIED_PASS
doc046#c019,doc046,公共场所卫生管理条例,公共场所卫生管理条例.txt,162,VERBATIM_EXACT,True,False,VERIFIED_PASS
doc046#c020,doc046,公共场所卫生管理条例,公共场所卫生管理条例.txt,93,VERBATIM_EXACT,True,False,VERIFIED_PASS
doc046#c021,doc046,公共场所卫生管理条例,公共场所卫生管理条例.txt,116,VERBATIM_EXACT,True,False,VERIFIED_PASS
doc046#c022,doc046,公共场所卫生管理条例,公共场所卫生管理条例.txt,97,VERBATIM_EXACT,True,False,VERIFIED_PASS
doc046#c023,doc046,公共场所卫生管理条例,公共场所卫生管理条例.txt,6,VERBATIM_EXACT,True,False,VERIFIED_PASS
doc046#c024,doc046,公共场所卫生管理条例,公共场所卫生管理条例.txt,28,VERBATIM_EXACT,True,False,VERIFIED_PASS
doc046#c025,doc046,公共场所卫生管理条例,公共场所卫生管理条例.txt,17,VERBATIM_EXACT,True,False,VERIFIED_PASS
doc047#c001,doc047,医疗用毒性药品管理办法,医疗用毒性药品管理办法.txt,67,VERBATIM_EXACT,True,False,VERIFIED_PASS
doc047#c002,doc047,医疗用毒性药品管理办法,医疗用毒性药品管理办法.txt,57,VERBATIM_EXACT,True,False,VERIFIED_PASS
doc047#c003,doc047,医疗用毒性药品管理办法,医疗用毒性药品管理办法.txt,93,VERBATIM_EXACT,True,False,VERIFIED_PASS
doc047#c004,doc047,医疗用毒性药品管理办法,医疗用毒性药品管理办法.txt,140,VERBATIM_EXACT,True,False,VERIFIED_PASS
doc047#c005,doc047,医疗用毒性药品管理办法,医疗用毒性药品管理办法.txt,135,VERBATIM_EXACT,True,False,VERIFIED_PASS
doc047#c006,doc047,医疗用毒性药品管理办法,医疗用毒性药品管理办法.txt,84,VERBATIM_EXACT,True,False,VERIFIED_PASS
doc047#c007,doc047,医疗用毒性药品管理办法,医疗用毒性药品管理办法.txt,130,VERBATIM_EXACT,True,False,VERIFIED_PASS
doc047#c008,doc047,医疗用毒性药品管理办法,医疗用毒性药品管理办法.txt,87,VERBATIM_EXACT,True,False,VERIFIED_PASS
doc047#c009,doc047,医疗用毒性药品管理办法,医疗用毒性药品管理办法.txt,99,VERBATIM_EXACT,True,False,VERIFIED_PASS
doc047#c010,doc047,医疗用毒性药品管理办法,医疗用毒性药品管理办法.txt,206,VERBATIM_EXACT,True,False,VERIFIED_PASS
doc047#c011,doc047,医疗用毒性药品管理办法,医疗用毒性药品管理办法.txt,133,VERBATIM_EXACT,True,False,VERIFIED_PASS
doc047#c012,doc047,医疗用毒性药品管理办法,医疗用毒性药品管理办法.txt,110,VERBATIM_EXACT,True,False,VERIFIED_PASS
doc047#c013,doc047,医疗用毒性药品管理办法,医疗用毒性药品管理办法.txt,116,VERBATIM_EXACT,True,False,VERIFIED_PASS
doc047#c014,doc047,医疗用毒性药品管理办法,医疗用毒性药品管理办法.txt,17,VERBATIM_EXACT,True,False,VERIFIED_PASS
doc047#c015,doc047,医疗用毒性药品管理办法,医疗用毒性药品管理办法.txt,140,VERBATIM_EXACT,True,False,VERIFIED_PASS
doc048#c001,doc048,关于取得助产士（师）资格人员不能认定执业医师资格的批复,批复︱江苏省卫生厅：关于取得助产士（师）资格人员不能认定执业医师资格的批复.txt,1058,VERBATIM_EXACT,True,False,VERIFIED_PASS
doc048#c002,doc048,关于取得助产士（师）资格人员不能认定执业医师资格的批复,批复︱江苏省卫生厅：关于取得助产士（师）资格人员不能认定执业医师资格的批复.txt,374,VERBATIM_EXACT,True,False,VERIFIED_PASS
doc049#c001,doc049,关于对非法采供血液和单采血浆、非法行医专项整治工作中有关法律适用问题的批复,批复︱卫生部：关于对非法采供血液和单采血浆、非法行医专项整治工作中有关法律适用问题的批复.txt,1050,VERBATIM_EXACT,True,False,VERIFIED_PASS
doc049#c002,doc049,关于对非法采供血液和单采血浆、非法行医专项整治工作中有关法律适用问题的批复,批复︱卫生部：关于对非法采供血液和单采血浆、非法行医专项整治工作中有关法律适用问题的批复.txt,196,VERBATIM_EXACT,True,False,VERIFIED_PASS
doc050#c001,doc050,关于出具诊断报告人员资质问题的五个批复,关于出具诊断报告人员资质问题的五个批复.txt,1102,VERBATIM_EXACT,True,False,VERIFIED_PASS
doc050#c002,doc050,关于出具诊断报告人员资质问题的五个批复,关于出具诊断报告人员资质问题的五个批复.txt,132,VERBATIM_EXACT,True,False,VERIFIED_PASS
doc051#c001,doc051,卫生部关于超范围执业认定的五个批复,卫生部关于超范围执业认定的五个批复.txt,1108,VERBATIM_EXACT,True,False,VERIFIED_PASS
doc051#c002,doc051,卫生部关于超范围执业认定的五个批复,卫生部关于超范围执业认定的五个批复.txt,127,VERBATIM_EXACT,True,False,VERIFIED_PASS
doc052#c001,doc052,关于打击非法行医专项行动中有关中医监督问题的批复,文件︱国家中医药局、国家卫计委：关于打击非法行医专项行动中有关中医监督问题的批复.txt,1045,VERBATIM_EXACT,True,False,VERIFIED_PASS
doc052#c002,doc052,关于打击非法行医专项行动中有关中医监督问题的批复,文件︱国家中医药局、国家卫计委：关于打击非法行医专项行动中有关中医监督问题的批复.txt,71,VERBATIM_EXACT,True,False,VERIFIED_PASS
doc053#c001,doc053,关于住院医师规范化培训期间医师执业注册有关问题的批复,批复︱卫生部：关于住院医师规范化培训期间医师执业注册有关问题的批复.txt,1047,VERBATIM_EXACT,True,False,VERIFIED_PASS
doc053#c002,doc053,关于住院医师规范化培训期间医师执业注册有关问题的批复,批复︱卫生部：关于住院医师规范化培训期间医师执业注册有关问题的批复.txt,79,VERBATIM_EXACT,True,False,VERIFIED_PASS
doc054#c001,doc054,关于中蒙医（骨科副主任医师）执业医师类别开展骨科手术事宜的批复,批复︱内蒙古：关于中蒙医（骨科副主任医师）执业医师类别开展骨科手术事宜的批复.txt,1078,VERBATIM_EXACT,True,False,VERIFIED_PASS
doc055#c001,doc055,关于对《乡村医生从业管理条例》实施中有关问题的批复,批复︱卫生部：关于对《乡村医生从业管理条例》实施中有关问题的批复.txt,1052,VERBATIM_EXACT,True,False,VERIFIED_PASS
doc056#c001,doc056,关于取得医师资格但未经执业注册的人员开展医师执业活动有关问题的批复,批复︱卫生部：关于取得医师资格但未经执业注册的人员开展医师执业活动有关问题的批复.txt,993,VERBATIM_EXACT,True,False,VERIFIED_PASS
doc057#c001,doc057,关于医疗广告审查中有关问题的批复,批复︱卫生部：关于医疗广告审查中有关问题的批复.txt,114,VERBATIM_EXACT,True,False,VERIFIED_PASS
doc057#c002,doc057,关于医疗广告审查中有关问题的批复,批复︱卫生部：关于医疗广告审查中有关问题的批复.txt,812,VERBATIM_EXACT,True,False,VERIFIED_PASS
doc058#c001,doc058,卫生部：关于医疗广告审查中有关问题的批复,卫生部：关于医疗广告审查中有关问题的批复.txt,114,VERBATIM_EXACT,True,False,VERIFIED_PASS
doc058#c002,doc058,卫生部：关于医疗广告审查中有关问题的批复,卫生部：关于医疗广告审查中有关问题的批复.txt,812,VERBATIM_EXACT,True,False,VERIFIED_PASS
doc059#c001,doc059,关于转发《河南省中医药管理局关于临床类别执业医师从事中医药服务有关问题的批复》,关于转发《河南省中医药管理局关于临床类别执业医师从事中医药服务有关问题的批复》.txt,877,VERBATIM_EXACT,True,False,VERIFIED_PASS
doc060#c001,doc060,关于对《医疗机构管理条例》执行中有关问题的批复,批复︱卫生部：关于对《医疗机构管理条例》执行中有关问题的批复.txt,895,VERBATIM_EXACT,True,False,VERIFIED_PASS
doc061#c001,doc061,关于打击非法行医专项行动中有关中医监督问题的批复,关于打击非法行医专项行动中有关中医监督问题的批复.txt,845,VERBATIM_EXACT,True,False,VERIFIED_PASS
doc062#c001,doc062,关于对农村非法行医依法监督工作中有关问题的批复,批复︱卫生部：关于对农村非法行医依法监督工作中有关问题的批复.txt,864,VERBATIM_EXACT,True,False,VERIFIED_PASS
doc063#c001,doc063,关于执业助理医师能否设置个体诊所问题的批复,批复︱卫生部：关于执业助理医师能否设置个体诊所问题的批复.txt,825,VERBATIM_EXACT,True,False,VERIFIED_PASS
doc064#c001,doc064,关于重庆市卫生计生委康复按摩活动定性有关问题的批复,批复︱国家卫生计生委：关于重庆市卫生计生委康复按摩活动定性有关问题的批复.txt,799,VERBATIM_EXACT,True,False,VERIFIED_PASS
doc065#c001,doc065,关于取得医师执业证书的医师在家中擅自诊疗病人造成死亡适用法律有关问题的批复,批复︱卫生部：关于取得医师执业证书的医师在家中擅自诊疗病人造成死亡适用法律有关问题的批复.txt,775,VERBATIM_EXACT,True,False,VERIFIED_PASS
doc066#c001,doc066,关于临床类别执业医师从事中医药服务有关问题的批复,批复︱河南省中医药局：关于临床类别执业医师从事中医药服务有关问题的批复.txt,743,VERBATIM_EXACT,True,False,VERIFIED_PASS
doc067#c001,doc067,关于医疗机构执业登记有关问题的批复,批复︱卫生部：关于医疗机构执业登记有关问题的批复.txt,721,VERBATIM_EXACT,True,False,VERIFIED_PASS
doc068#c001,doc068,关于乳腺外科手术项目相关执业登记事宜的批复,批复︱卫生部：关于乳腺外科手术项目相关执业登记事宜的批复.txt,715,VERBATIM_EXACT,True,False,VERIFIED_PASS
doc069#c001,doc069,卫生部：关于医疗机构药品使用监督管理权限的批复,卫生部：关于医疗机构药品使用监督管理权限的批复.txt,658,VERBATIM_EXACT,True,False,VERIFIED_PASS
doc070#c001,doc070,关于医疗机构命名有关问题的批复,批复︱卫生部：关于医疗机构命名有关问题的批复.txt,642,VERBATIM_EXACT,True,False,VERIFIED_PASS
doc071#c001,doc071,关于正规医学专业学历毕业生试用期间的医疗活动是否属于非法行医的批复,批复︱卫生部：关于正规医学专业学历毕业生试用期间的医疗活动是否属于非法行医的批复.txt,635,VERBATIM_EXACT,True,False,VERIFIED_PASS
doc072#c001,doc072,关于对标示具有治疗功效的产品查处问题的批复,关于对标示具有治疗功效的产品查处问题的批复.txt,601,VERBATIM_EXACT,True,False,VERIFIED_PASS
doc073#c001,doc073,关于药品经营机构中办医疗机构有关问题的批复,批复︱卫生部：关于药品经营机构中办医疗机构有关问题的批复.txt,624,VERBATIM_EXACT,True,False,VERIFIED_PASS
doc074#c001,doc074,关于《产前诊断技术管理办法》第二条适用问题的批复,批复︱卫生部：关于《产前诊断技术管理办法》第二条适用问题的批复.txt,600,VERBATIM_EXACT,True,False,VERIFIED_PASS
doc075#c001,doc075,关于中医类别医师可以从事急救工作的批复,批复︱卫生部：关于中医类别医师可以从事急救工作的批复.txt,618,VERBATIM_EXACT,True,False,VERIFIED_PASS
doc076#c001,doc076,关于非法行医有关问题的批复,批复︱卫生部：关于非法行医有关问题的批复.txt,609,VERBATIM_EXACT,True,False,VERIFIED_PASS
doc077#c001,doc077,湖北省生计生委关于对镶牙是否属于诊疗活动请示的批复,湖北省生计生委关于对镶牙是否属于诊疗活动请示的批复.txt,624,VERBATIM_EXACT,True,False,VERIFIED_PASS
doc078#c001,doc078,关于张安医疗事件有关问题的批复,批复︱卫生部：关于张安医疗事件有关问题的批复.txt,595,VERBATIM_EXACT,True,False,VERIFIED_PASS
doc079#c001,doc079,关于医技人员出具相关检查诊断报告问题的批复,批复︱卫生部：关于医技人员出具相关检查诊断报告问题的批复.txt,590,VERBATIM_EXACT,True,False,VERIFIED_PASS
doc080#c001,doc080,关于心内科医师从事超声心动图检查有关问题的批复,批复︱卫生部：关于心内科医师从事超声心动图检查有关问题的批复.txt,592,VERBATIM_EXACT,True,False,VERIFIED_PASS
doc081#c001,doc081,关于外科执业医师出具B超诊断报告有关问题的批复,批复︱卫生部：关于外科执业医师出具B超诊断报告有关问题的批复.txt,585,VERBATIM_EXACT,True,False,VERIFIED_PASS
doc082#c001,doc082,关于对穴位按摩治疗近视等有关问题的批复,批复︱卫生部：关于对穴位按摩治疗近视等有关问题的批复.txt,564,VERBATIM_EXACT,True,False,VERIFIED_PASS
doc083#c001,doc083,关于产妇分娩后胎盘处理问题的批复,批复︱卫生部：关于产妇分娩后胎盘处理问题的批复.txt,565,VERBATIM_EXACT,True,False,VERIFIED_PASS
doc084#c001,doc084,关于对使用医疗器械开展理疗活动有关定性问题的批复,批复︱卫生部：关于对使用医疗器械开展理疗活动有关定性问题的批复.txt,555,VERBATIM_EXACT,True,False,VERIFIED_PASS
doc085#c001,doc085,最高人民检察院关于对跨越修订刑法施行日期的继续犯罪、边疆犯罪以及其他同种数罪应如何具体适用刑法问题的批复,最高人民检察院关于对跨越修订刑法施行日期的继续犯罪、边疆犯罪以及其他同种数罪应如何具体适用刑法问题的批复.txt,541,VERBATIM_EXACT,True,False,VERIFIED_PASS
doc086#c001,doc086,关于采供血机构管理有关事宜的批复（国卫医函[2018]35号）,关于采供血机构管理有关事宜的批复（国卫医函[2018]35号）.txt,446,VERBATIM_EXACT,True,True,METADATA_CONTAMINATED
doc087#c001,doc087,卫生部关于对异地职业病诊断有关问题的批复（卫法监发[2003]298号）,卫生部关于对异地职业病诊断有关问题的批复（卫法监发[2003]298号）.txt,373,VERBATIM_EXACT,True,False,VERIFIED_PASS
doc088#c001,doc088,国家卫生计生委关于“撤村改居”后原乡村医生执业问题的批复,国家卫生计生委关于“撤村改居”后原乡村医生执业问题的批复.txt,378,VERBATIM_EXACT,True,False,VERIFIED_PASS
doc089#c001,doc089,卫生部关于农村接生员和乡村医生执业行为相关问题的批复(卫基妇发〔2004〕2 号）,卫生部关于农村接生员和乡村医生执业行为相关问题的批复(卫基妇发〔2004〕2 号）.txt,364,VERBATIM_EXACT,True,False,VERIFIED_PASS
doc090#c001,doc090,《卫生部关于执业助理医师能否设置个体诊所问题的批复》（卫医函〔2001〕163号）,《卫生部关于执业助理医师能否设置个体诊所问题的批复》（卫医函〔2001〕163号）.txt,353,VERBATIM_EXACT,True,False,VERIFIED_PASS
doc091#c001,doc091,卫生部关于职业病诊断与鉴定有关问题的批复（卫法监发〔2002〕173号）,卫生部关于职业病诊断与鉴定有关问题的批复（卫法监发〔2002〕173号）.txt,354,VERBATIM_EXACT,True,False,VERIFIED_PASS
doc092#c001,doc092,国家卫生计生委关于计划生育手术并发症相关问题的批复,国家卫生计生委关于计划生育手术并发症相关问题的批复.txt,365,VERBATIM_EXACT,True,False,VERIFIED_PASS
doc093#c001,doc093,卫生部关于药品经营机构申办医疗机构有关问题的批复,卫生部关于药品经营机构申办医疗机构有关问题的批复.txt,319,VERBATIM_EXACT,True,False,VERIFIED_PASS
doc094#c001,doc094,关于全科医疗科诊疗范围的批复,批复︱卫生部：关于全科医疗科诊疗范围的批复.txt,315,VERBATIM_EXACT,True,False,VERIFIED_PASS
doc095#c001,doc095,国家卫生健康委关于_医疗机构管理条例实施细则_中“诊疗活动累计收入”的批复,《国家卫生健康委关于_医疗机构管理条例实施细则_中“诊疗活动累计收入”的批复》.txt,315,VERBATIM_EXACT,True,False,VERIFIED_PASS
doc096#c001,doc096,卫生部关于对涉外婚前医学检查及有关问题请示的批复,卫生部关于对涉外婚前医学检查及有关问题请示的批复.txt,304,VERBATIM_EXACT,True,False,VERIFIED_PASS
doc097#c001,doc097,卫生部关于陀螺旋转式钴-60立体定向放射治疗系统放射诊疗许可管理有关问题的批复（卫监督函(2010)9号）,卫生部关于陀螺旋转式钴-60立体定向放射治疗系统放射诊疗许可管理有关问题的批复（卫监督函(2010)9号）.txt,319,VERBATIM_EXACT,True,False,VERIFIED_PASS
doc098#c001,doc098,国家卫生计生委关于医疗保健机构中从事计划生育技术服务的人员合格证问题的批复,国家卫生计生委关于医疗保健机构中从事计划生育技术服务的人员合格证问题的批复.txt,285,VERBATIM_EXACT,True,False,VERIFIED_PASS
doc099#c001,doc099,关于医师未经许可在家行医导致纠纷是否受理鉴定的批复,关于医师未经许可在家行医导致纠纷是否受理鉴定的批复.txt,290,VERBATIM_EXACT,True,False,VERIFIED_PASS
doc100#c001,doc100,卫生部关于未经执业注册医师私自开展家庭接生造成人员死亡有关法律适用和案件移送问题的批复,卫生部关于未经执业注册医师私自开展家庭接生造成人员死亡有关法律适用和案件移送问题的批复.txt,275,VERBATIM_EXACT,True,False,VERIFIED_PASS
